"tip","time","weekday","distance","duration_min","points","deliveries_count","fare","month","time_sin","time_cos","geo_distance","speed","geo_speed"
1,20,6,5.57,26.4,12,1,12.3,6,-0.866025403784439,-0.5,2.04573039119464,0.210984848484848,0.0774897875452513
2,0,5,2.59,23.6,2,1,5.93,3,0,1,1.30732232041586,0.109745762711864,0.0553950135769431
3.84,11,0,2.3,25.3,3,1,2.64,6,-0.5,0.866025403784438,0.671933944473548,0.0909090909090909,0.0265586539317608
6.44,1,6,1.59,12.0833333333333,1,1,2.65,3,0.5,0.866025403784439,0.479523680990732,0.131586206896552,0.0396847184268192
16.67,1.5,6,9.95,50,3,3,13.87,3,0.707106781186547,0.707106781186548,2.50528994403883,0.199,0.0501057988807765
3,7.5,1,6.47,15.6166666666667,1,1,4.08,4,-0.707106781186547,-0.707106781186548,4.22104005392697,0.414300960512273,0.270290718501193
6.05,0.5,4,4.58,13.1666666666667,1,1,3.44,8,0.258819045102521,0.965925826289068,0.698472252327142,0.347848101265823,0.0530485254932006
11.24,1,4,3.37,32.1666666666667,2,2,4.18,8,0.5,0.866025403784439,1.1595667994073,0.104766839378238,0.0360487087898641
6.99,7.5,4,2.04,13.1166666666667,1,1,3.02,8,-0.707106781186547,-0.707106781186548,1.6734292758815,0.155527318932656,0.127580376814346
15,8.5,4,5.43,23.4666666666667,1,1,4.38,8,-0.965925826289068,-0.258819045102521,0.820591487209965,0.231392045454545,0.034968387239061
2,10.5,4,5.05,19.9,3,1,5.5,8,-0.707106781186548,0.707106781186547,2.03732870039529,0.253768844221106,0.10237832665303
17.22,14.5,4,13,46.5166666666667,2,2,7.67,8,0.965925826289068,0.258819045102521,6.09275899282565,0.279469724113221,0.130980128831795
6.05,19,4,0.22,8.3,6,1,2.34,8,-0.499999999999999,-0.866025403784439,0.699220252044196,0.0265060240963855,0.0842434038607465
3.87,19.5,4,0.59,13.6,6,1,3.22,8,-0.707106781186547,-0.707106781186548,0.461015959381907,0.0433823529411765,0.0338982323074931
20.11,19.5,4,10.12,45.05,18,3,9.15,8,-0.707106781186547,-0.707106781186548,6.22688942206831,0.224639289678135,0.138221740778431
7.93,20,4,3.6,25.2333333333333,6,1,3.39,8,-0.866025403784439,-0.5,1.42745186930719,0.142668428005284,0.0565700872909058
4.36,20.5,4,1.5,20.2666666666667,6,1,3.2,8,-0.965925826289068,-0.258819045102523,0.544497702748773,0.0740131578947369,0.0268666629645776
13.65,21,4,11.94,38.9,6,1,5.59,8,-1,-4.28626379701574e-16,8.42665788489368,0.30694087403599,0.216623596012691
7.79,0,1,1.23,22.1666666666667,2,1,4.27,7,0,1,0.602804475003143,0.0554887218045113,0.027194186842247
3.88,10,1,3.25,21.0333333333333,1,1,2.55,7,-0.866025403784439,0.5,0.748543171076701,0.154516640253566,0.0355884233475452
10.79,12,1,4.26,36.5666666666667,3,1,3.5,7,-2.44929359829471e-16,1,1.00369158999181,0.116499544211486,0.0274482659067951
3,13.5,1,5.64,20.8166666666667,3,1,4.05,7,0.707106781186547,0.707106781186548,3.87849276989007,0.27093674939952,0.186316706319779
2.22,21,1,17.27,45.9833333333333,1,1,7.02,7,-1,-4.28626379701574e-16,8.96496342629671,0.375570859006887,0.194961147364191
13.93,22.5,1,13.03,34.4666666666667,2,2,7.75,7,-0.707106781186547,0.707106781186548,8.73002898381964,0.378046421663443,0.253289042083742
5.79,1.5,6,1.18,21.7,1,1,2.59,6,0.707106781186547,0.707106781186548,0.923950816169664,0.0543778801843318,0.0425783786253301
3.34,1.5,6,2.43,24.8333333333333,1,1,4.74,6,0.707106781186547,0.707106781186548,0.602804475003143,0.0978523489932886,0.0242740057048245
4.82,2,6,5.58,33.5666666666667,1,1,3.19,6,0.866025403784439,0.5,1.12648898871567,0.166236345580933,0.0335597514016585
4,3,6,1.63,28.4,1,1,3.17,6,1,6.12323399573677e-17,0.970122460681219,0.0573943661971831,0.0341592415732824
7,7.5,6,5.01,19.4833333333333,1,1,4.05,6,-0.707106781186547,-0.707106781186548,1.90476271230575,0.257142857142857,0.0977636978086782
5,8.5,6,5.2,24.7833333333333,1,1,4.06,6,-0.965925826289068,-0.258819045102521,0.829687925227226,0.209818426361802,0.0334776567004933
1,15.5,6,9.14,39.9333333333333,1,1,9.41,6,0.965925826289068,-0.25881904510252,0.415251212890551,0.228881469115192,0.0103986113411657
6.51,20.5,6,1.49,17.9833333333333,6,1,2.84,6,-0.965925826289068,-0.258819045102523,0.782101391416709,0.0828544949026877,0.0434903461399468
3.6,0.5,3,4.28,18.0333333333333,1,1,3.46,5,0.258819045102521,0.965925826289068,1.4091090007847,0.237338262476895,0.078139131281961
1,7,3,2.69,25.4166666666667,1,1,6.56,5,-0.5,-0.866025403784439,0.823727421544776,0.10583606557377,0.0324089477329092
15.42,18,3,18.79,60,12,2,13.47,5,3.67394039744206e-16,-1,9.77553496789329,0.313166666666667,0.162925582798221
6.06,0.5,0,4.49,17.6166666666667,1,1,3.99,9,0.258819045102521,0.965925826289068,2.70345458888454,0.254872280037843,0.153460052349169
5,8.5,0,19.7,55.8666666666667,2,1,17.71,9,-0.965925826289068,-0.258819045102521,7.24613915991808,0.352625298329356,0.129704161573713
4.34,10,0,2.97,12.7833333333333,1,1,3.22,9,-0.866025403784439,0.5,1.16326372610677,0.232333767926988,0.0909984661882738
3,11,0,1.39,13.0166666666667,3,1,2.16,9,-0.5,0.866025403784438,0.325951827988552,0.106786171574904,0.0250411135458554
7.71,11.5,0,3.91,30.0833333333333,6,2,4.36,9,-0.258819045102522,0.965925826289068,1.53632429498543,0.129972299168975,0.0510689516338646
5,19,0,4.36,30.3666666666667,12,2,7.02,9,-0.499999999999999,-0.866025403784439,1.77564002322021,0.14357848518112,0.0584733267800288
4.99,20,0,1.97,12.6166666666667,6,1,3.06,9,-0.866025403784439,-0.5,0.0143694658625208,0.156142668428005,0.00113892728104524
10.73,20,0,2.57,21.85,12,2,6.3,9,-0.866025403784439,-0.5,5.83611575724375,0.117620137299771,0.267099119324657
3.86,20.5,0,4.36,14.6333333333333,6,1,3.17,9,-0.965925826289068,-0.258819045102523,3.22130701681789,0.297949886104784,0.220134875864548
3,7.5,3,1.85,13.3666666666667,1,1,2.41,4,-0.707106781186547,-0.707106781186548,1.06512495932233,0.138403990024938,0.079685159051546
4,11,3,1.9,27.3,6,2,4.46,4,-0.5,0.866025403784438,0.0716133010103299,0.0695970695970696,0.00262319783920622
7.89,13,3,13.06,37.5,6,2,7.6,4,0.5,0.866025403784439,7.90406919094297,0.348266666666667,0.210775178425146
13.51,19,3,7.07,26.35,12,2,6.56,4,-0.499999999999999,-0.866025403784439,4.24579950296906,0.26831119544592,0.161130910928617
8.76,20,3,1.65,16.6166666666667,6,1,3.03,4,-0.866025403784439,-0.5,0.944262730419275,0.0992978936810431,0.056826242552815
4.12,21,3,4.52,24.3333333333333,1,1,3.96,4,-1,-4.28626379701574e-16,2.07295245184437,0.185753424657534,0.0851898267881246
11.85,22,3,5.5,42.1166666666667,2,2,7.25,4,-0.866025403784439,0.499999999999999,5.14634626845948,0.130589631974674,0.122192630038611
3,6.5,6,8.66,26.1166666666667,1,1,3.21,8,-0.258819045102521,-0.965925826289068,1.7590936917814,0.331589023611997,0.0673552147459376
2,9,6,13.73,41.3666666666667,1,1,10.06,8,-1,-1.83697019872103e-16,0.5722231995438,0.33190975020145,0.0138329540582707
9.99,12,6,5.83,22.5,3,2,4.23,8,-2.44929359829471e-16,1,3.03164985967292,0.259111111111111,0.134739993763241
37.73,18.5,6,3.21,39.4833333333333,18,3,5.77,8,-0.25881904510252,-0.965925826289068,2.25546490600373,0.0813001266357113,0.0571244805235221
22.2,19.5,6,9.86,42.2166666666667,12,3,11.06,8,-0.707106781186547,-0.707106781186548,4.24642191003089,0.233557046979866,0.100586385551462
5,20.5,6,4.94,21.9333333333333,6,1,7.02,8,-0.965925826289068,-0.258819045102523,2.57699350086831,0.225227963525836,0.117492104902811
4,0,3,1.72,20.7166666666667,1,1,2.55,7,0,1,1.10600935374804,0.0830249396621078,0.0533874185236381
2,12,3,3.07,15.6833333333333,3,1,6.01,7,-2.44929359829471e-16,1,1.96364857019322,0.195749202975558,0.125206072488409
9.81,19.5,3,1.07,12.1833333333333,6,1,2.49,7,-0.707106781186547,-0.707106781186548,0.605063811135295,0.0878248974008208,0.0496632403120625
11.17,19.5,3,1.71,11.25,6,1,3.17,7,-0.707106781186547,-0.707106781186548,0.673815422737401,0.152,0.0598947042433245
4,20,3,2.19,22.55,6,1,3.01,7,-0.866025403784439,-0.5,1.42982346262874,0.0971175166297117,0.0634068054380817
7.85,21.5,3,8.69,42.8,3,2,13.25,7,-0.965925826289068,0.25881904510252,1.39792986252301,0.20303738317757,0.0326619126757713
4.51,22,3,2.47,11.1666666666667,1,1,2.51,7,-0.866025403784439,0.499999999999999,0.789823301498068,0.221194029850746,0.0707304449102747
4.69,8.5,1,4.69,14.8166666666667,1,1,5.45,6,-0.965925826289068,-0.258819045102521,1.52094029129733,0.316535433070866,0.102650638332778
3.14,9,1,1.71,12.5,1,1,2.53,6,-1,-1.83697019872103e-16,0.748543171076701,0.1368,0.059883453686136
1.5,11,1,4.23,25.2166666666667,3,1,5.57,6,-0.5,0.866025403784438,2.04573039119464,0.167746199603437,0.0811261225853788
1,11.5,1,4.05,28.15,3,1,5.01,6,-0.258819045102522,0.965925826289068,2.45588658933471,0.143872113676732,0.0872428628538084
5.59,18.5,1,2.91,24.35,6,1,3.49,6,-0.25881904510252,-0.965925826289068,1.55030813290661,0.119507186858316,0.0636676851296348
3,22.5,1,1.06,9.86666666666667,1,1,3.04,6,-0.707106781186547,0.707106781186548,0.264155355320514,0.107432432432432,0.0267725022284305
6.29,22.5,1,1.92,21.6833333333333,1,1,2.76,6,-0.707106781186547,0.707106781186548,1.23414467269186,0.0885472713297463,0.056916741246358
5.84,23,1,1.97,12.95,1,1,3.55,6,-0.500000000000001,0.866025403784438,1.02658703450373,0.152123552123552,0.0792731300775077
2.3,1,0,2.28,8.3,1,1,5.75,3,0.5,0.866025403784439,0.268196641757741,0.274698795180723,0.0323128484045472
5.82,2,0,6.23,26.0166666666667,1,1,8.23,3,0.866025403784439,0.5,0.595363915882828,0.239461883408072,0.0228839429551375
3.89,21.5,0,5.07,21.3166666666667,1,1,3.16,3,-0.965925826289068,0.25881904510252,2.80526388697754,0.237842064112588,0.131599556855866
8.01,8,5,3.42,14.1166666666667,1,1,4.07,5,-0.866025403784438,-0.5,1.24527749819616,0.242266824085006,0.088213282044592
7.08,8.5,5,6.58,41.3166666666667,2,2,6.29,5,-0.965925826289068,-0.258819045102521,4.13618203183561,0.159257765227914,0.100109286772947
6.81,19.5,5,1.31,25.9,6,1,2.27,5,-0.707106781186547,-0.707106781186548,0.671933944473548,0.0505791505791506,0.0259433955395192
4,20,5,0.42,18.0166666666667,6,1,2.04,5,-0.866025403784439,-0.5,0.886759569677459,0.0233117483811286,0.0492188475306638
10.05,20.5,5,5.42,25.6166666666667,12,2,16.65,5,-0.965925826289068,-0.258819045102523,2.07145386332922,0.211581001951854,0.0808635210148035
4.53,12,2,2.58,18.85,0,1,3.06,9,-2.44929359829471e-16,1,1.81879990341626,0.136870026525199,0.0964880585366718
5,18,2,12.11,30.45,6,1,9.09,9,3.67394039744206e-16,-1,6.05374896072724,0.397701149425287,0.198809489679055
4,19,2,4.44,20.3333333333333,6,1,3.09,9,-0.499999999999999,-0.866025403784439,3.91917042915529,0.218360655737705,0.192746086679768
12.34,20.5,2,2.98,33.8333333333333,6,1,5.01,9,-0.965925826289068,-0.258819045102523,0.92577704930546,0.0880788177339901,0.0273628684523781
3,21,2,13.24,36.0833333333333,0,1,5.07,9,-1,-4.28626379701574e-16,10.8444226739879,0.366928406466513,0.300538272720218
2,23,2,2.52,13.2,1,1,6.09,9,-0.500000000000001,0.866025403784438,0.734316416656938,0.190909090909091,0.0556300315649195
9.25,0,2,3.83,25.1666666666667,2,1,4.78,9,0,1,1.77443765401475,0.152185430463576,0.0705074564509172
4,10.5,4,2.09,24.2,2,2,4.52,4,-0.707106781186548,0.707106781186547,8.7150895597022,0.0863636363636364,0.360127667756289
2,14.5,4,1.29,12.7,1,1,3.08,4,0.965925826289068,0.258819045102521,0.549326257476315,0.101574803149606,0.0432540360217571
14,18.5,4,19.81,47.5333333333333,12,2,10.05,4,-0.25881904510252,-0.965925826289068,2.90316786540239,0.416760168302945,0.061076462806502
10.14,19,4,4.31,11.9833333333333,6,1,3.05,4,-0.499999999999999,-0.866025403784439,5.62322719522467,0.359666203059805,0.469254007946426
7.11,19.5,4,1.41,7.73333333333333,6,1,2.37,4,-0.707106781186547,-0.707106781186548,0.55714098997919,0.182327586206897,0.0720440935317918
3.32,20,4,2.24,12.7333333333333,6,1,3.28,4,-0.866025403784439,-0.5,1.56230540626326,0.175916230366492,0.122694141853135
8.4,21.5,4,4.2,21.0333333333333,1,1,3.02,4,-0.965925826289068,0.25881904510252,1.59052589330629,0.199683042789223,0.075619297621535
4,7.5,0,1.51,8.13333333333333,1,1,3.04,8,-0.707106781186547,-0.707106781186548,1.35684896544684,0.185655737704918,0.166825692472972
9,8,0,2.58,21.0666666666667,2,1,5.22,8,-0.866025403784438,-0.5,0.704208424569365,0.12246835443038,0.033427615090318
9.99,9.5,0,2.26,15.2166666666667,1,1,3.05,8,-0.965925826289068,0.25881904510252,1.15728088656875,0.148521358159912,0.0760535084273003
7.1,17,0,1.13,11.5333333333333,6,1,2.39,8,0.5,-0.866025403784439,0.692344821089501,0.0979768786127168,0.0600298977823267
5,20.5,0,2.07,25.6,6,1,3.48,8,-0.965925826289068,-0.258819045102523,1.399037818258,0.080859375,0.0546499147757032
7.72,21,0,4.37,20.65,6,1,3.54,8,-1,-4.28626379701574e-16,3.07767778844289,0.211622276029056,0.149040086607404
7,20.5,4,1.63,14.15,6,1,3.03,7,-0.965925826289068,-0.258819045102523,2.3611450062821,0.115194346289753,0.166865371468699
15.23,21,4,12.38,39.5166666666667,12,2,17.15,7,-1,-4.28626379701574e-16,2.54196995052842,0.313285533530156,0.0643265276388464
10.86,22,4,3.97,22.3,1,1,4.02,7,-0.866025403784439,0.499999999999999,2.83563907310589,0.178026905829596,0.127158702829861
11.05,23.5,4,2.06,9.93333333333333,1,1,3.49,7,-0.258819045102521,0.965925826289068,2.41257101472879,0.20738255033557,0.24287627665055
1.5,8,2,1.53,13.6833333333333,1,1,2.54,6,-0.866025403784438,-0.5,7.97531649220902,0.111814859926918,0.582848951927578
3,8.5,2,7.47,30.9,1,1,13.42,6,-0.965925826289068,-0.258819045102521,2.64263720771329,0.241747572815534,0.0855222397318217
6.04,9.5,2,19.06,51.3166666666667,1,1,10.03,6,-0.965925826289068,0.25881904510252,7.73875055957265,0.371419291977915,0.150803843317427
6.97,11.5,2,7.88,49.0833333333333,6,2,6.75,6,-0.258819045102522,0.965925826289068,2.62368079617278,0.160543293718166,0.0534535985637918
5.05,12.5,2,21.49,6,9,3,20.05,6,0.258819045102521,0.965925826289068,2.74292934205813,3.58166666666667,0.457154890343021
4,17.5,2,13.04,45.8666666666667,6,1,8.01,6,0.258819045102521,-0.965925826289068,4.50100654106176,0.284302325581395,0.0981324100522186
0.34,18,2,4.8,28.2833333333333,6,1,10.75,6,3.67394039744206e-16,-1,7.78926004948072,0.169711255156158,0.27540106244481
4.24,18,2,1.35,15.9166666666667,6,1,2.8,6,3.67394039744206e-16,-1,2.68710329542449,0.0848167539267016,0.168823243691591
17.94,18.5,2,10.33,35.6,12,3,6.38,6,-0.25881904510252,-0.965925826289068,5.67331497464346,0.290168539325843,0.159362780186614
9.63,19.5,2,2.52,15.6666666666667,6,1,3.08,6,-0.707106781186547,-0.707106781186548,4.49874014475989,0.160851063829787,0.28715362626127
1,19.5,2,1.93,22.9,6,1,3.42,6,-0.707106781186547,-0.707106781186548,0.107210695311537,0.0842794759825328,0.0046816897515955
6.78,1,1,4.11,21.3166666666667,1,1,3.24,3,0.5,0.866025403784439,0.484698908654613,0.192806880375293,0.0227380254255487
4.84,9,1,5.22,32.1166666666667,1,1,3.49,3,-1,-1.83697019872103e-16,1.15511446736441,0.162532433834977,0.03596620033309
3,12.5,1,1.63,12.5,3,1,3.06,3,0.258819045102521,0.965925826289068,0.577172680837291,0.1304,0.0461738144669833
10.14,7.5,6,9.2,34.3833333333333,1,1,4.03,5,-0.707106781186547,-0.707106781186548,1.0374524824675,0.267571497818711,0.0301731211575619
4,18.5,6,2.96,14.2833333333333,6,1,3.09,5,-0.25881904510252,-0.965925826289068,0.840848016760168,0.207234539089848,0.0588691727019954
7.01,7,3,9.76,31.6333333333333,0,1,12.07,9,-0.5,-0.866025403784439,5.5031054921435,0.308535300316122,0.173965400173135
4.11,8,3,5.42,17.5833333333333,0,1,7.9,9,-0.866025403784438,-0.5,0.423169432154998,0.30824644549763,0.0240665079898577
7,11.5,3,6,31.9166666666667,0,1,3.57,9,-0.258819045102522,0.965925826289068,3.33119215424486,0.18798955613577,0.104371555746575
7.63,12.5,3,0.92,6.3,0,1,2.47,9,0.258819045102521,0.965925826289068,0.298433880037976,0.146031746031746,0.0473704571488851
16.77,19,3,12.19,58,0,3,15.53,9,-0.499999999999999,-0.866025403784439,5.33591873555877,0.210172413793103,0.0919985988889443
5.11,20,3,4.45,32.0833333333333,12,1,4.96,9,-0.866025403784439,-0.5,1.55826393143472,0.138701298701299,0.0485692653953678
2,20.5,3,9.64,37.5833333333333,0,1,15.5,9,-0.965925826289068,-0.258819045102523,4.16456580383583,0.25649667405765,0.110808846221796
5,21,3,4.6,25.9333333333333,2,2,9.66,9,-1,-4.28626379701574e-16,1.54124310746272,0.177377892030848,0.0594309681540895
14.89,22.5,3,4.42,23.4666666666667,2,2,8.4,9,-0.707106781186547,0.707106781186548,1.658699587818,0.188352272727273,0.0706832210717897
1.15,11,5,11.03,29.7333333333333,3,1,8.89,4,-0.5,0.866025403784438,6.26946821564154,0.370964125560538,0.21085655433772
5,16,5,5.59,28.25,1,1,7.03,4,0.866025403784439,-0.499999999999999,3.39796405419393,0.19787610619469,0.120281913422794
2,16.5,5,3.44,17.7166666666667,6,1,4.43,4,0.707106781186547,-0.707106781186548,3.37181314996486,0.194167450611477,0.190318710252015
14.11,17,5,7.88,31.05,6,1,13.91,4,0.5,-0.866025403784439,5.30472879503079,0.25378421900161,0.170844727698254
4.09,18,5,4.22,22.5666666666667,6,1,4.92,4,3.67394039744206e-16,-1,3.10331522920806,0.187001477104874,0.13751766156018
6,18.5,5,0.87,16.4333333333333,6,1,4.62,4,-0.25881904510252,-0.965925826289068,0.307550757852578,0.0529411764705882,0.0187150562587776
6.21,20,5,5.62,26.1166666666667,6,1,3.47,4,-0.866025403784439,-0.5,1.16709191567234,0.215188257817486,0.0446876291897513
3,19.5,1,6.58,32.0333333333333,12,2,9.94,8,-0.707106781186547,-0.707106781186548,2.71401591033334,0.205411030176899,0.0847247422580649
7.06,1,5,3.82,23.3166666666667,1,1,3.18,7,0.5,0.866025403784439,1.32004358688807,0.163831308077198,0.0566137349630339
7,12,5,10.92,28.9833333333333,6,2,6.7,7,-2.44929359829471e-16,1,7.39027300124019,0.376768257619321,0.25498354230846
5.01,12.5,5,1.39,10.4833333333333,3,1,3.04,7,0.258819045102521,0.965925826289068,0.247931957214737,0.132591414944356,0.0236501072064932
5.5,18.5,5,14.67,42.4333333333333,12,2,6.02,7,-0.25881904510252,-0.965925826289068,2.51351962060101,0.345718774548311,0.059234555080935
5.88,1.5,3,4.85,25.2833333333333,1,1,4.15,6,0.707106781186547,0.707106781186548,2.72426329674465,0.191825972313777,0.107749372316861
5,2.5,3,3.32,40.2166666666667,1,1,3.02,6,0.965925826289068,0.258819045102521,1.38023971637632,0.0825528387898881,0.0343200924088599
4,8.5,3,7.76,28.5833333333333,1,1,8.48,6,-0.965925826289068,-0.258819045102521,2.74323739342903,0.271486880466472,0.0959733198867299
4.3,10,3,12.54,11,3,1,5.73,6,-0.866025403784439,0.5,3.03697221158446,1.14,0.276088382871314
10.28,12,3,4.97,40.6,9,2,9.47,6,-2.44929359829471e-16,1,7.97531649220902,0.122413793103448,0.196436366803178
7.97,19,3,4.16,22.2,6,1,4.1,6,-0.499999999999999,-0.866025403784439,2.56257951419867,0.187387387387387,0.115431509648589
11.66,20,3,8.19,28.4833333333333,12,1,5.58,6,-0.866025403784439,-0.5,3.90674061411844,0.287536571094207,0.137158827880109
10,20,3,3.92,22.1833333333333,6,1,3.18,6,-0.866025403784439,-0.5,1.06089672885453,0.176709241172051,0.0478240448769884
5,22,3,7.16,28.0833333333333,1,1,3.32,6,-0.866025403784439,0.499999999999999,2.8139636313562,0.254955489614243,0.100200485389538
1,0.5,2,8.45,41.3666666666667,2,2,14.18,3,0.258819045102521,0.965925826289068,1.73144331212172,0.204270749395649,0.0418560027104364
7,1,2,5.45,21.7833333333333,2,2,8.07,3,0.5,0.866025403784439,0,0.250191277735272,0
3,2,2,8.73,20.8833333333333,1,1,8.6,3,0.866025403784439,0.5,4.9343725560543,0.418036711891461,0.2362828039611
8.76,9,2,2.99,10.2333333333333,1,1,2,3,-1,-1.83697019872103e-16,0.372605358964229,0.292182410423453,0.0364109471300549
5.45,11.5,2,3.71,24.9833333333333,3,1,3.24,3,-0.258819045102522,0.965925826289068,1.63677642763793,0.148498999332889,0.0655147335945803
5.2,12.5,2,5.83,28.55,6,2,6.93,3,0.258819045102521,0.965925826289068,0.392233880143422,0.204203152364273,0.013738489672274
24.93,19.5,0,17.58,46.0333333333333,12,2,7.77,5,-0.707106781186547,-0.707106781186548,9.45031945235069,0.38189717595945,0.205292964207473
4.25,21,0,1.32,15.1833333333333,1,1,2.75,5,-1,-4.28626379701574e-16,1.40292285378088,0.0869374313940725,0.0923988707210238
7.43,22,0,8.8,43.6833333333333,2,2,32.51,5,-0.866025403784439,0.499999999999999,1.69309054402333,0.201449828309805,0.0387582726598245
2,7.5,4,2.19,23.6,0,1,3.03,9,-0.707106781186547,-0.707106781186548,0.874112701697776,0.0927966101694915,0.0370386738007532
7,9,6,3.23,22.35,1,1,4.07,4,-1,-1.83697019872103e-16,3.60772568107361,0.144519015659955,0.16141949356034
10.23,10,6,7.23,40.75,2,2,6.88,4,-0.866025403784439,0.5,1.20337503190168,0.177423312883436,0.029530675629489
8.19,11.5,6,16.44,15,6,2,6.87,4,-0.258819045102522,0.965925826289068,7.20046150758534,1.096,0.480030767172356
6.34,18.5,6,12.52,49.6333333333333,12,2,20.26,4,-0.25881904510252,-0.965925826289068,7.34201064464852,0.252249832102082,0.147924996198425
5.69,19.5,6,5.03,24.5,6,1,6.36,4,-0.707106781186547,-0.707106781186548,3.71656507552566,0.20530612244898,0.151696533694925
3,20,6,1.26,15.8166666666667,6,1,3.04,4,-0.866025403784439,-0.5,0.659648775862569,0.0796628029504742,0.0417059289270328
8.68,7.5,2,2.68,27.1,1,1,3.63,8,-0.707106781186547,-0.707106781186548,1.16047760823662,0.0988929889298893,0.0428220519644508
5,9,2,5.87,16.95,1,1,3.57,8,-1,-1.83697019872103e-16,5.43510336067612,0.346312684365782,0.320655065526615
5.11,9.5,2,7.43,50.6666666666667,2,1,11.18,8,-0.965925826289068,0.25881904510252,8.76502077766014,0.146644736842105,0.172993831138029
3,10.5,2,5.07,28.4333333333333,4,2,11.08,8,-0.707106781186548,0.707106781186547,5.8302177073835,0.17831184056272,0.205048688419115
10.44,19.5,2,8.37,37.2,12,2,5.14,8,-0.707106781186547,-0.707106781186548,3.27564063828194,0.225,0.0880548558677942
8.14,0.5,6,3.38,20.5333333333333,1,1,3.12,7,0.258819045102521,0.965925826289068,1.44189569214776,0.16461038961039,0.0702221927994037
10.73,1.5,6,4.35,31.7833333333333,2,1,8.43,7,0.707106781186547,0.707106781186548,2.71179751912727,0.136864184583115,0.0853213692436476
9.52,2.5,6,2.21,26.2,1,1,3.02,7,0.965925826289068,0.258819045102521,2.75776428524039,0.0843511450381679,0.105258178825969
2,3.5,6,11.39,28.4166666666667,1,1,17.56,7,0.965925826289068,-0.258819045102521,4.43675202657948,0.400821114369501,0.156132036125964
4.04,3.5,6,11.45,28.7666666666667,1,1,10.57,7,0.965925826289068,-0.258819045102521,2.70345458888454,0.398030127462341,0.0939787226726953
5.22,18.5,6,2.08,21.8833333333333,6,1,2.37,7,-0.25881904510252,-0.965925826289068,0.115006100943937,0.0950495049504951,0.00525541969279226
2,19,6,3.15,26.6666666666667,6,1,4.06,7,-0.499999999999999,-0.866025403784439,1.48566460660593,0.118125,0.0557124227477224
11.32,21,6,4.09,25.7833333333333,8,1,9.75,7,-1,-4.28626379701574e-16,5.28734020433535,0.158629605688429,0.205068139793226
5.01,1,4,0.7,19.65,1,1,2,6,0.5,0.866025403784439,0.789823301498068,0.0356234096692112,0.0401945700507923
6,10.5,4,16.52,54.7166666666667,6,2,9.4,6,-0.707106781186548,0.707106781186547,5.43270311935293,0.301918976545842,0.0992879034910678
5.23,11.5,4,6.33,29.9833333333333,3,1,4.32,6,-0.258819045102522,0.965925826289068,2.39040510849526,0.211117287381879,0.0797244616507591
5.07,15.5,4,1.57,22.9333333333333,1,1,3.27,6,0.965925826289068,-0.25881904510252,0.720549044804142,0.0684593023255814,0.0314192897443666
9.82,16,4,5.5,44.6333333333333,2,2,8.48,6,0.866025403784439,-0.499999999999999,2.25996592220487,0.123226288274832,0.0506340385856206
14.6,18,4,4.96,43.3333333333333,12,3,6.02,6,3.67394039744206e-16,-1,2.75743189867168,0.114461538461538,0.0636330438155002
5,18.5,4,3.82,20.8166666666667,6,1,3.41,6,-0.25881904510252,-0.965925826289068,2.1911496850313,0.183506805444356,0.105259392395419
12.49,19,4,2.77,24.7333333333333,6,2,2.7,6,-0.499999999999999,-0.866025403784439,1.20907114855103,0.11199460916442,0.0488842782433032
6,19.5,4,5.83,28.3166666666667,6,1,3.31,6,-0.707106781186547,-0.707106781186548,2.59853152019897,0.205885815185403,0.0917668576880155
5,9.5,3,14.38,47.2166666666667,1,1,6.24,3,-0.965925826289068,0.25881904510252,9.09611324577731,0.304553476879633,0.192646238879858
14.65,8,1,1.84,28.0333333333333,1,1,3.15,5,-0.866025403784438,-0.5,1.03993828639927,0.0656361474435196,0.0370964905968824
28.72,11.5,1,3.05,24.3666666666667,3,2,3.87,5,-0.258819045102522,0.965925826289068,1.79068840997673,0.125170998632011,0.0734892644313295
4.48,18,1,3.6,13.3333333333333,6,1,3.57,5,3.67394039744206e-16,-1,2.35837005429459,0.27,0.176877754072094
8.51,8,5,10.58,37.0833333333333,0,2,6.83,9,-0.866025403784438,-0.5,5.4047330979419,0.285303370786517,0.145745611629894
13.37,9,5,7.09,45.0666666666667,0,3,9.63,9,-1,-1.83697019872103e-16,2.98844341963642,0.157322485207101,0.0663116143410448
24.17,17,5,10.1,43,12,3,8.14,9,0.5,-0.866025403784439,2.3494010364558,0.234883720930233,0.0546372334059488
5.93,18,5,7.97,23.05,6,1,8.77,9,3.67394039744206e-16,-1,6.84592912732983,0.345770065075922,0.297003432855958
3,18.5,5,1.52,10.15,6,1,3.03,9,-0.25881904510252,-0.965925826289068,0.71654056046447,0.149753694581281,0.0705951291098
10.93,19,5,4.55,26.4833333333333,12,2,5.22,9,-0.499999999999999,-0.866025403784439,2.83027851057279,0.171806167400881,0.106870176610678
17.71,19.5,5,15.71,58.1333333333333,18,3,13.44,9,-0.707106781186547,-0.707106781186548,8.0914678768819,0.270240825688073,0.139188094212418
3.7,21,5,1.4,12.1,6,1,2.85,9,-1,-4.28626379701574e-16,0.264579267226434,0.115702479338843,0.0218660551426805
14.18,23,5,6.57,41.7666666666667,2,2,7.84,9,-0.500000000000001,0.866025403784438,2.7508360686612,0.157302474062251,0.0658619968554157
4.96,0,5,4.31,14.5166666666667,1,1,3.13,9,0,1,1.15602875913156,0.296900114810563,0.0796345873110148
2,8,0,1.8,13.3166666666667,1,1,3.03,4,-0.866025403784438,-0.5,0.613150964289989,0.135168961201502,0.0460438771682094
3.99,18,0,3.43,14.0833333333333,6,1,3.04,4,3.67394039744206e-16,-1,1.9011824384539,0.243550295857988,0.134995202730454
10.18,18.5,0,2.49,19.65,6,1,3.48,4,-0.25881904510252,-0.965925826289068,4.9743210485699,0.126717557251908,0.25314610934198
2,8.5,3,2.44,20.4,1,1,3.08,8,-0.965925826289068,-0.258819045102521,0.816752535829469,0.119607843137255,0.0400368890112485
4.13,9.5,3,12.22,45.4666666666667,1,1,9.31,8,-0.965925826289068,0.25881904510252,3.31893038152901,0.268768328445748,0.0729970025262979
3,8.5,0,4.22,22.0166666666667,1,1,7.04,7,-0.965925826289068,-0.258819045102521,5.22841576241602,0.191672975018925,0.237475356355005
10.63,19.5,0,13.74,48.1166666666667,12,1,13.41,7,-0.707106781186547,-0.707106781186548,10.7188622878887,0.285555940422584,0.222768180558823
3.57,8,5,1.39,17.5833333333333,1,1,2.58,6,-0.866025403784438,-0.5,1.7198256568196,0.0790521327014218,0.0978099899613045
6.16,9,5,5.53,27.1166666666667,1,1,4.24,6,-1,-1.83697019872103e-16,2.4097683543831,0.203933620159803,0.0888666879305384
11.15,18,5,5.23,45.5333333333333,6,1,4.42,6,3.67394039744206e-16,-1,2.38517716124776,0.114860907759883,0.0523831001738161
10,19.5,5,11.05,39.65,12,3,11.62,6,-0.707106781186547,-0.707106781186548,8.50637946222377,0.278688524590164,0.214536682527712
5.42,20.5,5,2.07,15.3,6,1,3.25,6,-0.965925826289068,-0.258819045102523,1.21010428548613,0.135294117647059,0.0790917833651063
7,21.5,5,6.9,28.85,1,1,4.02,6,-0.965925826289068,0.25881904510252,4.04525772551051,0.239168110918544,0.140216905563623
3,0.5,4,1.47,19.3166666666667,1,1,2.45,3,0.258819045102521,0.965925826289068,0.110047022836006,0.076100086281277,0.00569699859375353
2,0.5,4,1.93,8.78333333333333,1,1,13.01,3,0.258819045102521,0.965925826289068,1.51993450465543,0.219734345351044,0.173047571687525
2,2,4,1.69,7.11666666666667,1,1,3.01,3,0.866025403784439,0.5,1.47680372683622,0.237470725995316,0.207513404239282
15.65,2,4,3.78,50.1333333333333,2,2,5.87,3,0.866025403784439,0.5,2.70315773275791,0.0753989361702128,0.0539193696693731
15,9,4,5.83,25.7166666666667,1,1,4.43,3,-1,-1.83697019872103e-16,1.60871619880581,0.226701231367466,0.0625553933430644
3,9.5,4,4.24,15.55,1,1,3.69,3,-0.965925826289068,0.25881904510252,0.89615597728338,0.272668810289389,0.0576306094716
4,0,4,3.27,18.0666666666667,2,1,7.66,3,0,1,1.30691684919581,0.1809963099631,0.0723385709886979
3,12,2,1.96,14.9333333333333,3,1,4.63,5,-2.44929359829471e-16,1,0.905470640145275,0.13125,0.0606341946525854
6.12,18,2,8.28,37.2,6,1,4.01,5,3.67394039744206e-16,-1,2.73793070325598,0.22258064516129,0.0736002877219349
4.9,19,2,0.92,7.51666666666667,6,1,3.17,5,-0.499999999999999,-0.866025403784439,0.707579131834168,0.122394678492239,0.0941346960311532
18.22,20.5,2,3.55,22.7833333333333,12,2,8.68,5,-0.965925826289068,-0.258819045102523,1.23825694249101,0.155815654718361,0.0543492440010687
2,13,1,5.04,21.7,3,1,6.04,4,0.5,0.866025403784439,2.5448003993957,0.232258064516129,0.117271907806253
7.55,18.5,1,2.3,17.7,6,1,3.15,4,-0.25881904510252,-0.965925826289068,0.763390801574221,0.129943502824859,0.0431294238177526
14.85,20,1,19.41,49.5666666666667,12,2,8.75,4,-0.866025403784439,-0.5,9.45337983137418,0.391593813046402,0.190720507694166
4.94,12.5,4,2.51,19.6,3,1,3.13,8,0.258819045102521,0.965925826289068,1.10028636868245,0.128061224489796,0.0561370596266554
5,14.5,4,1.22,14.1833333333333,1,1,3.05,8,0.965925826289068,0.258819045102521,0.656259496083074,0.0860164512338425,0.0462697647062097
15.84,19,4,1.5,14.2,6,1,2.61,8,-0.499999999999999,-0.866025403784439,0.585686598059067,0.105633802816901,0.0412455350745822
4.84,19.5,4,3.34,23.3833333333333,12,3,5.68,8,-0.707106781186547,-0.707106781186548,1.4517309167317,0.142836778332145,0.0620840021410564
4.59,20,4,3.81,11.2666666666667,6,1,3.24,8,-0.866025403784439,-0.5,2.35371056647427,0.338165680473373,0.208909221876415
7,20.5,4,4.83,27,12,2,6.06,8,-0.965925826289068,-0.258819045102523,3.28419505821977,0.178888888888889,0.12163685400814
2.5,22.5,4,12.6,24.8,1,1,9.59,8,-0.707106781186547,0.707106781186548,9.35636388958369,0.508064516129032,0.377272737483213
3,0.5,1,1.66,14.0666666666667,1,1,3.19,7,0.258819045102521,0.965925826289068,1.0476648336701,0.118009478672986,0.0744785426779693
8,1,1,10.25,27.0166666666667,2,1,12.05,7,0.5,0.866025403784439,2.94500270712731,0.379395434916718,0.10900688613673
15.03,18,1,3.48,26.1333333333333,6,1,4.3,7,3.67394039744206e-16,-1,2.37202826146615,0.133163265306122,0.0907663875561029
33.74,19,1,5.45,35.25,12,1,6.44,7,-0.499999999999999,-0.866025403784439,0.994522276559385,0.154609929078014,0.0282133979165783
2,1.5,6,12.88,37.8,1,1,18.08,6,0.707106781186547,0.707106781186548,0.797896915197707,0.340740740740741,0.0211083839999394
5.48,10,6,5.62,20,1,1,4.58,6,-0.866025403784439,0.5,1.84457334709218,0.281,0.0922286673546092
5.88,10.5,6,12.73,30.1166666666667,1,1,6.13,6,-0.707106781186548,0.707106781186547,8.7146353362954,0.422689540675152,0.289362545754136
12.8,11.5,6,3.81,29.7,6,2,6.24,6,-0.258819045102522,0.965925826289068,1.95508890802365,0.128282828282828,0.0658279093610658
4.13,12,6,0.71,8.23333333333333,3,1,2.17,6,-2.44929359829471e-16,1,0.866046497246927,0.0862348178137652,0.105187833673716
11.21,18,6,9.48,34.65,6,2,3.01,6,3.67394039744206e-16,-1,1.83528051746606,0.273593073593074,0.0529662487003193
6.25,20.5,6,2.35,7.91666666666667,6,2,2.81,6,-0.965925826289068,-0.258819045102523,1.00895039061499,0.296842105263158,0.127446365130314
5.09,21,6,8.53,26.8833333333333,6,1,4.41,6,-1,-4.28626379701574e-16,5.70043991557362,0.317296962182269,0.212043642240804
3,0.5,5,3.52,20.6666666666667,1,1,4.52,3,0.258819045102521,0.965925826289068,1.80814837630299,0.170322580645161,0.0874910504662735
13,0.5,5,5.46,27.5666666666667,2,2,8.91,3,0.258819045102521,0.965925826289068,2.08170576140251,0.198065296251512,0.0755153238719168
2,1,5,3.19,17.0333333333333,1,1,4.29,3,0.5,0.866025403784439,1.26441523620745,0.187279843444227,0.0742318142587547
3,1,5,1.87,21.5666666666667,1,1,5.6,3,0.5,0.866025403784439,1.34070746879598,0.0867078825347759,0.062165724982812
6,1.5,5,7.36,25.85,1,1,5.45,3,0.707106781186547,0.707106781186548,3.54032926948187,0.284719535783366,0.136956644854231
3,2,5,2.81,21.6,1,1,3.47,3,0.866025403784439,0.5,4.28162839766912,0.130092592592593,0.198223536929126
7.98,9,5,2.8,24.5,2,2,4.54,3,-1,-1.83697019872103e-16,1.09828402692557,0.114285714285714,0.0448279194663498
1,9.5,5,4.64,22.1166666666667,1,1,3.15,3,-0.965925826289068,0.25881904510252,1.03537253487983,0.209796533534288,0.0468141311927579
6.8,18,5,10.8,27.95,6,1,5.29,3,3.67394039744206e-16,-1,7.65213907371412,0.386404293381038,0.273779573299253
2,23,5,5.24,19.2,1,1,7.08,3,-0.500000000000001,0.866025403784438,9.57643202811701,0.272916666666667,0.498772501464428
3,0,5,6.13,18.4,1,1,5.92,3,0,1,2.38226405697382,0.333152173913044,0.129470872661621
5.77,9,3,5.85,40.15,1,1,4.26,5,-1,-1.83697019872103e-16,3.89901041168655,0.145703611457036,0.0971110936908231
5.4,11,3,4.54,20.6,3,1,3.21,5,-0.5,0.866025403784438,1.44934856662686,0.220388349514563,0.0703567265352843
1,17.5,3,2.23,18.65,6,1,4.4,5,0.258819045102521,-0.965925826289068,0.789177868272726,0.119571045576408,0.04231516719961
10.21,18,3,5.12,23.0833333333333,12,2,5.84,5,3.67394039744206e-16,-1,2.5437690267528,0.221805054151625,0.110199380220338
14.43,19,3,12.14,53.5166666666667,18,2,9.87,5,-0.499999999999999,-0.866025403784439,6.61325657761208,0.22684521955777,0.123573775975311
10,19.5,3,1.35,10.65,6,1,2.43,5,-0.707106781186547,-0.707106781186548,0.557020929776737,0.126760563380282,0.0523024347208204
7.36,20,3,4.93,46.2166666666667,12,2,8.08,5,-0.866025403784439,-0.5,2.77874955190857,0.106671474936891,0.0601244042966153
15.55,18,0,4.91,36.9,12,2,7.26,9,3.67394039744206e-16,-1,2.48602381875481,0.133062330623306,0.0673719192074475
9.87,18.5,0,5.83,36,12,2,5.64,9,-0.25881904510252,-0.965925826289068,2.73941858482596,0.161944444444444,0.0760949606896099
7.59,20,0,2.46,10.5833333333333,6,1,3.42,9,-0.866025403784439,-0.5,1.91233148657432,0.23244094488189,0.180692738888912
9.23,10.5,2,5.76,31.8166666666667,3,1,4.35,4,-0.707106781186548,0.707106781186547,3.55845488072016,0.18103719224725,0.111842479226406
3,11,2,3.08,15.0166666666667,3,1,3.38,4,-0.5,0.866025403784438,1.57163096980278,0.205105438401776,0.104659110086756
9,7.5,5,8.14,31.8,2,1,6.24,8,-0.707106781186547,-0.707106781186548,3.07533643453636,0.255974842767296,0.0967086929099485
4.73,8.5,5,1.16,28.8,1,1,2.25,8,-0.965925826289068,-0.258819045102521,0.344578968473337,0.0402777777777778,0.0119645475164353
4.13,9.5,5,12.26,36.2666666666667,1,1,11.56,8,-0.965925826289068,0.25881904510252,0.758924736581281,0.338051470588235,0.0209262335454397
13,17,5,1.66,15.0666666666667,6,1,3.09,8,0.5,-0.866025403784439,1.15884570936833,0.110176991150442,0.076914538232411
10.51,18,5,2.26,29.8333333333333,12,3,5.14,8,3.67394039744206e-16,-1,1.28619067163893,0.0757541899441341,0.043112536479517
8.65,19.5,5,8.59,41.6833333333333,12,2,9.41,8,-0.707106781186547,-0.707106781186548,5.18336244422681,0.206077568972411,0.124350958278132
8.17,20.5,5,7.31,39.3666666666667,12,3,6.87,8,-0.965925826289068,-0.258819045102523,3.15692096080389,0.185690093141406,0.0801927424420972
3,21.5,5,0.67,13.9666666666667,1,1,2.7,8,-0.965925826289068,0.25881904510252,1.27507953234004,0.0479713603818616,0.0912944772558498
3,22.5,5,3.84,36.4166666666667,1,1,8.66,8,-0.707106781186547,0.707106781186548,3.0164700590605,0.105446224256293,0.0828321297682516
2,9,2,12.66,32.25,1,1,6.58,7,-1,-1.83697019872103e-16,5.70530730410581,0.392558139534884,0.176908753615684
1,10,2,3.97,12.5166666666667,1,1,4.02,7,-0.866025403784439,0.5,1.55909214574489,0.317177097203728,0.124561289939671
3,6.5,0,3.7,23.1166666666667,1,1,5.02,6,-0.258819045102521,-0.965925826289068,1.02593973981266,0.160057678442682,0.0443809548585143
4.09,9,0,1.98,17.3333333333333,1,1,2.99,6,-1,-1.83697019872103e-16,8.76502077766014,0.114230769230769,0.505674275634239
6.23,9.5,0,6.81,58.1833333333333,1,1,4.06,6,-0.965925826289068,0.25881904510252,3.88443919003321,0.117043826983672,0.0667620599833837
8.76,11.5,0,14.44,24,6,2,8.56,6,-0.258819045102522,0.965925826289068,10.0828139753214,0.601666666666667,0.420117248971724
4,0.5,6,3.83,24.9166666666667,1,1,5.87,3,0.258819045102521,0.965925826289068,0.882569627932322,0.15371237458194,0.0354208546327353
4,1,6,5.64,27.2,2,2,13.01,3,0.5,0.866025403784439,7.34884738118997,0.207352941176471,0.270178212543749
8,2,6,10.23,33.9833333333333,3,2,15.49,3,0.866025403784439,0.5,0.895742886808271,0.301029916625797,0.0263582997589486
5,3,6,9.12,28.2,3,2,15.27,3,1,6.12323399573677e-17,0.16538416915781,0.323404255319149,0.00586468684956774
9.78,8,6,5.71,25.3,2,2,6.44,3,-0.866025403784438,-0.5,1.28370890989851,0.225691699604743,0.0507394826046843
5,12,6,3.91,31.4666666666667,6,2,6.1,3,-2.44929359829471e-16,1,1.69548643289889,0.124258474576271,0.0538819840963629
5,14,6,3.41,15.25,3,1,3.37,3,0.866025403784438,0.500000000000001,1.14465400349094,0.223606557377049,0.075059278917439
3,15.5,6,0.85,13.9166666666667,1,1,2.55,3,0.965925826289068,-0.25881904510252,0.243956020157495,0.0610778443113772,0.0175297739035326
7,7,4,2.74,13.5166666666667,1,1,8.05,5,-0.5,-0.866025403784439,1.01845724237515,0.202712700369914,0.0753482546763367
5.05,7,4,3.53,20.5,1,1,3.51,5,-0.5,-0.866025403784439,0.186130290849911,0.172195121951219,0.00907952638292248
2,8,4,8.92,22.7833333333333,1,1,7.06,5,-0.866025403784438,-0.5,6.69317754477472,0.39151426481346,0.293775166559242
8.18,10,4,11.25,36.75,1,1,5.83,5,-0.866025403784439,0.5,7.14906157734886,0.306122448979592,0.194532287819016
16.88,20.5,4,12.47,48.6,18,2,10.97,5,-0.965925826289068,-0.258819045102523,6.26440849371044,0.256584362139918,0.128897294109268
3.5,21.5,4,4.18,22.9333333333333,1,1,6.52,5,-0.965925826289068,0.25881904510252,7.9108603477477,0.182267441860465,0.344950305861091
2,8,3,3.68,14.4166666666667,1,1,3.24,4,-0.866025403784438,-0.5,1.47337915581449,0.255260115606936,0.102199710229907
19.41,13.5,3,1.61,30.4,3,1,3.02,4,0.707106781186547,0.707106781186548,1.37624168902186,0.0529605263157895,0.0452711081915085
5.2,14.5,3,4.04,36.15,1,1,3.89,4,0.965925826289068,0.258819045102521,3.02336582786427,0.111756569847856,0.0836339094844887
10.12,19,3,8.81,42.2833333333333,12,2,9.81,4,-0.499999999999999,-0.866025403784439,5.6319558148055,0.208356326369728,0.13319564402378
3,20,3,7.64,28.8666666666667,6,1,7.61,4,-0.866025403784439,-0.5,2.92366285822173,0.264665127020785,0.101281623264032
4.5,20.5,3,16.15,59.55,18,3,21,4,-0.965925826289068,-0.258819045102523,9.24654635799492,0.27120067170445,0.155273658404617
5.62,21.5,3,1.91,15.35,1,1,2.52,4,-0.965925826289068,0.25881904510252,1.9011824384539,0.12442996742671,0.123855533449765
3,22,3,1.49,16.05,1,1,2.31,4,-0.866025403784439,0.499999999999999,2.04223633547225,0.0928348909657321,0.12724213928176
6.67,23,3,1.66,22.45,1,1,3.74,4,-0.500000000000001,0.866025403784438,0.970122460681219,0.0739420935412027,0.0432125817675376
7.01,7.5,6,1.51,17.9666666666667,1,1,2.43,8,-0.707106781186547,-0.707106781186548,0.791960385235986,0.0840445269016698,0.0440794277496838
2,11,6,3.47,14.8833333333333,3,1,9.41,8,-0.5,0.866025403784438,1.96742308870207,0.233146696528555,0.132189681211785
8.99,12.5,6,2.26,12.5,3,1,3.52,8,0.258819045102521,0.965925826289068,0.425875521646647,0.1808,0.0340700417317317
6.38,13.5,6,8.38,28.5833333333333,3,1,4.11,8,0.707106781186547,0.707106781186548,6.65467868441228,0.293177842565598,0.232816746976523
4.19,17.5,6,18.06,8,6,1,8.01,8,0.258819045102521,-0.965925826289068,9.50943362495344,2.2575,1.18867920311918
5.62,18.5,6,5.03,16.7166666666667,6,1,3.53,8,-0.25881904510252,-0.965925826289068,3.59270783083901,0.300897308075773,0.21491771670024
14.61,20.5,6,5.42,26.4166666666667,12,2,4.12,8,-0.965925826289068,-0.258819045102523,3.61551450908508,0.205173501577287,0.136864902552117
8.91,20.5,6,3.68,15.7666666666667,12,1,2.7,8,-0.965925826289068,-0.258819045102523,0.374588986797471,0.233403805496829,0.0237582866890574
5.5,21,6,5.27,29.4333333333333,2,2,5.16,8,-1,-4.28626379701574e-16,3.55983054992568,0.179048697621744,0.120945545297588
3.5,22,6,10.34,39.7833333333333,1,1,4.77,8,-0.866025403784439,0.499999999999999,7.32961251524328,0.259907834101383,0.184238270177879
4.35,23,6,2.4,19.5666666666667,1,1,3.14,8,-0.500000000000001,0.866025403784438,2.69315363563698,0.122657580919932,0.13763987916373
5,8.5,1,4.33,27.75,1,1,4.08,6,-0.965925826289068,-0.258819045102521,3.19518631273569,0.156036036036036,0.115141849107592
5.47,9.5,1,11.88,27.8666666666667,1,1,5.6,6,-0.965925826289068,0.25881904510252,0.30081062548045,0.426315789473684,0.0107946396703511
4.42,10.5,1,1.18,14.9666666666667,1,1,2.76,6,-0.707106781186548,0.707106781186547,0.822522208204349,0.0788418708240534,0.0549569404145445
11.1,11,1,14.64,35.05,3,1,6.27,6,-0.5,0.866025403784438,9.83546160257054,0.417689015691869,0.280612313910714
6.38,12,1,9.76,30.5166666666667,3,1,4.66,6,-2.44929359829471e-16,1,6.21536447486309,0.319825232113599,0.203671146090544
3.39,19.5,1,4.39,17.0666666666667,6,1,6.29,6,-0.707106781186547,-0.707106781186548,2.34162443316014,0.2572265625,0.137204556630477
3,23.5,1,2.9,20.1833333333333,1,1,4.03,6,-0.258819045102521,0.965925826289068,1.71712736863477,0.143682906688687,0.0850765005103934
5.19,10.5,0,1.44,7.45,1,1,8.9,3,-0.707106781186548,0.707106781186547,0.212531584747897,0.193288590604027,0.0285277294963619
3,10.5,0,3.27,17.9,1,1,3.29,3,-0.707106781186548,0.707106781186547,1.24539368764634,0.18268156424581,0.0695750663489578
2,21.5,0,6.62,20.6166666666667,1,1,4.22,3,-0.965925826289068,0.25881904510252,2.44482396223065,0.321099434114794,0.118584832444494
3,23.5,0,6.02,15.7166666666667,1,1,6.03,3,-0.258819045102521,0.965925826289068,3.15341894069232,0.383032873806999,0.200641714147973
4.29,0.5,5,3.29,20.4166666666667,1,1,3.12,5,0.258819045102521,0.965925826289068,2.70315773275791,0.161142857142857,0.132399562420795
7,1.5,5,3.97,34.3666666666667,2,2,5.04,5,0.707106781186547,0.707106781186548,2.34655794315102,0.115518913676043,0.0682800565417367
3,7,5,4.53,23.6,1,1,4.5,5,-0.5,-0.866025403784439,1.9051393568204,0.191949152542373,0.0807262439330678
6.21,7.5,5,14.3,47.0333333333333,2,2,7.52,5,-0.707106781186547,-0.707106781186548,4.67512666156417,0.304039688164422,0.0994002833784019
4.8,8.5,5,15.27,30.65,1,1,10.86,5,-0.965925826289068,-0.258819045102521,9.78385194681968,0.498205546492659,0.319212135295911
2,9,5,6.1,25.35,1,1,6.01,5,-1,-1.83697019872103e-16,1.70887420690946,0.240631163708087,0.0674112113179273
4,10,5,5.61,33.85,1,1,4.02,5,-0.866025403784439,0.5,2.31985791285849,0.165731166912851,0.068533468622112
6.01,19,5,17.93,58.5833333333333,18,2,20.52,5,-0.499999999999999,-0.866025403784439,9.68568585448323,0.306059743954481,0.165331764230155
2,20,5,1.95,14.75,6,1,2.41,5,-0.866025403784439,-0.5,0.405268598917284,0.132203389830508,0.0274758372147311
11.31,20.5,5,11.13,31.9166666666667,6,1,4.95,5,-0.965925826289068,-0.258819045102523,6.86841149887678,0.348720626631854,0.215198271505278
15.43,21,5,6.86,28.35,12,2,6.14,5,-1,-4.28626379701574e-16,5.58682104909581,0.241975308641975,0.197065998204438
11.18,21,5,4.42,24.3166666666667,1,1,4.01,5,-1,-4.28626379701574e-16,2.30281988104638,0.181768334475668,0.0947012973699675
11.72,16.5,2,4.58,36.8333333333333,7,1,6.37,9,0.707106781186547,-0.707106781186548,2.41733825106727,0.124343891402715,0.0656290927891567
18.55,17.5,2,14.04,55.7333333333333,18,3,31.68,9,0.258819045102521,-0.965925826289068,10.8110645695707,0.251913875598086,0.193978431272202
3.25,20.5,2,3.35,30.4166666666667,6,1,4.78,9,-0.965925826289068,-0.258819045102523,1.32675987357003,0.11013698630137,0.0436195026927133
5.79,23,2,3.74,24.1666666666667,2,2,7.75,9,-0.500000000000001,0.866025403784438,1.80814837630299,0.154758620689655,0.0748199328125373
2,23.5,2,2.13,43.3333333333333,2,2,8.69,9,-0.258819045102521,0.965925826289068,2.41257101472879,0.0491538461538462,0.0556747157245106
3.73,9.5,4,1.93,17.2166666666667,1,1,4.34,4,-0.965925826289068,0.25881904510252,1.02828487441007,0.112100677637948,0.0597261301690266
5,9.5,4,10.76,47.6833333333333,2,2,9.49,4,-0.965925826289068,0.25881904510252,4.05257483760253,0.225655365256903,0.0849893359860719
7,17.5,4,5.87,31.55,6,1,5.52,4,0.258819045102521,-0.965925826289068,3.84654726620965,0.186053882725832,0.121919089261796
8,20,4,2.76,34.2833333333333,12,1,6.06,4,-0.866025403784439,-0.5,0.97133850903096,0.0805055906660185,0.0283326740602127
6,11,0,13.4,52.5,3,1,5.5,8,-0.5,0.866025403784438,8.75490994147287,0.255238095238095,0.166760189361388
0.08,20,0,1.51,18.85,6,1,4.96,8,-0.866025403784439,-0.5,2.27265438838265,0.080106100795756,0.120565219542846
7.77,22,0,1.56,9.38333333333333,1,1,2.51,8,-0.866025403784439,0.499999999999999,0.298640668181517,0.166252220248668,0.0318267141934121
5.22,10,4,4.1,24.05,1,1,3.07,7,-0.866025403784439,0.5,1.40167616079144,0.17047817047817,0.0582817530474613
2,11,4,7.51,29.7833333333333,3,1,8.08,7,-0.5,0.866025403784438,2.8918576676077,0.252154448796866,0.0970965081457537
6,12,4,17.21,3,9,3,16.34,7,-2.44929359829471e-16,1,6.35963228602321,5.73666666666667,2.1198774286744
1.03,15,4,2,14.1833333333333,1,1,4.06,7,1,1.19434011948696e-15,0.440139951817552,0.141010575793184,0.0310321940176888
10.75,19.5,4,4.2,26.6333333333333,6,1,4.47,7,-0.707106781186547,-0.707106781186548,2.60465492333536,0.157697121401752,0.097796805632116
5,19.5,4,3.07,19.6,6,1,3.56,7,-0.707106781186547,-0.707106781186548,0.765365454152594,0.156632653061224,0.0390492578649283
13.26,20,4,5.04,28.0333333333333,12,2,5.85,7,-0.866025403784439,-0.5,2.19579055887451,0.179785969084423,0.0783278439550955
5.11,0,2,1.6,23.3,1,1,3.19,6,0,1,0.970122460681219,0.0686695278969957,0.0416361571107819
12.83,1.5,2,4.72,21.05,1,1,4,6,0.707106781186547,0.707106781186548,2.52491570102926,0.224228028503563,0.11994848936006
3,8,2,3.1,26.7666666666667,1,1,3.2,6,-0.866025403784438,-0.5,1.12414482643568,0.115815691158157,0.0419979387211338
3,8.5,2,4.05,24.4833333333333,1,1,3.34,6,-0.965925826289068,-0.258819045102521,1.97939330804944,0.165418652144316,0.0808465612545722
4,11,2,3.34,16.4833333333333,3,1,3.57,6,-0.5,0.866025403784438,2.36616106718254,0.20262891809909,0.14354869972796
9.03,20.5,2,3.18,24.6166666666667,12,2,4.52,6,-0.965925826289068,-0.258819045102523,2.41257101472879,0.1291807718348,0.0980055930153877
9.61,21.5,2,11.6,35.3833333333333,1,1,5.42,6,-0.965925826289068,0.25881904510252,8.52495278478956,0.327837965143665,0.240931308095795
8.6,0.5,1,10.55,22.75,1,1,6.03,3,0.258819045102521,0.965925826289068,7.34639591625931,0.463736263736264,0.322918501813596
2,1.5,1,8.84,27.75,1,1,5.04,3,0.707106781186547,0.707106781186548,5.98906494274177,0.318558558558559,0.215822160098803
2,2,1,2.92,18.5666666666667,1,1,9.07,3,0.866025403784439,0.5,1.28052543298664,0.157271095152603,0.068969053841291
8.63,9,1,8.19,27.55,1,1,4.67,3,-1,-1.83697019872103e-16,5.02561291967793,0.297277676950998,0.182417891821341
10.81,1,6,5.49,35.6333333333333,2,1,5.24,5,0.5,0.866025403784439,1.47574375634157,0.154069223573433,0.0414146984941507
6,8.5,6,2.23,22.5666666666667,1,1,3.18,5,-0.965925826289068,-0.258819045102521,1.30682056989218,0.0988183161004431,0.0579093310144244
8.84,17.5,6,4.43,21.6,12,2,5.2,5,0.258819045102521,-0.965925826289068,2.02962097404981,0.205092592592593,0.0939639339837874
18.52,18,6,3.25,20.3166666666667,6,1,3.59,5,3.67394039744206e-16,-1,2.04307100030293,0.159967186218212,0.100561328973073
13.14,18,6,5.76,29.2333333333333,12,2,6.12,5,3.67394039744206e-16,-1,1.74338292147725,0.197035347776511,0.0596368160140452
3.74,19,6,0.84,11.1333333333333,6,1,2.24,5,-0.499999999999999,-0.866025403784439,0.596891423577652,0.0754491017964072,0.0536130021177532
6.57,15.5,3,3.41,22.0333333333333,1,1,3.79,9,0.965925826289068,-0.25881904510252,2.42026677272447,0.154765506807867,0.109845693164499
10,8.5,5,0.81,12.0333333333333,1,1,3.02,4,-0.965925826289068,-0.258819045102521,0.259599422630701,0.0673130193905817,0.0215733592213879
3,9,5,3.35,33.5666666666667,1,1,5.5,4,-1,-1.83697019872103e-16,1.75189180248955,0.0998013902681231,0.0521914141754581
3.84,12.5,5,11.92,34.7166666666667,3,1,5.78,4,0.258819045102521,0.965925826289068,7.82364859933273,0.343350936149784,0.225357136802671
11.93,18.5,5,2.97,15.7833333333333,6,1,2.49,4,-0.25881904510252,-0.965925826289068,0.641531102688358,0.188173178458289,0.0406461099908146
3.23,19.5,5,2.28,18.8833333333333,6,1,2.27,4,-0.707106781186547,-0.707106781186548,0.80024025480597,0.120741394527802,0.0423781247028757
4.69,19.5,5,2.08,32.7333333333333,6,1,2.95,4,-0.707106781186547,-0.707106781186548,0.720047325240673,0.0635437881873727,0.0219973724615277
3.34,20,5,1.85,20.4833333333333,6,1,3.67,4,-0.866025403784439,-0.5,0.718327593400379,0.0903173311635476,0.0350688816957061
4,21,5,1.79,28.9333333333333,2,1,4.06,4,-1,-4.28626379701574e-16,0.702787549593509,0.0618663594470046,0.0242898922670568
12.2,21.5,5,5.06,45.1333333333333,2,2,7.11,4,-0.965925826289068,0.25881904510252,0.977180751776811,0.112112259970458,0.0216509767749663
3.43,22.5,5,4.42,12.1666666666667,1,1,4.64,4,-0.707106781186547,0.707106781186548,2.95369669877013,0.363287671232877,0.242769591679736
5.05,23.5,5,0.56,14.65,1,1,2.41,4,-0.258819045102521,0.965925826289068,0.208406520502895,0.0382252559726962,0.0142257010582181
1,8,1,0.69,10.3,1,1,2.01,8,-0.866025403784438,-0.5,0.201904937745935,0.0669902912621359,0.0196024211403821
3,11.5,1,6.81,23.1166666666667,3,1,2.66,8,-0.258819045102522,0.965925826289068,0.618358158180742,0.294592645998558,0.0267494516877033
17.44,18,1,4.52,17.6666666666667,6,1,3.76,8,3.67394039744206e-16,-1,3.57881790579584,0.255849056603774,0.202574598441274
9.1,20,1,5.4,23.6666666666667,12,2,4.5,8,-0.866025403784439,-0.5,3.46122495966548,0.228169014084507,0.146248941957696
5.99,23.5,1,5.34,16.4333333333333,1,1,4.15,8,-0.258819045102521,0.965925826289068,2.43224561847928,0.324949290060852,0.148006832767502
2,6.5,5,5.12,19.2166666666667,1,1,10.04,7,-0.258819045102521,-0.965925826289068,1.01845724237515,0.266435385949696,0.0529986422745092
9.23,7.5,5,4.33,39.6833333333333,2,2,4.16,7,-0.707106781186547,-0.707106781186548,1.33612363326935,0.109113817723646,0.0336696421655442
2,9,5,6.86,25.4333333333333,1,1,5.06,7,-1,-1.83697019872103e-16,2.08394608595435,0.269724770642202,0.0819375918461736
13.44,19,5,0.45,17.7833333333333,6,1,2.44,7,-0.499999999999999,-0.866025403784439,1.44882627456429,0.0253045923149016,0.0814710182510378
3.95,19.5,5,11.23,28.7666666666667,6,1,6.19,7,-0.707106781186547,-0.707106781186548,7.79230159490951,0.390382387022016,0.27087954559361
19.64,20,5,12.43,24.55,6,1,5.41,7,-0.866025403784439,-0.5,7.20619241664945,0.506313645621181,0.29353125933399
3,20.5,5,1.82,19.8166666666667,6,1,3.09,7,-0.965925826289068,-0.258819045102523,0.895263023215624,0.0918418839360808,0.0451772761925462
5.11,21.5,5,2.45,33.2,1,1,3.56,7,-0.965925826289068,0.25881904510252,2.33432788375067,0.0737951807228916,0.0703110808358634
6,0,3,5.99,18.5,1,1,14.66,6,0,1,1.89261807347689,0.323783783783784,0.102303679647399
5.5,11.5,3,3.84,27.3333333333333,3,1,3.38,6,-0.258819045102522,0.965925826289068,1.72442238069631,0.140487804878049,0.0630886236840113
2,0.5,2,0.42,7.15,1,1,2.22,3,0.258819045102521,0.965925826289068,1.79805954806728,0.0587412587412587,0.251476859869549
4.58,1,2,5.09,34.7333333333333,1,1,4.45,3,0.5,0.866025403784439,1.34053830399894,0.146545105566219,0.0385951527063034
7.19,2.5,2,1.92,15.9833333333333,1,1,2.83,3,0.965925826289068,0.258819045102521,1.04024420217873,0.120125130344108,0.0650830574877203
3.38,7.5,2,5.49,16.6666666666667,1,1,3.81,3,-0.707106781186547,-0.707106781186548,2.79579606958862,0.3294,0.167747764175317
9.41,7.5,2,6.9,32.3166666666667,2,2,6.11,3,-0.707106781186547,-0.707106781186548,2.39840144213784,0.213512119649304,0.0742156196638835
4.17,9.5,0,0.62,9.56666666666667,1,1,2.16,5,-0.965925826289068,0.25881904510252,0.202475496463142,0.064808362369338,0.0211646860414434
7.76,11.5,0,3.2,18.6333333333333,3,1,3.35,5,-0.258819045102522,0.965925826289068,0.451725735587938,0.171735241502683,0.0242428838419287
15,16,0,9.43,35.6333333333333,1,1,6.14,5,0.866025403784439,-0.499999999999999,6.06760744024457,0.264639850327409,0.170278974001251
8.83,18,0,6.8,20.5166666666667,6,1,4.19,5,3.67394039744206e-16,-1,4.90807138909429,0.331437855402112,0.239223625788511
16.59,18.5,0,6.66,22.2833333333333,6,1,3.48,5,-0.25881904510252,-0.965925826289068,2.99790102597829,0.29887808526552,0.134535573342332
8,19.5,0,9.8,28.9833333333333,12,2,13.48,5,-0.707106781186547,-0.707106781186548,4.71585221951107,0.338125359401955,0.162709104755989
5,20.5,4,1.42,13.8666666666667,6,1,5.04,9,-0.965925826289068,-0.258819045102523,0.484138406180665,0.102403846153846,0.034913827368798
6.24,21.5,4,2.61,20.4333333333333,1,1,2.99,9,-0.965925826289068,0.25881904510252,0.320513151958943,0.127732463295269,0.0156857986276807
11.57,22.5,4,5.9,39.75,2,2,5.49,9,-0.707106781186547,0.707106781186548,1.40300380797795,0.148427672955975,0.0352956932824642
18.12,23.5,4,1.61,21.55,1,1,3.85,9,-0.258819045102521,0.965925826289068,0.923950816169664,0.0747099767981439,0.0428747478501004
2,8,2,7.26,32.15,1,1,14.07,4,-0.866025403784438,-0.5,2.51797899420142,0.225816485225505,0.0783197198818481
3,11,2,0.81,8.58333333333333,1,1,2.28,4,-0.5,0.866025403784438,1.21405297994346,0.094368932038835,0.14144306562448
9,11.5,2,5.64,38.2333333333333,6,2,9.04,4,-0.258819045102522,0.965925826289068,2.33186921860941,0.147515257192677,0.060990476511144
5.31,11.5,2,3.36,27.5166666666667,3,1,3.11,4,-0.258819045102522,0.965925826289068,1.10605961094147,0.122107813446396,0.0401959882837603
8.72,18,2,16.15,57.45,12,2,27.29,4,3.67394039744206e-16,-1,8.56557015404206,0.281114012184508,0.149096086232238
4.63,19,2,0.8,12.25,6,1,2.3,4,-0.499999999999999,-0.866025403784439,0.57965566653183,0.0653061224489796,0.0473188299209657
4,20,2,1.45,18.55,6,1,3.1,4,-0.866025403784439,-0.5,0.732586545061091,0.0781671159029649,0.0394925361218917
3.43,21.5,2,1.52,12.1166666666667,1,1,2.2,4,-0.965925826289068,0.25881904510252,1.02024836713303,0.12544704264099,0.0842020660632488
4.13,22,2,2.9,21,1,1,2.52,4,-0.866025403784439,0.499999999999999,2.02258030645512,0.138095238095238,0.0963133479264344
5.31,7.5,5,3.67,19.8,1,1,2.01,8,-0.707106781186547,-0.707106781186548,0.162720175529891,0.185353535353535,0.00821819068332781
1.1,10,5,2.77,16.9833333333333,1,1,5.99,8,-0.866025403784439,0.5,1.63969253581588,0.163101079489696,0.0965471561815042
7.2,16,5,8.26,40.1333333333333,1,1,5.85,8,0.866025403784439,-0.499999999999999,4.36844406580168,0.205813953488372,0.108848274064826
4.86,17,5,4.05,31.45,6,1,3.5,8,0.5,-0.866025403784439,1.85611827645581,0.128775834658188,0.0590180692036824
6.97,18.5,5,16.35,47.9333333333333,12,2,10.37,8,-0.25881904510252,-0.965925826289068,9.02067185981353,0.341098748261474,0.188192041581645
16.17,19,5,7.44,50.5333333333333,18,3,10.91,8,-0.499999999999999,-0.866025403784439,3.38596543791962,0.147229551451187,0.0670045930986733
17.14,20.5,5,5.41,18.0166666666667,6,1,4.16,8,-0.965925826289068,-0.258819045102523,1.69463198967704,0.300277520814061,0.0940591298618154
2,11,2,0.84,18.6833333333333,3,1,2.52,7,-0.5,0.866025403784438,0.944262730419275,0.0449598572702944,0.0505403780777489
16.78,11.5,2,16.92,15,6,2,8.78,7,-0.258819045102522,0.965925826289068,10.1751316640944,1.128,0.678342110939629
4.5,11.5,2,5.53,19.7333333333333,3,1,4.18,7,-0.258819045102522,0.965925826289068,4.04112844431251,0.280236486486486,0.204786914407729
3,12,2,3.06,24.35,1,1,5.87,7,-2.44929359829471e-16,1,0.0446138564920452,0.125667351129363,0.00183219123170617
4,13.5,2,4.57,28.1666666666667,3,1,6.8,7,0.707106781186547,0.707106781186548,0.504463688444761,0.162248520710059,0.0179099534359087
1,15,2,1.28,11.7,1,1,4.65,7,1,1.19434011948696e-15,8.28729657427114,0.109401709401709,0.708315946518901
4,17.5,2,2.44,22.5166666666667,3,1,5.42,7,0.258819045102521,-0.965925826289068,2.64044324864694,0.108364174685418,0.11726616944398
5,18.5,2,5.36,23.2333333333333,6,1,5.8,7,-0.25881904510252,-0.965925826289068,1.17128742476155,0.230703012912482,0.0504140928878717
13.94,21,2,3.2,20.4,2,2,4.9,7,-1,-4.28626379701574e-16,1.658699587818,0.156862745098039,0.0813088033244117
15.42,23,2,5.33,24.4666666666667,1,1,3.57,7,-0.500000000000001,0.866025403784438,2.70844921181879,0.217847411444142,0.110699559066163
5,0.5,0,1.08,21.6166666666667,1,1,2.43,6,0.258819045102521,0.965925826289068,0.602804475003143,0.0499614494988435,0.0278860975329133
5.76,8.5,0,2.93,18.2166666666667,1,1,2.81,6,-0.965925826289068,-0.258819045102521,6.32462678604167,0.160841720036597,0.347189027596066
3.66,12,0,0.93,17.6666666666667,3,1,2.64,6,-2.44929359829471e-16,1,2.79184674754664,0.0526415094339623,0.158029061181885
4.67,0,4,7.03,26.6833333333333,1,1,8.82,5,0,1,0.570855959179364,0.263460337289194,0.0213937273896076
9.44,1.5,4,5.06,19.65,2,1,7.64,5,0.707106781186547,0.707106781186548,1.658699587818,0.257506361323155,0.0844121927642748
4,2.5,4,6.4,32.0833333333333,2,2,11.06,5,0.965925826289068,0.258819045102521,1.39648712368376,0.199480519480519,0.0435268713875459
5.61,10.5,4,12.04,45.4666666666667,3,1,5.47,5,-0.707106781186548,0.707106781186547,2.54649555605259,0.264809384164223,0.0560079667753502
21.32,19,4,14.81,56.5333333333333,12,2,15.26,5,-0.499999999999999,-0.866025403784439,7.27666557247563,0.261969339622642,0.128714603286715
9.55,19.5,4,20.59,35.4833333333333,6,1,10.53,5,-0.707106781186547,-0.707106781186548,10.0274057939417,0.580272428370127,0.2825948086597
11.29,21.5,4,5.26,19.0333333333333,1,1,4.66,5,-0.965925826289068,0.25881904510252,1.57594203875472,0.276357267950963,0.082799056326868
2.5,21.5,4,2.18,23.35,1,1,6.11,5,-0.965925826289068,0.25881904510252,0.882934597388164,0.0933618843683083,0.0378130448560242
17.33,22,4,9.34,44.4,2,2,9.78,5,-0.866025403784439,0.499999999999999,3.40621021217047,0.21036036036036,0.0767164462200556
5,9,1,1.35,14.7,1,1,2.36,9,-1,-1.83697019872103e-16,0.979468243192751,0.0918367346938776,0.0666304927342008
11.13,20,1,5.25,27.8666666666667,12,2,6.02,9,-0.866025403784439,-0.5,2.3611450062821,0.188397129186603,0.0847300839574915
3.91,16,6,3.75,35.0166666666667,1,1,6.08,4,0.866025403784439,-0.499999999999999,2.63382659514839,0.107091861018563,0.0752163711132333
3.6,17.5,6,2.62,13.35,6,1,2.65,4,0.258819045102521,-0.965925826289068,0.135541212870917,0.19625468164794,0.0101528998405181
5.16,19,6,2.7,15.25,6,1,2.91,4,-0.499999999999999,-0.866025403784439,2.17110696880501,0.177049180327869,0.142367670085574
7.16,19.5,6,5.96,21.6666666666667,6,1,3.27,4,-0.707106781186547,-0.707106781186548,0.791313088672168,0.275076923076923,0.0365221425541
1.5,20.5,6,3.7,20.8,6,1,7.51,4,-0.965925826289068,-0.258819045102523,2.05650317981387,0.177884615384615,0.0988703451833591
7.51,21,6,15.14,37.35,6,1,11.54,4,-1,-4.28626379701574e-16,9.10933408258879,0.405354752342704,0.243891140096085
5,6.5,2,9.15,38.75,1,1,8.61,8,-0.258819045102521,-0.965925826289068,3.20873939228049,0.236129032258065,0.0828061778653031
1.25,8,2,10.52,52.8666666666667,0,1,14.95,8,-0.866025403784438,-0.5,0.255957725025359,0.198991172761665,0.00484157109127413
6,10,2,4.65,28.8666666666667,2,2,5.27,8,-0.866025403784439,0.5,2.96637040663765,0.16108545034642,0.102761099537101
9.71,16,2,2.44,22.5666666666667,1,1,3.11,8,0.866025403784439,-0.499999999999999,1.06916136399509,0.108124076809453,0.047377903869797
5,16.5,2,2.35,14.5833333333333,1,1,3,8,0.707106781186547,-0.707106781186548,1.54507960016397,0.161142857142857,0.105948315439815
11.03,17.5,2,4.56,46,12,3,9.07,8,0.258819045102521,-0.965925826289068,1.50701251545053,0.0991304347826087,0.0327611416402288
3,18,2,1.03,13.15,6,1,3.04,8,3.67394039744206e-16,-1,0.328325672109539,0.0783269961977186,0.0249677317193566
3,18,2,0.99,10.25,6,1,2.54,8,3.67394039744206e-16,-1,0.228342568829836,0.0965853658536585,0.0222773237882767
5,18.5,2,3.93,17.65,6,1,3.43,8,-0.25881904510252,-0.965925826289068,2.35380784272593,0.222662889518414,0.133360217718183
18.79,20,2,16.12,44.1833333333333,12,3,7.13,8,-0.866025403784439,-0.5,9.56592310142011,0.364843455299887,0.216505238055529
3.87,8,6,2.1,15.8666666666667,1,1,3.22,7,-0.866025403784438,-0.5,0.463853780451551,0.132352941176471,0.0292344819612322
11.07,18,6,8.06,37.0833333333333,12,3,7.99,7,3.67394039744206e-16,-1,4.91982568439512,0.217348314606742,0.132669456657846
4.37,18.5,6,2.84,20.9166666666667,6,1,3.18,7,-0.25881904510252,-0.965925826289068,2.17955947746669,0.135776892430279,0.104202046731475
14.71,19.5,6,2.4,15.7666666666667,6,1,2.6,7,-0.707106781186547,-0.707106781186548,1.64826274342269,0.152219873150106,0.104540977384103
9.42,20,6,5.35,29.25,12,2,15.59,7,-0.866025403784439,-0.5,2.83076157426116,0.182905982905983,0.0967781734790142
4.88,20,6,2.89,11.5333333333333,6,1,3.34,7,-0.866025403784439,-0.5,1.93840380218891,0.250578034682081,0.168069693831408
3,8.5,4,1.58,24.05,1,1,3.06,6,-0.965925826289068,-0.258819045102521,1.3495946114046,0.0656964656964657,0.0561162000584035
4.59,11,4,2.52,17.1166666666667,3,1,2.97,6,-0.5,0.866025403784438,1.06406353576797,0.147224926971762,0.0621653477566485
7.13,19,4,2.61,11.5666666666667,6,1,2.88,6,-0.499999999999999,-0.866025403784439,2.00506059485968,0.225648414985591,0.173348178229944
12.32,20,4,3.5,18.4666666666667,12,3,4.6,6,-0.866025403784439,-0.5,2.69920639698411,0.189530685920578,0.146166411389031
4.76,1,3,3.18,40.4666666666667,1,1,2.79,3,0.5,0.866025403784439,2.4786923689535,0.0785831960461285,0.0612526944551935
8.29,2,3,8.99,60,3,3,12.38,3,0.866025403784439,0.5,2.38226405697382,0.149833333333333,0.0397044009495637
3.84,11.5,1,2.58,22.8666666666667,3,1,2.73,5,-0.258819045102522,0.965925826289068,0.626387798182273,0.112827988338192,0.0273930523986417
6.25,15,1,2.94,19.9333333333333,1,1,3.17,5,1,1.19434011948696e-15,1.94781687242183,0.147491638795987,0.0977165655061117
7.26,19,1,2.76,22.1,6,1,3.44,5,-0.499999999999999,-0.866025403784439,0.996445417016207,0.124886877828054,0.0450880279192854
10.73,19.5,1,6.49,15.2166666666667,6,1,3.62,5,-0.707106781186547,-0.707106781186548,6.7698628786317,0.426506024096385,0.444897889066705
2,20.5,1,4.89,31.25,6,1,4.26,5,-0.965925826289068,-0.258819045102523,1.70887420690946,0.15648,0.0546839746211026
4.9,1,5,1.94,20.7,1,1,3.14,9,0.5,0.866025403784439,1.37277744677352,0.093719806763285,0.0663177510518606
8,16.5,5,3.7,25.4333333333333,1,1,3.15,9,0.707106781186547,-0.707106781186548,2.4299100511427,0.145478374836173,0.0955403689833302
5,17.5,5,2.6,16.95,6,1,3.03,9,0.258819045102521,-0.965925826289068,1.28100366629445,0.153392330383481,0.0755754375394957
11.22,18,5,6.49,25.3333333333333,6,1,3.9,9,3.67394039744206e-16,-1,3.17712480558638,0.256184210526316,0.125412821273146
5.58,18.5,5,5.74,20.5833333333333,6,1,3.85,9,-0.25881904510252,-0.965925826289068,3.09086850406131,0.278866396761134,0.150163652019173
18.27,19.5,5,2.03,12.85,12,1,3.86,9,-0.707106781186547,-0.707106781186548,0.888727867267175,0.157976653696498,0.0691617017328541
9.26,20,5,1.22,14,6,1,3.01,9,-0.866025403784439,-0.5,0.742782961652408,0.0871428571428571,0.0530559258323149
4,21.5,5,4.31,40.8333333333333,2,1,9.09,9,-0.965925826289068,0.25881904510252,2.84323676812428,0.105551020408163,0.0696302881989619
3.82,23,5,0.98,16.6166666666667,1,1,2.24,9,-0.500000000000001,0.866025403784438,0.432188620325102,0.0589769307923771,0.0260093452552719
4.9,8,0,13.82,40.45,1,1,8.79,4,-0.866025403784438,-0.5,10.3099126045479,0.341656365883807,0.254880410495621
3.25,9,0,4.41,23.3666666666667,1,1,3.41,4,-1,-1.83697019872103e-16,1.25795603937005,0.188730385164051,0.0538354938389464
4,7.5,3,6.8,22.9166666666667,1,1,19.46,8,-0.707106781186547,-0.707106781186548,0.0684390321811697,0.296727272727273,0.00298643049517831
9.09,16.5,3,6.8,33.9666666666667,12,2,9.99,8,0.707106781186547,-0.707106781186548,2.89600841111075,0.200196270853778,0.0852603065096392
5,19,3,0.97,18.25,6,1,2.43,8,-0.499999999999999,-0.866025403784439,0.430764788118397,0.0531506849315068,0.0236035500338847
22.92,19,3,8.68,7,18,3,12.22,8,-0.499999999999999,-0.866025403784439,3.63968570102235,1.24,0.51995510014605
13.79,19.5,3,1.88,20.0333333333333,12,2,4.5,8,-0.707106781186547,-0.707106781186548,1.09016495357396,0.0938435940099833,0.0544175517590996
4.95,10,0,6.45,32.9333333333333,1,1,5.1,7,-0.866025403784439,0.5,3.69999603635089,0.19585020242915,0.112348057783934
6.08,19.5,0,3.34,18.5333333333333,6,1,3.22,7,-0.707106781186547,-0.707106781186548,2.21024602489741,0.180215827338129,0.119257879041227
4.25,21,0,1.39,9.96666666666667,1,1,2.34,7,-1,-4.28626379701574e-16,0.891353260309821,0.139464882943144,0.0894334374892797
6.47,1,5,3.14,18.2833333333333,2,1,12.61,6,0.5,0.866025403784439,1.74888671909803,0.171741112123974,0.0956546974894089
9.76,3,5,9.2,25.7666666666667,1,1,9.83,6,1,6.12323399573677e-17,5.33770665044667,0.357050452781371,0.207155497430013
10.09,10,5,10.44,30.3333333333333,1,1,4.28,6,-0.866025403784439,0.5,5.15524026365236,0.344175824175824,0.169952975724803
5.96,1,4,2.97,18.5666666666667,1,1,2.48,3,0.5,0.866025403784439,1.66299982363425,0.159964093357271,0.0895691107882001
1,10,4,6.86,25.25,1,1,7.03,3,-0.866025403784439,0.5,2.04573039119464,0.271683168316832,0.0810190253938469
7.45,8,2,2.15,18.3166666666667,1,1,2.86,5,-0.866025403784438,-0.5,0.801018128031621,0.117379435850773,0.0437316539416718
3.34,9.5,2,3.28,23.45,1,1,3.73,5,-0.965925826289068,0.25881904510252,1.02177477063814,0.139872068230277,0.0435724848886201
3,10,2,1.79,10.2333333333333,1,1,3.08,5,-0.866025403784439,0.5,0.685957707016911,0.174918566775244,0.0670316977540955
5.17,10.5,2,2.99,15.2833333333333,1,1,6.42,5,-0.707106781186548,0.707106781186547,1.47225684270366,0.195637949836423,0.09633087302314
3,11.5,2,6.49,43.35,6,2,9.1,5,-0.258819045102522,0.965925826289068,1.46351393985422,0.149711649365629,0.0337604138374675
3.9,17,2,4.51,26.9166666666667,6,1,5.15,5,0.5,-0.866025403784439,3.05424228883663,0.167554179566563,0.113470301752444
2,18,2,7.33,35.1833333333333,6,1,7.4,5,3.67394039744206e-16,-1,2.75642123277388,0.208337280909522,0.0783445163270644
3,19,2,1.6,15.8666666666667,6,1,2.65,5,-0.499999999999999,-0.866025403784439,0.609629678936503,0.100840336134454,0.0384220385884351
4.84,22.5,2,1.18,20.2,1,1,2.66,5,-0.707106781186547,0.707106781186548,1.83971098443799,0.0584158415841584,0.0910748012098015
5,18,6,10.74,44.8833333333333,6,1,15.01,9,3.67394039744206e-16,-1,5.76466433151026,0.239287040475306,0.128436635681625
25.66,19,6,11.85,19,24,4,23.14,9,-0.499999999999999,-0.866025403784439,4.58883231557459,0.623684210526316,0.241517490293399
6.76,20.5,6,1.27,6.85,6,1,6.85,9,-0.965925826289068,-0.258819045102523,0.262880476559829,0.185401459854015,0.0383767119065444
12.11,21.5,6,13.67,32.35,2,2,6.92,9,-0.965925826289068,0.25881904510252,9.44331475335954,0.422565687789799,0.291910811541253
1,22.5,6,3.26,14.0833333333333,1,1,6.04,9,-0.707106781186547,0.707106781186548,0.320854867410611,0.231479289940828,0.0227825941356647
4.29,10.5,1,3.65,18.2666666666667,1,1,3.79,4,-0.707106781186548,0.707106781186547,2.77316557460524,0.199817518248175,0.151815633646272
5.86,0,4,1.88,23.3666666666667,1,1,2.55,8,0,1,1.22189607977696,0.0804564907275321,0.0522922716024375
4.17,8,4,7.29,31.95,1,1,3.03,8,-0.866025403784438,-0.5,0.720549044804142,0.228169014084507,0.0225523957685177
4,8.5,4,9.91,46.9666666666667,2,2,19.05,8,-0.965925826289068,-0.258819045102521,2.759133833418,0.211000709723208,0.0587466394624131
5,9.5,4,2.62,15.0166666666667,1,1,3.39,8,-0.965925826289068,0.25881904510252,1.26207865208555,0.174472807991121,0.0840451932576395
7.49,16,4,5.06,29.5166666666667,2,1,6.57,8,0.866025403784439,-0.499999999999999,2.82756076594362,0.171428571428571,0.0957953957970734
5.2,18.5,4,4.72,42.5666666666667,6,1,3.62,8,-0.25881904510252,-0.965925826289068,3.2327660276786,0.110884886452623,0.0759459520989491
37.25,19.5,4,12.32,55.9,18,4,10.02,8,-0.707106781186547,-0.707106781186548,7.28817688013142,0.220393559928444,0.130378835064963
15.98,23,4,11.2,39.2833333333333,3,3,15.56,8,-0.500000000000001,0.866025403784438,1.59255134425806,0.285108188375053,0.0405401275585421
3.6,8.5,1,2.41,36.4,1,1,2.82,7,-0.965925826289068,-0.258819045102521,1.56143545774994,0.0662087912087912,0.0428965785096137
5.61,11.5,1,2.48,19.8333333333333,3,1,3.46,7,-0.258819045102522,0.965925826289068,0.699970023315382,0.125042016806723,0.0352926062175823
3,12,1,11.56,30,3,1,5.16,7,-2.44929359829471e-16,1,8.76252824601445,0.385333333333333,0.292084274867148
8.98,19,1,3.56,30.6,6,1,3.48,7,-0.499999999999999,-0.866025403784439,2.3972504194179,0.116339869281046,0.0783415169744411
3.8,19.5,1,14.09,50.9833333333333,12,2,10.36,7,-0.707106781186547,-0.707106781186548,6.4897471236252,0.276364825106244,0.127291542143678
4,21,1,4.32,18.1666666666667,1,1,3.57,7,-1,-4.28626379701574e-16,2.8815561315311,0.237798165137615,0.158617768708134
5,23,1,3.19,21.2,2,2,5.08,7,-0.500000000000001,0.866025403784438,1.58553491279568,0.150471698113208,0.0747893826790416
11.69,1.5,6,3.03,28.75,2,2,4.96,6,0.707106781186547,0.707106781186548,2.72426329674465,0.105391304347826,0.0947569842345964
9.39,2,6,8.96,46.5,2,3,9.74,6,0.866025403784439,0.5,3.8057136683488,0.192688172043011,0.081843304695673
4.33,4.5,6,3.99,16.25,1,1,5.39,6,0.707106781186548,-0.707106781186547,0.882421262402313,0.245538461538462,0.0543028469170654
6.24,11.5,6,4.06,23.6833333333333,3,1,3.85,6,-0.258819045102522,0.965925826289068,2.57499286335282,0.171428571428571,0.108725947784074
5.16,21,6,3.18,22.6333333333333,6,1,2.85,6,-1,-4.28626379701574e-16,0.507249255698375,0.140500736377025,0.0224116018717986
8.98,22,6,3.7,21.4833333333333,1,1,2.58,6,-0.866025403784439,0.499999999999999,0.460760203910607,0.1722265321955,0.0214473329981664
2,22,6,9.15,29.7666666666667,1,1,30.54,6,-0.866025403784439,0.499999999999999,0.612152194592246,0.307390817469205,0.0205650233345659
7.84,1.5,5,2.23,26.7,2,2,3.97,3,0.707106781186547,0.707106781186548,1.0210271332573,0.0835205992509363,0.038240716601397
4,2,5,6.75,29.8666666666667,2,2,9.31,3,0.866025403784439,0.5,7.34884738118997,0.226004464285714,0.246055157852343
1.5,3,5,7.33,26.6666666666667,1,1,14.51,3,1,6.12323399573677e-17,1.84011143760074,0.274875,0.0690041789100276
6.5,9.5,5,16.03,46.9833333333333,1,1,8.59,3,-0.965925826289068,0.25881904510252,10.4332955339363,0.341184817311103,0.222063757373599
4.88,11.5,5,2.11,23.0166666666667,6,2,4.95,3,-0.258819045102522,0.965925826289068,0.88367137085992,0.0916727009413468,0.0383926736072377
6.69,16,5,3.16,15.4833333333333,1,1,2.85,3,0.866025403784439,-0.499999999999999,2.82764675570605,0.204090419806243,0.182625194125256
2,18,5,3.34,25.9666666666667,6,1,6.08,3,3.67394039744206e-16,-1,1.90897042295018,0.128626444159178,0.0735161908709954
5.43,18.5,5,2.21,20.0833333333333,6,1,3.03,3,-0.25881904510252,-0.965925826289068,1.31074121080848,0.110041493775934,0.0652651225298827
14.53,8,3,16.92,9,2,2,13.06,5,-0.866025403784438,-0.5,1.82465774003888,1.88,0.202739748893209
10,18,3,6.8,28.5333333333333,6,1,3.87,5,3.67394039744206e-16,-1,1.65431275778562,0.238317757009346,0.0579782508569728
6.76,20,3,9.33,23.9333333333333,6,1,4.65,5,-0.866025403784439,-0.5,7.16507773902611,0.38983286908078,0.299376507201648
3,22,3,2.56,13.6333333333333,1,1,3.17,5,-0.866025403784439,0.499999999999999,1.24628933305409,0.187775061124694,0.0914148655051899
3.11,8,2,8.44,39.0166666666667,2,2,9.36,4,-0.866025403784438,-0.5,5.40889462936124,0.21631781290047,0.138630362136555
3.95,9,2,4.08,24.2666666666667,1,1,4.08,4,-1,-1.83697019872103e-16,2.38226405697382,0.168131868131868,0.0981702221280421
3.65,16.5,2,1.39,15.05,1,1,2.91,4,0.707106781186547,-0.707106781186548,1.63369477049442,0.092358803986711,0.108551147541158
8.3,18,2,3.22,23.3166666666667,12,2,6.24,4,3.67394039744206e-16,-1,1.36143189313649,0.138098641887062,0.0583887874111432
13.55,18.5,2,3.83,26.25,6,1,4.77,4,-0.25881904510252,-0.965925826289068,2.53687101676167,0.145904761904762,0.0966427054004444
3,19.5,2,3.24,26.85,12,1,7.05,4,-0.707106781186547,-0.707106781186548,1.96364857019322,0.120670391061453,0.0731340249606413
6.65,21.5,2,1.07,11.4,1,1,2.59,4,-0.965925826289068,0.25881904510252,0.855736956983461,0.093859649122807,0.0750646453494264
8.77,0,5,2.81,18.2,1,1,3.68,8,0,1,2.41257101472879,0.154395604395604,0.13255884696312
21.91,1,5,5.98,20.9,1,1,4.07,8,0.5,0.866025403784439,2.3734505195671,0.286124401913876,0.113562225816607
16.29,16,5,7.98,39.45,3,3,10.56,8,0.866025403784439,-0.499999999999999,2.5437690267528,0.202281368821293,0.0644808371800456
14.53,17.5,5,2.29,13.0166666666667,6,1,3.06,8,0.258819045102521,-0.965925826289068,0.25354946679127,0.175928297055058,0.0194788322758978
3,18,5,2.35,25.5166666666667,6,1,4.05,8,3.67394039744206e-16,-1,0.771843792558377,0.0920966688438929,0.0302486136861546
12,19.5,5,13.64,54.45,12,3,13.63,8,-0.707106781186547,-0.707106781186548,7.22860289220019,0.250505050505051,0.132756710600554
10.41,21.5,5,9.07,33.3333333333333,2,2,8.67,8,-0.965925826289068,0.25881904510252,7.64508113761048,0.2721,0.229352434128314
5.7,22.5,5,1.45,23.9,1,1,2.27,8,-0.707106781186547,0.707106781186548,0.913984612986789,0.0606694560669456,0.0382420340161836
8.21,17.5,2,2.17,16.95,6,1,3.85,7,0.258819045102521,-0.965925826289068,2.62095608181512,0.128023598820059,0.154628677393223
8.96,20,2,5.45,49.8166666666667,12,3,7.62,7,-0.866025403784439,-0.5,2.28029693391004,0.109401137504182,0.0457737758563406
4.11,1.5,0,0.77,12.9166666666667,1,1,2,6,0.707106781186547,0.707106781186548,0.123592065995467,0.0596129032258065,0.00956841801255232
3,21,0,0.56,28.8666666666667,1,1,2.3,6,-1,-4.28626379701574e-16,0.243956020157495,0.0193995381062356,0.00845113233801947
5.31,0.5,6,7.85,26.1833333333333,1,1,7.12,3,0.258819045102521,0.965925826289068,3.72893737200254,0.299809038828771,0.142416449599078
1,1.5,6,2.55,10.35,1,1,5,3,0.707106781186547,0.707106781186548,0.921051702197924,0.246376811594203,0.0889905026278187
2,1.5,6,9.06,39.6333333333333,2,2,17.17,3,0.707106781186547,0.707106781186548,1.7915176799858,0.228595458368377,0.0452022963831573
3.5,2.5,6,3.22,17.5666666666667,1,1,7.56,3,0.965925826289068,0.258819045102521,1.28125369155279,0.183301707779886,0.0729366427828911
3,9,6,1,6.93333333333333,1,1,2.57,3,-1,-1.83697019872103e-16,0.625223584277188,0.144230769230769,0.0901764785015175
8.91,18,6,3.97,26.4,12,2,6.35,3,3.67394039744206e-16,-1,0.898163645490729,0.150378787878788,0.0340213502079822
7.45,18.5,6,14.54,51.6166666666667,18,3,22.31,3,-0.25881904510252,-0.965925826289068,8.18464002415142,0.281691959961253,0.158565838375552
7.13,0,4,7,29.9666666666667,2,2,7.04,5,0,1,2.54875316275923,0.233592880978865,0.0850529420275604
3,1,4,3.18,25.9166666666667,1,1,3.08,5,0.5,0.866025403784439,2.07145386332922,0.122700964630225,0.0799274802570759
7.55,2,4,4.27,48.4,2,2,7.16,5,0.866025403784439,0.5,1.25955784331131,0.0882231404958678,0.0260239223824651
6.87,3,4,5.06,23.5666666666667,1,1,3.46,5,1,6.12323399573677e-17,2.28117526086913,0.214710042432815,0.0967966871655924
9,7,4,12.16,24.6666666666667,1,1,5.26,5,-0.5,-0.866025403784439,9.63003752859137,0.492972972972973,0.390406926834785
3.62,10,4,3.29,24.9333333333333,1,1,3.76,5,-0.866025403784439,0.5,7.97531649220902,0.131951871657754,0.319865634714266
5.67,16,4,0.92,15.9666666666667,1,1,2.99,5,0.866025403784439,-0.499999999999999,0.60343619229029,0.0576200417536534,0.0377934984732958
5.21,17,4,8.89,30.5166666666667,6,2,7.83,5,0.5,-0.866025403784439,7.2872300764502,0.291316220644457,0.23879508715839
1.36,17.5,4,2.05,16.4166666666667,6,1,5.67,5,0.258819045102521,-0.965925826289068,0.749665530520312,0.1248730964467,0.0456649054124048
26.57,18.5,4,8.19,26.45,6,1,4.13,5,-0.25881904510252,-0.965925826289068,4.62243600533302,0.309640831758034,0.174761285645861
3,19.5,4,3.81,26.2,12,1,6.03,5,-0.707106781186547,-0.707106781186548,1.59500153487976,0.145419847328244,0.0608779211786169
3.82,21,4,1.59,8.51666666666667,6,1,2.22,5,-1,-4.28626379701574e-16,2.12011988539912,0.186692759295499,0.248937755624163
8.52,0,4,5.96,28.0666666666667,1,1,2.6,5,0,1,0.484138406180665,0.212351543942993,0.017249586918551
4.74,23,1,1.71,22.1333333333333,1,1,2.46,9,-0.500000000000001,0.866025403784438,1.20872269073311,0.0772590361445783,0.054610964942761
2,23.5,1,2.18,13.1,1,1,5.09,9,-0.258819045102521,0.965925826289068,0.792707943848186,0.166412213740458,0.0605120567823042
4,23.5,1,1.36,14.3166666666667,1,1,3.03,9,-0.258819045102521,0.965925826289068,0.895493927311289,0.0949941792782305,0.0625490519658642
8.99,20,3,2.63,17.0166666666667,6,1,3.03,4,-0.866025403784439,-0.5,1.33458392139582,0.154554358472086,0.0784280463112138
7.2,20.5,3,3.55,23.6166666666667,6,1,4.29,4,-0.965925826289068,-0.258819045102523,2.03543620333416,0.150317572335921,0.0861864306281226
5.34,0,3,3.22,16.75,1,1,2.79,4,0,1,1.91711945802254,0.192238805970149,0.114454893016271
8.88,8,6,2.7,10.6166666666667,1,1,3.01,8,-0.866025403784438,-0.5,1.56708244310721,0.254317111459969,0.147605881611354
9,8.5,6,2.73,18.5333333333333,1,1,7.08,8,-0.965925826289068,-0.258819045102521,0.536540318378642,0.147302158273381,0.0289500171787037
3.22,9.5,6,4.63,19.7,1,1,4.87,8,-0.965925826289068,0.25881904510252,1.97247946146659,0.23502538071066,0.100125860988152
5.94,11.5,6,11.01,36.6166666666667,3,1,6.13,8,-0.258819045102522,0.965925826289068,5.60061953566602,0.300682749203459,0.152952741074174
5,16,6,1.45,23.7166666666667,1,1,2.25,8,0.866025403784439,-0.499999999999999,0.363644453560422,0.0611384399156711,0.015332865223911
8.74,18,6,12.79,7,18,3,18.36,8,3.67394039744206e-16,-1,2.92846425141318,1.82714285714286,0.418352035916169
11.3,20,6,11.09,36.3,12,1,9.18,8,-0.866025403784439,-0.5,4.9870025378766,0.305509641873278,0.137382990024149
9.14,22.5,6,5.13,26.5666666666667,2,1,4.93,8,-0.707106781186547,0.707106781186548,2.3427896766908,0.193099121706399,0.0881853077800804
2,1,3,1.48,13.45,1,1,4.52,7,0.5,0.866025403784439,0.882421262402313,0.11003717472119,0.0656075288031459
6.5,2,3,14.76,45.95,2,2,16.56,7,0.866025403784439,0.5,12.1186100374595,0.321218715995647,0.263734712458314
3,7.5,3,2.99,15.3,1,1,3.18,7,-0.707106781186547,-0.707106781186548,0.413574522246655,0.195424836601307,0.0270310145259252
23,18.5,3,9.39,46.15,12,3,7.21,7,-0.25881904510252,-0.965925826289068,4.26538270566622,0.203466955579632,0.0924243273167111
2,19.5,3,8.19,24.5166666666667,6,1,10.04,7,-0.707106781186547,-0.707106781186548,2.84224330181513,0.334058463630184,0.115931066015573
3.5,20.5,3,1.58,7.18333333333333,6,1,2.67,7,-0.965925826289068,-0.258819045102523,0.94568392980445,0.219953596287703,0.13164973500758
13.97,0,1,4.75,26.6166666666667,2,1,5.24,6,0,1,1.73624276719459,0.178459611772073,0.0652314126685507
4.32,1,1,3.47,16.4666666666667,1,1,2.77,6,0.5,0.866025403784439,1.34873789203265,0.210728744939271,0.0819071594351814
3,0.5,0,1.25,21.0333333333333,1,1,4.49,3,0.258819045102521,0.965925826289068,1.28052543298664,0.0594294770206022,0.0608807654351808
3,1.5,0,2,19.55,1,1,3.04,3,0.707106781186547,0.707106781186548,1.79175944542523,0.10230179028133,0.091650099510242
3,8.5,0,9.69,21.1666666666667,1,1,5.09,3,-0.965925826289068,-0.258819045102521,8.1559430671534,0.457795275590551,0.385320144904885
1,12,0,5.9,30.25,3,1,4.04,3,-2.44929359829471e-16,1,0.81961130150652,0.19504132231405,0.0270945884795544
2,20.5,0,3.79,17.5166666666667,6,1,3.31,3,-0.965925826289068,-0.258819045102523,2.33376624357769,0.216365366317793,0.133231184219469
4,0.5,5,18.4,50.3666666666667,2,2,22.04,5,0.258819045102521,0.965925826289068,9.45690475794173,0.365320979483786,0.187761179840008
8.3,2.5,5,3.12,14.1,1,1,3.25,5,0.965925826289068,0.258819045102521,0.641876817500978,0.221276595744681,0.0455231785461687
6,8,5,9,60,2,2,8.16,5,-0.866025403784438,-0.5,2.38474885883108,0.15,0.0397458143138513
2,9.5,5,1.44,15.1333333333333,1,1,3.01,5,-0.965925826289068,0.25881904510252,0.344578968473337,0.0951541850220264,0.0227695353616742
8.11,10.5,5,4,37.6666666666667,6,2,6.92,5,-0.707106781186548,0.707106781186547,8.72380247519477,0.106194690265487,0.231605375447649
4,12,5,4.96,20.7666666666667,6,2,6.28,5,-2.44929359829471e-16,1,1.5957017435706,0.23884430176565,0.0768395703164015
7.78,18.5,5,3.33,31.4833333333333,12,1,6.38,5,-0.25881904510252,-0.965925826289068,1.82842977777508,0.105770248808894,0.0580761178753333
11.79,19.5,5,2.64,23.9666666666667,6,1,3.09,5,-0.707106781186547,-0.707106781186548,1.33458392139582,0.110152990264256,0.0556850036743736
17.32,20,5,4.81,35.25,6,1,3.07,5,-0.866025403784439,-0.5,4.39785886949462,0.13645390070922,0.124761953744528
4,20,5,3.61,19.0666666666667,6,1,3.33,5,-0.866025403784439,-0.5,1.73748575644309,0.189335664335664,0.0911268753379242
5.08,23.5,5,1.96,15.6166666666667,1,1,4.37,5,-0.258819045102521,0.965925826289068,0.923950816169664,0.125506937033084,0.0591644065850372
10.91,23.5,5,6.61,35.2666666666667,2,1,5.07,5,-0.258819045102521,0.965925826289068,2.41257101472879,0.187429111531191,0.0684093860509109
8.46,1,2,1.84,13.7833333333333,1,1,3.03,9,0.5,0.866025403784439,1.77144057571521,0.133494558645707,0.128520477077283
8.88,15.5,2,9.19,37.5166666666667,2,1,9.19,9,0.965925826289068,-0.25881904510252,8.30097107279609,0.244957796534873,0.221260890434369
4,19,2,0.99,12.0833333333333,6,1,2.42,9,-0.499999999999999,-0.866025403784439,0.144021473601093,0.0819310344827586,0.011919018504918
5,19.5,2,4.16,35.7166666666667,12,2,5.64,9,-0.707106781186547,-0.707106781186548,3.05074076944495,0.116472235184321,0.085415047207978
3,1,4,7.75,53.2,2,2,12.16,4,0.5,0.866025403784439,2.97387349198955,0.145676691729323,0.0558998776689765
5,9.5,4,1.51,19.0333333333333,1,1,4.07,4,-0.965925826289068,0.25881904510252,9.05594118588786,0.0793345008756567,0.475793757577295
3.6,19,4,12.35,59.85,12,1,13.03,4,-0.499999999999999,-0.866025403784439,5.84781036468907,0.206349206349206,0.0977077755169436
8.19,20,4,5.85,57.8666666666667,18,2,13.88,4,-0.866025403784439,-0.5,2.50996952894319,0.101094470046083,0.0433750494633039
7.38,20,4,4.38,18.35,6,1,3.24,4,-0.866025403784439,-0.5,1.84372862776224,0.238692098092643,0.100475674537452
2,22.5,4,3.16,16.3833333333333,1,1,4.54,4,-0.707106781186547,0.707106781186548,1.47247471649683,0.192878942014242,0.0898763814748829
6,23.5,4,3.49,26.8333333333333,1,1,4.08,4,-0.258819045102521,0.965925826289068,1.96151026340607,0.130062111801242,0.0730997613691703
24.66,8.5,0,5.89,55.8333333333333,3,4,10.03,8,-0.965925826289068,-0.258819045102521,0.622825271621656,0.105492537313433,0.0111550794917312
3,9.5,0,4.68,27.6666666666667,1,1,4.03,8,-0.965925826289068,0.25881904510252,1.13605392382949,0.169156626506024,0.0410621900179333
7.21,15,0,2.66,20.6166666666667,1,1,2.97,8,1,1.19434011948696e-15,1.95380221043655,0.129021827000808,0.094768094281482
4,15.5,0,1.74,17.8,1,1,3.09,8,0.965925826289068,-0.25881904510252,1.21286916751354,0.097752808988764,0.0681387172760417
4.48,7.5,4,1.78,22.7333333333333,1,1,2.82,7,-0.707106781186547,-0.707106781186548,1.05030774226925,0.0782991202346041,0.0462012203344244
3,8,4,3.79,20.1833333333333,1,1,3.51,7,-0.866025403784438,-0.5,7.69817612253619,0.187778695293146,0.381412524650844
10.98,19.5,4,6.08,30.1666666666667,6,1,3.92,7,-0.707106781186547,-0.707106781186548,4.83384112383453,0.201546961325967,0.160237827309432
10.33,20,4,0.94,17.95,6,1,3.06,7,-0.866025403784439,-0.5,0.868077491335839,0.0523676880222841,0.0483608630270662
6.69,20.5,4,5.53,40.2666666666667,6,1,4.35,7,-0.965925826289068,-0.258819045102523,4.46103043182714,0.137334437086093,0.110787179598356
3.82,22,4,2.34,20.6333333333333,1,1,2.83,7,-0.866025403784439,0.499999999999999,1.61538625701646,0.113408723747981,0.0782901255419931
4,1,2,1.08,26.4833333333333,1,1,6.61,6,0.5,0.866025403784439,0.872715521044135,0.0407803650094399,0.0329533865718364
4.99,1.5,2,14.16,27.8833333333333,1,1,21.03,6,0.707106781186547,0.707106781186548,9.46968037412083,0.507830245068739,0.3396179452763
4.17,19,2,1.9,15.8666666666667,6,1,2.86,6,-0.499999999999999,-0.866025403784439,1.35013094310018,0.119747899159664,0.0850922863298432
8.07,20,2,0.66,12.5666666666667,6,1,2.06,6,-0.866025403784439,-0.5,1.36810968651215,0.0525198938992043,0.108868144815291
6.97,21.5,2,1.96,22.1,1,1,3.1,6,-0.965925826289068,0.25881904510252,0.86404588711006,0.0886877828054299,0.0390970989642561
5,22.5,2,1.19,15.3166666666667,1,1,3.01,6,-0.707106781186547,0.707106781186548,0.936469448685832,0.0776931447225245,0.061140551600816
4.19,23.5,2,2.74,18.9,1,1,2.84,6,-0.258819045102521,0.965925826289068,1.22189607977696,0.144973544973545,0.064650586231585
7.99,1,1,4.33,25.1666666666667,1,1,3.08,3,0.5,0.866025403784439,0.118574731049871,0.17205298013245,0.00471157871721341
4,2,1,7.44,18.1666666666667,1,1,10.44,3,0.866025403784439,0.5,2.02548524338928,0.40954128440367,0.111494600553538
5.58,12.5,1,13.29,59.25,6,2,13.53,3,0.258819045102521,0.965925826289068,7.03611490717839,0.224303797468354,0.118752994213981
15.21,23.5,1,2.67,19.2,1,1,2.47,3,-0.258819045102521,0.965925826289068,1.71966233395119,0.1390625,0.089565746559958
10.02,1,6,3.6,32.35,2,1,5.79,5,0.5,0.866025403784439,1.25272730913511,0.1112828438949,0.0387241826626001
11,1.5,6,9.67,47.3666666666667,3,2,13.12,5,0.707106781186547,0.707106781186548,4.01565317096352,0.204152005629838,0.0847780402033114
8.3,1.5,6,3.12,14.1,1,1,3.09,5,0.707106781186547,0.707106781186548,0.641876817500978,0.221276595744681,0.0455231785461687
5.68,12.5,6,6.34,25.5,3,1,4.4,5,0.258819045102521,0.965925826289068,2.30280487458759,0.248627450980392,0.0903060735132388
10,18,6,2.73,18.1,6,1,3.33,5,3.67394039744206e-16,-1,2.63134733083243,0.150828729281768,0.145378305570853
10.27,18.5,6,4.29,29.2333333333333,6,1,3.18,5,-0.25881904510252,-0.965925826289068,0.691811013007958,0.146750285062714,0.023665142976327
4.19,22.5,3,2.2,26.9333333333333,1,1,3.06,9,-0.707106781186547,0.707106781186548,1.21286916751354,0.0816831683168317,0.0450322710710473
17.53,23.5,3,3.88,52.6666666666667,3,2,8.08,9,-0.258819045102521,0.965925826289068,1.39270314562552,0.0736708860759494,0.0264437306131428
4.09,0,5,1.56,12.5166666666667,1,1,2.43,4,0,1,0.784626819795933,0.124633821571238,0.0626865634990093
5.24,0.5,5,2.16,22.1833333333333,1,1,5.85,4,0.258819045102521,0.965925826289068,1.02658703450373,0.0973703981968445,0.0462774020061784
6.19,0.5,5,2.6,33.4666666666667,1,1,5.83,4,0.258819045102521,0.965925826289068,2.47920856695445,0.0776892430278884,0.0740799372595951
5,9.5,5,3.49,37.65,2,2,5.68,4,-0.965925826289068,0.25881904510252,9.04266430854315,0.0926958831341302,0.240177006867016
1.09,10.5,5,4.18,25.9166666666667,3,1,4.94,4,-0.707106781186548,0.707106781186547,0.897286745419844,0.16128617363344,0.0346219966078396
17.59,18.5,5,9.29,35.8833333333333,12,1,9.1,4,-0.25881904510252,-0.965925826289068,3.90674061411844,0.258894565722248,0.108873403087369
3,19,5,11.78,3,12,1,15.03,4,-0.499999999999999,-0.866025403784439,9.6457139843037,3.92666666666667,3.2152379947679
12.88,21,5,7.13,37.9666666666667,3,2,11.13,4,-1,-4.28626379701574e-16,3.84204997137534,0.187796312554873,0.101195346041493
4.24,22,5,5.41,20.5666666666667,1,1,3.79,4,-0.866025403784439,0.499999999999999,0.56748456341337,0.263047001620746,0.0275924423053502
4,22,5,3.81,17.5,1,1,3.43,4,-0.866025403784439,0.499999999999999,0.863368722144643,0.217714285714286,0.0493353555511224
1,23,5,2.65,31.2,1,1,3.03,4,-0.500000000000001,0.866025403784438,1.91444281978889,0.0849358974358974,0.0613603467881054
12.21,23,5,4.47,23.45,2,2,9.54,4,-0.500000000000001,0.866025403784438,1.47574375634157,0.190618336886994,0.0629315034687236
5.57,0,1,1.86,15.9333333333333,1,1,2.75,8,0,1,1.16373347578575,0.11673640167364,0.073037665844294
5.83,6.5,1,11.59,33.2666666666667,1,1,9.64,8,-0.258819045102521,-0.965925826289068,11.3628912240599,0.348396793587174,0.341569876474747
5.41,17,1,4.41,28.0666666666667,6,1,4.6,8,0.5,-0.866025403784439,2.54196995052842,0.157125890736342,0.0905690006126514
13,20,1,4.76,29.8833333333333,6,1,4.76,8,-0.866025403784439,-0.5,1.65245598499164,0.159286112660346,0.0552969097041261
7.17,20.5,1,18.85,52.8166666666667,12,2,7.32,8,-0.965925826289068,-0.258819045102523,13.6102513665622,0.356894919532976,0.257688571156117
2,21.5,1,1.54,8.93333333333333,1,1,2.49,8,-0.965925826289068,0.25881904510252,0.696450273900598,0.172388059701493,0.077960851556037
6.65,22.5,1,2.87,12.9666666666667,1,1,2.83,8,-0.707106781186547,0.707106781186548,1.17164078652425,0.22133676092545,0.0903579012743637
11.07,23,1,1.5,19.2333333333333,1,1,3.07,8,-0.500000000000001,0.866025403784438,1.21286916751354,0.0779896013864818,0.0630607886055568
7.36,9,5,1.87,11.7,1,1,3.65,7,-1,-1.83697019872103e-16,1.29950444452095,0.15982905982906,0.111068755941961
6.58,12,5,5.14,24.6833333333333,3,1,3.52,7,-2.44929359829471e-16,1,1.61303776037826,0.208237677245105,0.0653492678073568
12.46,13,5,22.22,1,6,2,7.89,7,0.5,0.866025403784439,10.4945906550356,22.22,10.4945906550356
10.58,18.5,5,6.51,39.35,12,2,4.53,7,-0.25881904510252,-0.965925826289068,2.85171291044192,0.165438373570521,0.0724704678638354
8.18,1,3,4.22,19.15,1,1,3.32,6,0.5,0.866025403784439,1.821851210675,0.220365535248042,0.0951358334556136
3,2.5,3,3.86,16.4666666666667,1,1,5.04,6,0.965925826289068,0.258819045102521,1.86357941229667,0.234412955465587,0.113172838803442
10.5,12,3,19.63,49.1666666666667,6,2,18.12,6,-2.44929359829471e-16,1,12.8696646767247,0.399254237288136,0.261755891729995
3.86,13.5,3,3.35,13.9666666666667,3,1,2.79,6,0.707106781186547,0.707106781186548,1.00101588251485,0.239856801909308,0.0716717815643089
10.84,13.5,3,4.39,17.7,3,1,3.52,6,0.707106781186547,0.707106781186548,0.151363771049571,0.248022598870056,0.00855162548302659
18.8,19,3,1.4,23.6333333333333,12,3,4.59,6,-0.499999999999999,-0.866025403784439,0.382760073271305,0.0592383638928068,0.0161957717886307
6.59,20,3,0.75,14.4166666666667,6,1,2.03,6,-0.866025403784439,-0.5,0.646325126985582,0.0520231213872832,0.0448318007157629
12.62,20.5,3,4.96,30.5333333333333,6,2,6.28,6,-0.965925826289068,-0.258819045102523,4.24901882325859,0.162445414847162,0.139160005128556
5.59,0.5,2,0.78,15.5166666666667,1,1,2,3,0.258819045102521,0.965925826289068,5.52635281904594,0.0502685284640172,0.356155928187708
3.64,0.5,2,4.63,27.4,1,1,6.94,3,0.258819045102521,0.965925826289068,1.28052543298664,0.168978102189781,0.0467345048535269
2,10,2,8.94,20.4,1,1,5.05,3,-0.866025403784439,0.5,6.68777709231172,0.438235294117647,0.327832210407437
3,23.5,2,4.23,15.7333333333333,1,1,3.04,3,-0.258819045102521,0.965925826289068,1.28052543298664,0.26885593220339,0.0813893283677947
4.21,1.5,4,2.62,15.2,1,1,6.84,9,0.707106781186547,0.707106781186548,1.67591798887844,0.172368421052632,0.110257762426213
12.48,22.5,4,5.83,33.5166666666667,2,1,6.12,9,-0.707106781186547,0.707106781186548,1.10600935374804,0.173943311785182,0.0329987872823879
14.27,23.5,4,4.65,33.9833333333333,2,2,8.12,9,-0.258819045102521,0.965925826289068,1.77443765401475,0.136831780284453,0.0522149383231413
3.4,8.5,6,10.21,47.4,1,1,12.63,4,-0.965925826289068,-0.258819045102521,4.10990756277563,0.215400843881857,0.0867069106070807
11.95,18,6,4.01,29.3833333333333,12,1,7.09,4,3.67394039744206e-16,-1,2.68710329542449,0.136471922858763,0.0914499136276059
7.29,19,6,0.98,10.35,6,1,2.31,4,-0.499999999999999,-0.866025403784439,0.669479008511431,0.0946859903381643,0.0646839621750175
6.15,22.5,6,19.85,43.0333333333333,2,2,19.92,4,-0.707106781186547,0.707106781186548,8.3144549019929,0.461270333075136,0.193209641409595
3,9,2,7.16,35.0833333333333,1,1,4.59,8,-1,-1.83697019872103e-16,3.73483990310546,0.204085510688836,0.106456244269039
2,10.5,2,3.24,18.7166666666667,3,1,4.1,8,-0.707106781186548,0.707106781186547,3.60772568107361,0.173107747105966,0.192754711366355
2,11.5,2,5.71,27.9333333333333,3,1,11.05,8,-0.258819045102522,0.965925826289068,0.353349549667762,0.204415274463007,0.0126497452148363
3,17,2,2.85,20.6,6,1,4.07,8,0.5,-0.866025403784439,1.5605351839754,0.138349514563107,0.0757541351444368
17.1,18.5,2,17.43,59.4666666666667,24,3,19.56,8,-0.25881904510252,-0.965925826289068,3.61376725134541,0.293105381165919,0.0607696286661223
7.41,19.5,2,4.3,25.45,12,1,5.1,8,-0.707106781186547,-0.707106781186548,0.360526343929929,0.168958742632613,0.0141660645944962
3,20.5,2,5.61,27.25,6,1,4.03,8,-0.965925826289068,-0.258819045102523,2.98467652112425,0.205871559633028,0.109529413619238
11.25,7,6,6.15,17.8333333333333,1,1,3.04,7,-0.5,-0.866025403784439,1.15511446736441,0.344859813084112,0.0647727738709013
5,11.5,6,0.66,7.38333333333333,3,1,2,7,-0.258819045102522,0.965925826289068,0.212925590013999,0.0893905191873589,0.0288386803630698
9,12.5,6,8.47,37.1333333333333,6,2,6.22,7,0.258819045102521,0.965925826289068,3.17292308241139,0.228096947935368,0.0854467616448309
17.39,13,6,9.74,41.1666666666667,3,1,8.45,7,0.5,0.866025403784439,7.06994131612336,0.236599190283401,0.171739465168988
14.3,18.5,6,1.48,12.2,6,1,3.07,7,-0.25881904510252,-0.965925826289068,2.64653600560417,0.121311475409836,0.216929180787227
19,18.5,6,13.11,59.3833333333333,18,3,11.1,7,-0.25881904510252,-0.965925826289068,7.75427693492412,0.220769014875105,0.130580021357128
17.57,19.5,6,3.71,28.1833333333333,6,1,3.52,7,-0.707106781186547,-0.707106781186548,1.24869599084762,0.13163808397398,0.0443061853641969
13.47,20.5,6,0.85,9.35,6,1,3.03,7,-0.965925826289068,-0.258819045102523,0.676867586446962,0.0909090909090909,0.0723922552349692
4,0.5,1,2.96,18.95,1,1,4.03,5,0.258819045102521,0.965925826289068,1.50095494575995,0.156200527704486,0.0792060657393115
3,19.5,1,2.77,16.9666666666667,6,1,3.12,5,-0.707106781186547,-0.707106781186548,0.842411584977496,0.163261296660118,0.0496509775035852
20.34,19.5,1,4.26,26.35,12,2,5.34,5,-0.707106781186547,-0.707106781186548,1.57042743077295,0.161669829222011,0.0595987639762029
7.11,0,5,0.74,15.6666666666667,1,1,2.91,9,0,1,0.326548221340515,0.0472340425531915,0.0208435034898201
5,1.5,5,4.65,29.2166666666667,1,1,9.07,9,0.707106781186547,0.707106781186548,1.02605272172298,0.159155733029093,0.0351187468929714
3,22.5,5,3.13,28.0833333333333,1,1,4.06,9,-0.707106781186547,0.707106781186548,1.21286916751354,0.111454005934718,0.0431882196147255
15.38,23,5,5.43,46.95,2,2,7.04,9,-0.500000000000001,0.866025403784438,2.56875514963,0.115654952076677,0.0547125697471778
0.5,19.5,0,2.09,18.8833333333333,6,1,4.52,4,-0.707106781186547,-0.707106781186548,0.663667698304683,0.110679611650485,0.0351456857001597
4.15,7,3,8.22,29.7166666666667,1,1,4.89,8,-0.5,-0.866025403784439,5.61785390623672,0.276612450925407,0.189047243059003
5.99,10.5,3,5.88,29.6666666666667,3,1,4.32,8,-0.707106781186548,0.707106781186547,2.22991523249736,0.198202247191011,0.0751656819942931
4,11,3,17.6,60,3,1,19.61,8,-0.5,0.866025403784438,7.24613915991808,0.293333333333333,0.120768985998635
8.02,20.5,3,4.02,36.5333333333333,6,1,6.69,8,-0.965925826289068,-0.258819045102523,2.23774459971049,0.110036496350365,0.0612521332037542
4.16,22.5,3,7.09,17.8666666666667,1,1,3.88,8,-0.707106781186547,0.707106781186548,2.66788583147721,0.396828358208955,0.149321968179695
10,2,5,7.46,26.7166666666667,2,2,6.03,6,0.866025403784439,0.5,4.06900465301766,0.27922645040549,0.152302108035596
16.69,16,5,7.32,22.3,1,2,4.42,6,0.866025403784439,-0.499999999999999,5.39076741241585,0.328251121076233,0.241738448987258
9,16.5,5,1.82,26.3666666666667,12,2,6.2,6,0.707106781186547,-0.707106781186548,0.519841979200479,0.0690265486725664,0.019715877845783
5,17.5,5,8.97,21.4666666666667,6,1,4.03,6,0.258819045102521,-0.965925826289068,5.4560433343053,0.417857142857143,0.254163509362048
11.41,18,5,3.91,16.8666666666667,6,3,3.02,6,3.67394039744206e-16,-1,1.39200006600924,0.231818181818182,0.0825296481823661
5,19,5,2.97,28.6833333333333,6,1,3.33,6,-0.499999999999999,-0.866025403784439,1.38348127854013,0.103544450900639,0.0482329324302195
7.71,20,5,4.52,33.5666666666667,12,2,5.95,6,-0.866025403784439,-0.5,2.28958619665112,0.134657398212512,0.0682101150938765
6.47,1,4,4.55,13.2333333333333,1,1,3.57,3,0.5,0.866025403784439,2.31496662133578,0.343828715365239,0.174934505390613
4.48,1.5,4,2.27,11.6666666666667,1,1,6.94,3,0.707106781186547,0.707106781186548,1.28052543298664,0.194571428571429,0.109759322827426
4,2.5,4,4.47,14,1,1,7.44,3,0.965925826289068,0.258819045102521,2.02548524338928,0.319285714285714,0.144677517384949
3.94,11,4,9.76,31.2833333333333,3,1,9.14,3,-0.5,0.866025403784438,5.36846308749042,0.311987213638785,0.171607770511148
16.77,1.5,2,15.78,52.8,2,2,10.75,5,0.707106781186547,0.707106781186548,9.17279707197385,0.298863636363636,0.173727217272232
3.87,7.5,2,2.28,16.5333333333333,1,1,3.33,5,-0.707106781186547,-0.707106781186548,8.76502077766014,0.137903225806452,0.530142385745573
4.05,8,2,3.53,19.85,1,1,3.6,5,-0.866025403784438,-0.5,2.38226405697382,0.177833753148615,0.120013302618328
6.96,9.5,2,11.74,24.4,1,1,6.11,5,-0.965925826289068,0.25881904510252,10.2350560039944,0.481147540983607,0.419469508360428
5.75,18,2,6.86,22.1666666666667,6,1,4.78,5,3.67394039744206e-16,-1,4.51132517555924,0.309473684210526,0.203518428972597
5.79,18,2,4.1,13.45,6,1,5.23,5,3.67394039744206e-16,-1,2.64290560650418,0.304832713754647,0.1964985581044
5.55,18.5,2,16.7,59.45,12,2,11.96,5,-0.25881904510252,-0.965925826289068,1.61252763828142,0.280908326324643,0.027124098204902
16.96,20,2,3.53,20.3333333333333,6,1,3.02,5,-0.866025403784439,-0.5,3.07109671032987,0.173606557377049,0.151037543130977
5.86,20,2,5.38,19.7333333333333,6,1,4.2,5,-0.866025403784439,-0.5,1.94483033302131,0.272635135135135,0.0985555912004043
9.91,21.5,2,5.65,23.85,2,2,6.72,5,-0.965925826289068,0.25881904510252,2.55782654671353,0.236897274633124,0.107246396088617
4.55,0.5,6,7.96,26.2166666666667,2,2,16.48,9,0.258819045102521,0.965925826289068,3.00790197505998,0.303623649078195,0.114732433886586
10.47,1,6,6.5,38.45,2,1,11.18,9,0.5,0.866025403784439,2.02548524338928,0.169050715214564,0.0526784198540775
4.99,17.5,1,2.66,18.9,6,1,3.02,4,0.258819045102521,-0.965925826289068,1.62703420648905,0.140740740740741,0.0860864659518016
2.5,22,1,2.75,14.45,1,1,3.51,4,-0.866025403784439,0.499999999999999,0.782843091296461,0.190311418685121,0.0541759924772637
2,23.5,1,3.57,18.6333333333333,1,1,6.03,4,-0.258819045102521,0.965925826289068,1.23907729624979,0.191592128801431,0.0664978870974843
5.19,8.5,4,4.5,21.7666666666667,1,1,3.13,8,-0.965925826289068,-0.258819045102521,1.47537258331902,0.206738131699847,0.0677812825414558
5.19,8.5,4,4.5,21.7666666666667,1,1,3.13,8,-0.965925826289068,-0.258819045102521,1.47537258331902,0.206738131699847,0.0677812825414558
5,9,4,1.69,16.1166666666667,1,1,3.08,8,-1,-1.83697019872103e-16,1.01727495412172,0.104860392967942,0.0631194387252359
5,9,4,1.69,16.1166666666667,1,1,3.08,8,-1,-1.83697019872103e-16,1.01727495412172,0.104860392967942,0.0631194387252359
3.8,10.5,4,5.53,32.4833333333333,2,2,10.78,8,-0.707106781186548,0.707106781186547,1.21279118524557,0.170241149307337,0.0373357984170007
3.8,10.5,4,5.53,32.4833333333333,2,1,10.78,8,-0.707106781186548,0.707106781186547,1.21279118524557,0.170241149307337,0.0373357984170007
7,11.5,4,17.89,57.8,9,3,17.55,8,-0.258819045102522,0.965925826289068,7.6909980191466,0.309515570934256,0.133062249466204
7,11.5,4,17.89,57.8,9,3,17.55,8,-0.258819045102522,0.965925826289068,7.6909980191466,0.309515570934256,0.133062249466204
1,18,4,1.97,20.8166666666667,6,1,6.04,8,3.67394039744206e-16,-1,1.13782603168101,0.0946357085668535,0.0546593770223062
2.75,18.5,4,2.77,16.0333333333333,6,1,3.42,8,-0.25881904510252,-0.965925826289068,1.96866518032903,0.172765072765073,0.122785770082891
5.38,21,4,4.38,29.0333333333333,6,1,4.16,8,-1,-4.28626379701574e-16,2.99572877192979,0.150861079219288,0.103182391685297
11.5,23,4,7.22,36.3333333333333,2,2,6.14,8,-0.500000000000001,0.866025403784438,2.50110440290149,0.198715596330275,0.0688377358596739
6.07,23.5,4,1.9,42.2,1,1,3.01,8,-0.258819045102521,0.965925826289068,1.28913124100256,0.0450236966824644,0.0305481336730465
4,8.5,1,11.72,28.4,1,1,5.26,7,-0.965925826289068,-0.258819045102521,7.72633828730889,0.412676056338028,0.272054165046088
14.52,11.5,1,7.35,32.5833333333333,6,2,11.85,7,-0.258819045102522,0.965925826289068,3.24871929524911,0.225575447570332,0.0997049400076454
7.98,18,1,8.71,20.5333333333333,6,1,9.07,7,3.67394039744206e-16,-1,7.36669793250887,0.424188311688312,0.358767756453354
3,18.5,1,6.82,29.7,6,1,5.02,7,-0.25881904510252,-0.965925826289068,3.24830598246555,0.22962962962963,0.109370571800187
8.51,1,6,8.74,50.7,1,1,4.57,6,0.5,0.866025403784439,1.53255715794913,0.172386587771203,0.0302279518333162
5,10,6,1.36,16.7833333333333,1,1,2.56,6,-0.866025403784439,0.5,0.704208424569365,0.0810327706057597,0.0419587939167447
11.01,11,6,9.81,33.65,6,2,6.24,6,-0.5,0.866025403784438,2.77113822580325,0.291530460624071,0.0823518046301116
5.28,12.5,6,2.18,15.7166666666667,3,1,3.32,6,0.258819045102521,0.965925826289068,1.78608445617441,0.138706256627784,0.113642701347259
8.88,21,6,9.45,45.2833333333333,3,2,9.69,6,-1,-4.28626379701574e-16,3.1585902929167,0.208686050791314,0.0697517179149804
5.85,2,5,1.61,8.78333333333333,1,1,2.63,3,0.866025403784439,0.5,0.492898498983837,0.183301707779886,0.0561174761651427
5,2.5,5,5.79,22.75,1,1,3.36,3,0.965925826289068,0.258819045102521,1.16373347578575,0.254505494505495,0.0511531198147583
4,3,5,9.14,29.4333333333333,1,1,6.08,3,1,6.12323399573677e-17,2.02548524338928,0.310532276330691,0.0688160331842338
9.75,3.5,5,6.21,17.0333333333333,1,1,4.3,3,0.965925826289068,-0.258819045102521,1.88795100049327,0.364579256360078,0.110838610596474
24.69,1,3,5.24,23.7833333333333,1,1,3.82,5,0.5,0.866025403784439,3.38783700361217,0.220322354590049,0.14244584458075
5.01,1,3,0.52,17.7166666666667,1,1,2.31,5,0.5,0.866025403784439,0.300158498416763,0.0293508936970837,0.0169421541909744
2,8,3,4.99,32.05,1,1,4.51,5,-0.866025403784438,-0.5,2.91352663795863,0.155694227769111,0.0909056673310024
3.81,9,3,10.78,32.95,1,1,3.8,5,-1,-1.83697019872103e-16,3.09082285878686,0.327162367223065,0.0938034251528636
8.66,10,3,2.88,17.8666666666667,1,1,3.06,5,-0.866025403784439,0.5,1.5084017000776,0.161194029850746,0.0844254682879253
11.88,19,3,12.03,35.2166666666667,12,2,7.37,5,-0.499999999999999,-0.866025403784439,9.35104585045634,0.341599621391387,0.265528987708178
3,20.5,3,5.18,32.4666666666667,12,2,6.18,5,-0.965925826289068,-0.258819045102523,2.56362857420074,0.159548254620123,0.0789618657351358
2.27,21,3,2.37,19.4833333333333,1,1,3.73,5,-1,-4.28626379701574e-16,0.0503982909536993,0.121642429426861,0.00258673862893239
3,21.5,3,5.23,12.4166666666667,1,1,10.66,5,-0.965925826289068,0.25881904510252,3.77865811232747,0.421208053691275,0.304321458710938
5,22,3,3.46,15.7833333333333,1,1,5.06,5,-0.866025403784439,0.499999999999999,1.04568690671669,0.21921858500528,0.0662526023262954
3,10.5,3,3.7,20.9833333333333,1,1,3.36,4,-0.707106781186548,0.707106781186547,1.16938092234064,0.176330420969023,0.0557290352187754
3,12,3,2.73,21.2166666666667,3,1,3.49,4,-2.44929359829471e-16,1,1.79028128216189,0.128672427336999,0.084380893110537
3,18,3,2.89,9.85,6,1,3.06,4,3.67394039744206e-16,-1,3.3795833965571,0.293401015228426,0.343104913356051
3,18.5,3,12.09,11,12,2,8.14,4,-0.25881904510252,-0.965925826289068,6.23596572965601,1.09909090909091,0.566905975423274
11.45,10,6,3.97,29.5166666666667,1,1,3.33,8,-0.866025403784439,0.5,1.14592976572443,0.134500282326369,0.0388231428252207
4.95,10.5,6,6.92,46.8166666666667,6,2,9.31,8,-0.707106781186548,0.707106781186547,3.08042630409952,0.147810608757565,0.0657976426649951
3,13.5,6,2.44,26.1666666666667,3,1,4.55,8,0.707106781186547,0.707106781186548,1.71878261877569,0.0932484076433121,0.0656859599532112
10.83,14,6,7.56,39.8333333333333,2,1,6.46,8,0.866025403784438,0.500000000000001,3.13029546687868,0.189790794979079,0.0785848234362849
5.51,18,6,3.13,13.3,6,1,3.51,8,3.67394039744206e-16,-1,2.54502717677951,0.235338345864662,0.191355426825527
10.63,18,6,10.14,48.6833333333333,12,2,6.04,8,3.67394039744206e-16,-1,5.32311017571171,0.208284833960972,0.109341530483637
19.44,18.5,6,7.47,55.25,18,3,14.71,8,-0.25881904510252,-0.965925826289068,1.34813060867666,0.135203619909502,0.0244005540031975
6,19,6,12.54,53.5666666666667,12,2,10.75,8,-0.499999999999999,-0.866025403784439,7.96599325378866,0.234100808960796,0.14871175956046
6,21,6,2.57,16.9833333333333,1,1,8.08,8,-1,-4.28626379701574e-16,1.456396849031,0.151324828263003,0.0857544758997645
4.24,21.5,6,2.97,23.7166666666667,2,1,6.86,8,-0.965925826289068,0.25881904510252,1.74498300040274,0.125228390723823,0.0735762333268898
5,8,3,4.52,25.25,2,1,6.07,7,-0.866025403784438,-0.5,0.957224633496945,0.179009900990099,0.0379098864751265
2,9,3,1.91,17.4,1,1,4.92,7,-1,-1.83697019872103e-16,0.420344568045633,0.109770114942529,0.0241577337957261
4,10.5,3,3.49,19.2,3,1,6.18,7,-0.707106781186548,0.707106781186547,0.226188129943807,0.181770833333333,0.0117806317679066
5.09,11.5,3,8.57,45.55,6,2,7,7,-0.258819045102522,0.965925826289068,2.67319398476002,0.18814489571899,0.0586870249124044
2,12,3,2.6,17,1,1,5.29,7,-2.44929359829471e-16,1,10.0542023914336,0.152941176470588,0.59142367008433
1,13,3,1.42,13.2833333333333,1,1,4.99,7,0.5,0.866025403784439,8.69060704600518,0.106900878293601,0.654248962058107
2,9.5,1,2.32,18.8833333333333,1,1,3.05,6,-0.965925826289068,0.25881904510252,0.0696904109475851,0.122859664607237,0.00369057780834519
4.17,11.5,1,8.77,39.15,3,1,5.28,6,-0.258819045102522,0.965925826289068,4.20850256520289,0.224010217113665,0.107496872674403
12.3,13,1,3.58,21.3666666666667,3,1,3.07,6,0.5,0.866025403784439,1.0749737392842,0.167550702028081,0.0503107834298377
1.25,18,1,3.12,19.7833333333333,6,1,3.76,6,3.67394039744206e-16,-1,1.55909214574489,0.15770850884583,0.0788083645700869
9,18.5,1,0.97,6.38333333333333,6,1,3.05,6,-0.25881904510252,-0.965925826289068,0.569952277695357,0.151958224543081,0.0892875630854345
5.23,19.5,1,1.26,21.7833333333333,6,1,2.45,6,-0.707106781186547,-0.707106781186548,0.18455957000164,0.0578423871461362,0.00847251277742798
1,20,1,1.8,19.5333333333333,6,1,3.25,6,-0.866025403784439,-0.5,0.53362579615229,0.0921501706484642,0.0273187267654756
2.5,1.5,5,5.05,19.75,1,1,5.52,5,0.707106781186547,0.707106781186548,2.7245744536722,0.255696202531646,0.137953136894795
3,2.5,5,3.38,21.2833333333333,1,1,4.69,5,0.965925826289068,0.258819045102521,1.80814837630299,0.158809710258418,0.0849560709304456
4.26,8,5,13.55,28.35,1,1,7.83,5,-0.866025403784438,-0.5,10.3099126045479,0.477954144620811,0.3636653476031
7.3,9,5,11.16,29.6166666666667,1,1,4.73,5,-1,-1.83697019872103e-16,1.84541293829565,0.376814856499719,0.0623099472694086
15.9,11,5,7.98,46.6,6,2,7.58,5,-0.5,0.866025403784438,4.76011477478914,0.171244635193133,0.102148385725089
5.9,18,5,6.98,27.2,6,1,3.48,5,3.67394039744206e-16,-1,2.98998625470183,0.256617647058824,0.109925965246391
5.69,19,5,3.68,37,12,2,21.18,5,-0.499999999999999,-0.866025403784439,3.82119643048727,0.0994594594594595,0.103275579202359
6.97,20.5,5,3.41,23.8166666666667,6,1,3.8,5,-0.965925826289068,-0.258819045102523,1.66167115342462,0.143177046885934,0.0697692576665339
3.73,22,5,2.67,12.3833333333333,1,1,3.34,5,-0.866025403784439,0.499999999999999,1.93840380218891,0.215612382234186,0.156533281468822
2,10.5,2,2.94,21.15,1,1,3.09,9,-0.707106781186548,0.707106781186547,0.870431088284027,0.139007092198582,0.0411551341978263
2.5,11.5,2,1.75,11.1166666666667,3,1,5.13,9,-0.258819045102522,0.965925826289068,0.473827454682915,0.157421289355322,0.0426231593417914
5.32,11.5,2,4.56,36.7666666666667,3,1,3.97,9,-0.258819045102522,0.965925826289068,3.31116107221005,0.124025385312783,0.0900587780292852
4.19,12,2,1.97,20.0833333333333,3,1,2.86,9,-2.44929359829471e-16,1,0.777127520608833,0.098091286307054,0.0386951462543817
10.14,18,2,6.27,36.6833333333333,12,2,11.51,9,3.67394039744206e-16,-1,2.54975295319029,0.170922308041799,0.0695071227584815
24.36,19,2,3.67,20.7833333333333,12,2,5.5,9,-0.499999999999999,-0.866025403784439,4.75373574029788,0.176583801122694,0.228728263366377
8.11,20,2,1.44,24,6,1,3.09,9,-0.866025403784439,-0.5,1.14529368952776,0.06,0.0477205703969901
5.02,20,2,4.88,25.7,6,1,3.03,9,-0.866025403784439,-0.5,3.91917042915529,0.18988326848249,0.152496903858182
4,1.5,2,5.22,31.8333333333333,1,1,10.07,4,0.707106781186547,0.707106781186548,2.26882884852546,0.163979057591623,0.0712721104248835
12.64,17.5,2,11.87,2,12,1,16.48,4,0.258819045102521,-0.965925826289068,9.52955572616493,5.935,4.76477786308246
5,21,2,4.49,37.7666666666667,2,2,9.09,4,-1,-4.28626379701574e-16,3.47085948683229,0.118887908208297,0.0919027225110051
6.72,0.5,5,5.38,26.4833333333333,1,1,3.96,8,0.258819045102521,0.965925826289068,3.34153991833959,0.20314663310258,0.126175201447688
6,1,5,1.35,9.95,1,1,4.06,8,0.5,0.866025403784439,0.378846295654307,0.135678391959799,0.0380750045883725
8.02,8.5,5,8.96,33.3333333333333,2,2,10.22,8,-0.965925826289068,-0.258819045102521,3.97628868063797,0.2688,0.119288660419139
2,9.5,5,2.8,15.3833333333333,1,1,6.06,8,-0.965925826289068,0.25881904510252,1.20231049807981,0.182015167930661,0.0781566954331402
12.88,10.5,5,18.3,46.0666666666667,3,2,7.15,8,-0.707106781186548,0.707106781186547,11.4166345932404,0.397250361794501,0.247828536756304
6.63,12,5,10.86,43.9833333333333,6,2,7.94,8,-2.44929359829471e-16,1,3.96029997192731,0.246911708980674,0.0900409239543913
5.34,21.5,5,2.66,16.8666666666667,1,1,3.67,8,-0.965925826289068,0.25881904510252,1.84069303051525,0.157707509881423,0.109131997856636
6.67,23,5,2.26,9.83333333333333,1,1,2.66,8,-0.500000000000001,0.866025403784438,1.69912124521862,0.229830508474576,0.172791991039181
5.23,23.5,5,3.76,28.0666666666667,1,1,3.81,8,-0.258819045102521,0.965925826289068,2.48313133157143,0.13396674584323,0.0884726127638277
5,9.5,2,11.59,24.6666666666667,1,1,7.09,7,-0.965925826289068,0.25881904510252,7.57053862544666,0.469864864864865,0.306913728058648
3,12.5,2,8.65,36.2,3,1,10.06,7,0.258819045102521,0.965925826289068,1.84506830487614,0.238950276243094,0.0509687377037607
6,3.5,0,0.99,15.7666666666667,1,1,3.09,6,0.965925826289068,-0.258819045102521,0.269118660119184,0.0627906976744186,0.0170688367940286
10,8.5,0,2.44,13.6,1,1,3.25,6,-0.965925826289068,-0.258819045102521,0.60004639656486,0.179411764705882,0.0441210585709456
1,11,0,1.76,18.85,3,1,6.53,6,-0.5,0.866025403784438,0.338658311416389,0.093368700265252,0.0179659581653257
5.25,15.5,0,6.77,2,1,1,4.37,6,0.965925826289068,-0.25881904510252,0.550915018263395,3.385,0.275457509131697
5,1,6,3.26,20.2333333333333,1,1,3.04,3,0.5,0.866025403784439,2.78191966978173,0.161120263591433,0.137491911191848
12.25,2,6,4.25,29.9333333333333,2,2,4.5,3,0.866025403784439,0.5,2.6343882657691,0.141982182628062,0.0880085166738007
5.93,2.5,6,6.08,13.5,1,1,3.74,3,0.965925826289068,0.258819045102521,1.28052543298664,0.45037037037037,0.0948537357767878
14.44,0.5,4,2.87,20.2833333333333,1,1,3.23,5,0.258819045102521,0.965925826289068,0.477362999650742,0.141495480690222,0.0235347411495847
4.67,1.5,4,1.86,23.9666666666667,1,1,2.77,5,0.707106781186547,0.707106781186548,1.67591798887844,0.0776077885952712,0.069927037088113
3,2.5,4,17.11,49.3333333333333,2,2,35.01,5,0.965925826289068,0.258819045102521,9.89031896984657,0.346824324324324,0.200479438577971
3,7.5,4,2.96,10.2166666666667,1,1,3.01,5,-0.707106781186547,-0.707106781186548,1.60956641205364,0.289722675367047,0.157543205094973
2,10,4,2.59,15.6666666666667,1,1,6.06,5,-0.866025403784439,0.5,1.00644252231462,0.16531914893617,0.0642410120626355
4,11.5,4,17.7,9,6,2,25.06,5,-0.258819045102522,0.965925826289068,4.26055191529651,1.96666666666667,0.473394657255168
5,12.5,4,12.7,50.5,6,2,10.04,5,0.258819045102521,0.965925826289068,2.09841397302923,0.251485148514851,0.0415527519411728
5.38,15.5,4,14.2,49.8333333333333,2,2,14.69,5,0.965925826289068,-0.25881904510252,7.51980762583715,0.28494983277592,0.150899149682351
9.25,19.5,4,6.74,30.05,6,1,3.54,5,-0.707106781186547,-0.707106781186548,2.86886788092743,0.224292845257903,0.0954698130092324
17.76,23.5,4,3.73,17.1833333333333,2,2,5.46,5,-0.258819045102521,0.965925826289068,1.6677397133984,0.217070805043647,0.0970556574237675
1.5,21,1,3.33,14.4666666666667,6,1,3.58,9,-1,-4.28626379701574e-16,1.20872269073311,0.230184331797235,0.0835522597280952
5.73,22,1,2.54,15.9333333333333,1,1,3.35,9,-0.866025403784439,0.499999999999999,1.35866056029234,0.159414225941423,0.085271583281946
8.92,1,6,3.3,22.05,1,1,3.04,8,0.5,0.866025403784439,1.998180325901,0.149659863945578,0.0906204229433559
7.76,7.5,6,9.43,31.9333333333333,1,1,3.82,8,-0.707106781186547,-0.707106781186548,4.75318072403694,0.295302713987474,0.148846995533516
6.35,9.5,6,1.73,12.7833333333333,1,1,2.73,8,-0.965925826289068,0.25881904510252,0.0501774462201709,0.135332464146023,0.00392522395464179
8.27,10.5,6,9.58,25.05,1,1,5.19,8,-0.707106781186548,0.707106781186547,6.77519576685142,0.382435129740519,0.270466896880296
12.5,11,6,10.57,52.1666666666667,6,2,12.51,8,-0.5,0.866025403784438,3.96859652060406,0.202619808306709,0.0760753326633365
5.25,13.5,6,3.03,17.1333333333333,3,1,3.31,8,0.707106781186547,0.707106781186548,1.4739730846113,0.176848249027237,0.0860295574675859
4,17.5,6,19.36,2,12,2,15.01,8,0.258819045102521,-0.965925826289068,9.24654635799492,9.68,4.62327317899746
31.06,20,6,12.25,55.35,12,2,7.02,8,-0.866025403784439,-0.5,6.87468018575722,0.221318879855465,0.124203797393988
8.72,22.5,6,2.94,37.9333333333333,2,2,7.51,8,-0.707106781186547,0.707106781186548,0.710323159314194,0.0775043936731107,0.0187255665900051
8.81,23.5,6,4.08,35.2666666666667,2,2,8.3,8,-0.258819045102521,0.965925826289068,1.73624276719459,0.115689981096408,0.0492318364989015
15,8.5,3,6.03,29.7833333333333,1,1,3.84,7,-0.965925826289068,-0.258819045102521,1.60871619880581,0.202462227196419,0.0540139742184378
6,13.5,3,1.26,17.0333333333333,3,1,2.6,7,0.707106781186547,0.707106781186548,0.608457480232422,0.073972602739726,0.0357215741819426
14.27,8,0,6.83,21.6333333333333,1,1,3.02,3,-0.866025403784438,-0.5,0.162720175529891,0.315716486902928,0.00752173384575766
3,8.5,0,2.24,13.0333333333333,1,1,3.06,3,-0.965925826289068,-0.258819045102521,0.716629103487763,0.171867007672634,0.054984330190877
5,10,0,2.52,16.9833333333333,1,1,3.26,3,-0.866025403784439,0.5,1.26807556810942,0.14838076545633,0.0746658823224388
6.75,11.5,0,6.35,18.7166666666667,3,1,4.35,3,-0.258819045102522,0.965925826289068,4.90080157211235,0.33926981300089,0.261841579988193
10.72,12.5,0,6,24.3166666666667,3,1,5.31,3,0.258819045102521,0.965925826289068,3.73652206536166,0.246744345442084,0.153660948541261
3.63,20.5,0,3.22,23.2,6,1,3.46,3,-0.965925826289068,-0.258819045102523,1.70426936444329,0.138793103448276,0.0734598863984178
8.27,20.5,0,1.33,9.53333333333333,6,1,2.37,3,-0.965925826289068,-0.258819045102523,0.452625864531178,0.13951048951049,0.0474782375382354
4.17,21.5,0,5.18,19.55,1,1,9.23,3,-0.965925826289068,0.25881904510252,3.14135650475316,0.264961636828644,0.160683197174075
16.28,0,5,3.95,30.8666666666667,1,1,3.97,5,0,1,1.98539360200764,0.127969762419006,0.0643216069764895
17.54,1,5,4.69,27.8333333333333,2,2,4.61,5,0.5,0.866025403784439,1.49096076024586,0.168502994011976,0.053567452463923
13.29,8.5,5,6.29,46.9833333333333,2,2,5.75,5,-0.965925826289068,-0.258819045102521,2.91326531208792,0.133877261440227,0.0620063564119457
4.8,10.5,5,1.74,23.4166666666667,1,1,2.8,5,-0.707106781186548,0.707106781186547,0.653884355257714,0.0743060498220641,0.0279238870572689
0.5,12,5,6.76,38.5666666666667,3,1,6.55,5,-2.44929359829471e-16,1,2.58077763255864,0.175280898876404,0.0669173111294374
12.03,14.5,5,1.49,13.3666666666667,1,1,2.57,5,0.965925826289068,0.258819045102521,0.826560148425997,0.111471321695761,0.0618374175879799
3,18,5,10.08,41.8166666666667,12,2,8.01,5,3.67394039744206e-16,-1,6.68533335589359,0.241052212036668,0.159872459686575
9.38,19.5,5,2.01,17.8166666666667,6,1,3.26,5,-0.707106781186547,-0.707106781186548,1.076064123625,0.112815715622077,0.0603964896328345
4.32,10,4,4.18,18.8,1,1,3.71,4,-0.866025403784439,0.5,1.54273505616298,0.222340425531915,0.0820603753278182
9.02,10.5,4,5.4,17.4333333333333,1,1,4.62,4,-0.707106781186548,0.707106781186547,3.10485253096343,0.309751434034417,0.178098615542835
5.26,12.5,4,1.53,9.8,3,1,2.77,4,0.258819045102521,0.965925826289068,1.09868170242271,0.156122448979592,0.112110377798236
2,15.5,4,2.24,15.2333333333333,1,1,8.69,4,0.965925826289068,-0.25881904510252,1.34670452384304,0.147045951859956,0.0884051109743791
2,18.5,4,12.74,38.6666666666667,12,2,33.09,4,-0.25881904510252,-0.965925826289068,8.86664311366188,0.32948275862069,0.229309735698152
13.64,19,4,3.59,33.85,12,2,5.81,4,-0.499999999999999,-0.866025403784439,1.00602739308979,0.106056129985229,0.0297201593231843
4.45,20,4,3.88,31.6,6,1,8.07,4,-0.866025403784439,-0.5,2.97114388081574,0.122784810126582,0.0940235405321436
2,20.5,4,4.62,29.45,6,1,5.08,4,-0.965925826289068,-0.258819045102523,1.19735794351044,0.156876061120543,0.040657315569115
4,21,4,1.06,11.7333333333333,6,1,2.31,4,-1,-4.28626379701574e-16,0.570952972918901,0.0903409090909091,0.0486607647374064
4.11,21.5,4,1.49,14.0833333333333,1,1,2.13,4,-0.965925826289068,0.25881904510252,1.02024836713303,0.105798816568047,0.0724436710390318
9.97,21.5,4,10.9,36.7333333333333,2,2,6.1,4,-0.965925826289068,0.25881904510252,7.59606549228108,0.296733212341198,0.206789441713641
5.93,22,4,6.63,42.55,2,2,15.68,4,-0.866025403784439,0.499999999999999,2.88942588677081,0.155816686251469,0.0679066013342141
2,22.5,4,2.52,29.7166666666667,1,1,2.67,4,-0.707106781186547,0.707106781186548,1.75956942491757,0.0848008973639933,0.0592115342092285
2.5,23,4,10.87,25.6666666666667,1,1,8.54,4,-0.500000000000001,0.866025403784438,6.41364737134143,0.423506493506493,0.249882365117199
7.85,23,4,4.29,21.15,1,1,3.37,4,-0.500000000000001,0.866025403784438,2.1397509923888,0.202836879432624,0.101170259687414
4.17,9.5,0,3.36,19.8333333333333,1,1,3.85,8,-0.965925826289068,0.25881904510252,3.17588360159475,0.169411764705882,0.160128584954357
6.91,19,0,1.38,10.2,6,1,2.5,8,-0.499999999999999,-0.866025403784439,0.611988681981821,0.135294117647059,0.0599988903903746
11.27,19.5,0,1.12,17.3,6,1,3.05,8,-0.707106781186547,-0.707106781186548,2.23032308941185,0.0647398843930636,0.128920409792593
20.22,20.5,0,11.07,41.3,12,3,6.64,8,-0.965925826289068,-0.258819045102523,5.9586965603277,0.268038740920097,0.144278367078153
5.29,21.5,0,1.33,9.05,1,1,2.78,8,-0.965925826289068,0.25881904510252,1.12648898871567,0.146961325966851,0.124473921405047
5.23,21.5,0,5.97,19.8,1,1,4.02,8,-0.965925826289068,0.25881904510252,2.97387349198955,0.301515151515152,0.150195630908563
6.54,0.5,4,3.99,26.2833333333333,1,1,3.46,7,0.258819045102521,0.965925826289068,3.1034193784554,0.151807228915663,0.118075562908893
14.53,1,4,16.52,44.6333333333333,2,2,7.52,7,0.5,0.866025403784439,9.57943053317611,0.370126960418223,0.214625030616343
9.68,3,4,8.05,25.6,2,2,6.54,7,1,6.12323399573677e-17,1.99744713146542,0.314453125,0.078025278572868
8,8,4,6.74,27,2,1,5.68,7,-0.866025403784438,-0.5,8.3224523086018,0.24962962962963,0.308238974392659
4,8.5,2,4.87,30.4833333333333,1,1,3.57,6,-0.965925826289068,-0.258819045102521,1.7208125584037,0.15975943138327,0.056450931385578
4.12,10,2,3.43,24.65,1,1,3.06,6,-0.866025403784439,0.5,1.25157600901979,0.139148073022312,0.0507738746052653
5,10.5,2,13.85,48.75,4,2,8.06,6,-0.707106781186548,0.707106781186547,8.55843807991031,0.284102564102564,0.175557704203288
2,19,2,4.4,28.5666666666667,12,2,6.07,6,-0.499999999999999,-0.866025403784439,0.366948996169294,0.154025670945158,0.0128453557585517
2,19,2,4.4,28.5666666666667,12,2,6.07,6,-0.499999999999999,-0.866025403784439,0.366948996169294,0.154025670945158,0.0128453557585517
5.95,20,2,3.03,14.5333333333333,6,1,4.08,6,-0.866025403784439,-0.5,2.40063023258546,0.20848623853211,0.165180979306339
4.38,20.5,1,4.98,15.4833333333333,6,1,6.13,3,-0.965925826289068,-0.258819045102523,3.44469602330031,0.321636167922497,0.222477676424132
5.99,20.5,1,12.53,32.8,6,1,5.06,3,-0.965925826289068,-0.258819045102523,6.26440849371044,0.382012195121951,0.190988063832635
0.02,21.5,1,6.29,27.05,1,1,3.99,3,-0.965925826289068,0.25881904510252,3.36018903318892,0.232532347504621,0.124221406032862
4.42,1,6,3.4,37.5833333333333,2,2,9.17,5,0.5,0.866025403784439,2.62368102151907,0.0904656319290466,0.0698096945858732
15.22,7.5,6,6.36,16.35,1,1,3.45,5,-0.707106781186547,-0.707106781186548,1.15511446736441,0.388990825688073,0.0706492028969055
7.04,12.5,6,10.46,48.0333333333333,6,2,14.41,5,0.258819045102521,0.965925826289068,2.58077763255864,0.217765440666204,0.0537288889498675
2,9.5,3,1.9,15,1,1,3.67,9,-0.965925826289068,0.25881904510252,2.92423585765718,0.126666666666667,0.194949057177145
3,11.5,3,8.35,28.5666666666667,3,1,3.48,9,-0.258819045102522,0.965925826289068,2.78945619682728,0.292298716452742,0.0976472414291929
1,21,3,1.68,23.8,1,1,3.09,9,-1,-4.28626379701574e-16,0.769833133928232,0.0705882352941176,0.0323459299969845
1,9.5,5,11.82,33.5166666666667,1,1,14.43,4,-0.965925826289068,0.25881904510252,8.21824161026192,0.352660367976131,0.245198655701499
4.09,11,5,19.09,18,9,3,33.57,4,-0.5,0.866025403784438,6.61219173132239,1.06055555555556,0.367343985073466
3,12.5,5,1.62,12.6166666666667,3,1,3.07,4,0.258819045102521,0.965925826289068,0.315998688765737,0.128401585204756,0.0250461312099659
11,13,5,8.76,26.2166666666667,3,1,5.09,4,0.5,0.866025403784439,7.28296805715154,0.334138588684043,0.277799163019131
2,14.5,5,2.29,20.5,2,2,8,4,0.965925826289068,0.258819045102521,0.265375619872943,0.111707317073171,0.0129451521889241
11.51,17,5,4.16,22.9833333333333,6,1,5.09,4,0.5,-0.866025403784439,1.37554660019548,0.181000725163162,0.059849743300746
5.48,17.5,5,2.44,21.9,6,1,3.59,4,0.258819045102521,-0.965925826289068,0.587199985142639,0.111415525114155,0.0268127847097095
18.16,18,5,7.8,60,18,3,14.17,4,3.67394039744206e-16,-1,1.94556707438192,0.13,0.0324261179063654
2.34,18.5,5,23.15,21,12,2,36.74,4,-0.25881904510252,-0.965925826289068,9.87338632877097,1.10238095238095,0.470161253750999
8,19.5,5,6.43,45.7166666666667,6,1,7.61,4,-0.707106781186547,-0.707106781186548,3.3839577923715,0.14064892453518,0.0740202214882575
6,20,5,4.59,3,18,3,15.11,4,-0.866025403784439,-0.5,1.16359233867371,1.53,0.387864112891235
5,20,5,6.72,34.8166666666667,12,2,11.02,4,-0.866025403784439,-0.5,1.24264842994205,0.193011010052657,0.0356911947326582
4.65,21,5,4.75,33.4666666666667,6,1,8.42,4,-1,-4.28626379701574e-16,2.2562445171332,0.141932270916335,0.0674176648545778
7.88,21,5,2.96,40.4166666666667,13,3,59.27,4,-1,-4.28626379701574e-16,1.88336921155823,0.0732371134020619,0.0465988258529872
5.33,21,5,5.88,41.6666666666667,3,2,16.08,4,-1,-4.28626379701574e-16,3.48627384420588,0.14112,0.0836705722609411
10.23,22,5,4.62,12,3,3,11.42,4,-0.866025403784439,0.499999999999999,1.62829017736086,0.385,0.135690848113405
0.5,22,5,2.73,17.6833333333333,1,1,3.58,4,-0.866025403784439,0.499999999999999,1.77564002322021,0.154382657869934,0.100413196412076
4,8,1,6.38,32.6833333333333,2,2,7.87,8,-0.866025403784438,-0.5,7.34945437348473,0.195206527281999,0.224868568286121
5.33,11,1,3.36,16.7833333333333,3,1,3.68,8,-0.5,0.866025403784438,2.70148370892497,0.200198609731877,0.16096228652979
2,12,1,3.26,22.6,3,1,4.02,8,-2.44929359829471e-16,1,1.22091766948276,0.144247787610619,0.0540229057293256
2,12.5,1,16.15,36.5166666666667,3,1,17.02,8,0.258819045102521,0.965925826289068,8.12607713898291,0.442263806481059,0.222530638219523
27.76,20,1,1.52,12.3166666666667,6,1,3.09,8,-0.866025403784439,-0.5,0.481833811657515,0.1234100135318,0.0391204718531135
18.35,8,5,14.81,24,1,1,5.73,7,-0.866025403784438,-0.5,10.4763395954372,0.617083333333333,0.436514149809884
5.25,9.5,5,3.24,37.9166666666667,1,1,3.79,7,-0.965925826289068,0.25881904510252,9.25028150445556,0.0854505494505495,0.243963468249377
6.08,11.5,5,2.61,26.1166666666667,3,1,3.22,7,-0.258819045102522,0.965925826289068,1.3089627708729,0.0999361837906828,0.050119825304642
7.31,14,5,8.49,37.1666666666667,6,1,5.76,7,0.866025403784438,0.500000000000001,2.67211713596198,0.228430493273543,0.071895528321847
4,16,5,16.43,48.6333333333333,2,2,15.08,7,0.866025403784439,-0.499999999999999,9.14316269028586,0.337834132967786,0.188001974440422
5,18,5,4.49,21,6,1,3.42,7,3.67394039744206e-16,-1,2.63985957583041,0.213809523809524,0.125707598849067
38.68,18.5,5,8.67,24.55,6,1,4.58,7,-0.25881904510252,-0.965925826289068,5.09113405804981,0.353156822810591,0.207378169370664
9.17,19,5,10.71,29.6,6,1,4.86,7,-0.499999999999999,-0.866025403784439,8.059670665328,0.361824324324324,0.272286171125946
10,19.5,5,5.63,20.5,6,1,3.3,7,-0.707106781186547,-0.707106781186548,2.40660045885054,0.274634146341463,0.117395144334173
6.67,20,5,4.59,31.3666666666667,6,1,3,7,-0.866025403784439,-0.5,2.70626916037562,0.146333687566419,0.0862785067069805
8,20.5,5,6.03,23.0333333333333,12,2,6.3,7,-0.965925826289068,-0.258819045102523,3.15141552029714,0.261794500723589,0.136819776568617
5.98,0.5,3,2.93,9.81666666666667,1,1,2.65,6,0.258819045102521,0.965925826289068,3.12457160457329,0.298471986417657,0.318292523386074
8.26,2,3,11.5,48.0166666666667,2,3,15.79,6,0.866025403784439,0.5,4.12076953841056,0.23950017355085,0.0858195669228163
2,10,3,3.78,19.65,1,1,4.06,6,-0.866025403784439,0.5,3.53258506054119,0.19236641221374,0.179775321147134
8.34,11.5,3,5.48,31.3666666666667,6,1,7.71,6,-0.258819045102522,0.965925826289068,1.61799467705328,0.17470775770457,0.0515832521908591
3.5,7,2,2.3,14,1,1,2.51,3,-0.5,-0.866025403784439,0.598349559079833,0.164285714285714,0.0427392542199881
1.64,7.5,2,3.04,20.2333333333333,1,1,29.92,3,-0.707106781186547,-0.707106781186548,1.31525665460621,0.150247116968699,0.0650044475093677
6.16,8.5,2,10.97,5,2,2,10.58,3,-0.965925826289068,-0.258819045102521,0.489930993995255,2.194,0.097986198799051
3.55,10.5,2,1.4,12.9166666666667,1,1,2.55,3,-0.707106781186548,0.707106781186547,0.510906248433241,0.108387096774194,0.039554032136767
2,11,0,4.92,21.2333333333333,3,1,6.07,5,-0.5,0.866025403784438,2.02711988204525,0.23171114599686,0.0954687542564483
2,11,0,1.83,21.95,3,1,2.61,5,-0.5,0.866025403784438,0.468815625863588,0.083371298405467,0.0213583428639448
7.92,10.5,4,19.56,35.9166666666667,3,1,5.54,9,-0.707106781186548,0.707106781186547,4.8009494422752,0.544593967517401,0.133669126003022
5.43,17,4,3.34,25.6166666666667,6,1,4.02,9,0.5,-0.866025403784439,2.3981398424591,0.130383864671438,0.0936163894258594
8.51,18,4,2.83,10.45,6,1,3.06,9,3.67394039744206e-16,-1,1.60521942076712,0.270813397129187,0.153609513949007
6.36,18.5,4,4.06,38.5166666666667,12,2,5.72,9,-0.25881904510252,-0.965925826289068,1.71434484521511,0.105408913890091,0.0445091694993104
4.09,8,6,9.82,31.3666666666667,1,1,3.98,4,-0.866025403784438,-0.5,2.05245325647275,0.313071200850159,0.0654342164656563
3.97,9,6,2.47,26.8333333333333,1,1,3.04,4,-1,-1.83697019872103e-16,0.29526895957673,0.0920496894409938,0.011003812158139
11.43,10,6,2.42,29.6666666666667,2,1,3.73,4,-0.866025403784439,0.5,0.936539447938458,0.0815730337078652,0.0315687454361278
1,11,6,0.94,13.0666666666667,3,1,2,4,-0.5,0.866025403784438,8.49604418547926,0.0719387755102041,0.650207463174433
4,11,6,4.65,38.9833333333333,6,1,9.08,4,-0.5,0.866025403784438,0.61530040786317,0.119281744335186,0.0157836786967893
8.93,12,6,8.13,2,9,3,17.76,4,-2.44929359829471e-16,1,1.48647603858514,4.065,0.74323801929257
4.9,12.5,6,1.97,21.1166666666667,3,1,35,4,0.258819045102521,0.965925826289068,0.72739524325889,0.0932912391475927,0.0344464992861353
7.48,13,6,4.94,25,6,1,5.59,4,0.5,0.866025403784439,1.60541661232093,0.1976,0.0642166644928373
4.5,13.5,6,9.72,49.9,6,1,13.67,4,0.707106781186547,0.707106781186548,5.34609983461761,0.194789579158317,0.107136269230814
4.01,19.5,6,7.84,48.4666666666667,6,1,6.03,4,-0.707106781186547,-0.707106781186548,3.4657643925483,0.161760660247593,0.0715082061736238
6.52,20,6,1.19,7.1,6,1,2.53,4,-0.866025403784439,-0.5,0.840194633609734,0.167605633802817,0.118337272339399
6.48,20.5,6,3.15,31.9,6,1,3.53,4,-0.965925826289068,-0.258819045102523,0.443819044974272,0.0987460815047022,0.0139128227264662
3.41,8,2,1.03,14.5333333333333,1,1,2.26,8,-0.866025403784438,-0.5,8.60846019178125,0.0708715596330275,0.592325242553756
5,9.5,2,4.63,16.95,1,1,15.45,8,-0.965925826289068,0.25881904510252,4.52970227268649,0.273156342182891,0.267239072134896
4.71,10.5,2,0.96,16.8333333333333,1,1,4.37,8,-0.707106781186548,0.707106781186547,0.171126203385701,0.057029702970297,0.0101659130724179
3.84,11.5,2,1.7,13.6333333333333,3,1,2.85,8,-0.258819045102522,0.965925826289068,6.02788754994817,0.124694376528117,0.442143341071993
5,12,2,5.01,36.4,3,1,4.06,8,-2.44929359829471e-16,1,1.88433634338274,0.137637362637363,0.0517674819610643
8.11,9,6,4.65,16.5166666666667,1,1,3.42,7,-1,-1.83697019872103e-16,3.1021529383283,0.281533804238143,0.187819552270129
6,0,4,9.33,24.3166666666667,1,1,7.05,6,0,1,2.64495334404214,0.38368745716244,0.108771213600088
7.47,1.5,4,3.81,20.1333333333333,1,1,2.95,6,0.707106781186547,0.707106781186548,1.74436950194225,0.189238410596027,0.0866408693017673
7.17,2,4,4.21,31.3333333333333,2,2,4.88,6,0.866025403784439,0.5,2.54875316275923,0.13436170212766,0.0813431860455072
13.92,3,4,5.18,34.6833333333333,2,2,6.08,6,1,6.12323399573677e-17,1.81905826301354,0.149351273426237,0.0524476193084155
1,4,4,6.18,44.0833333333333,1,1,10.07,6,0.866025403784439,-0.5,1.68601883593119,0.140189035916824,0.0382461739719741
3,14.5,4,7.44,39.6666666666667,2,2,16.79,6,0.965925826289068,0.258819045102521,2.48545341078967,0.187563025210084,0.0626584893476387
3.35,16.5,4,3.38,17.25,1,1,3.92,6,0.707106781186547,-0.707106781186548,0.851332271127201,0.195942028985507,0.0493525954276638
2,20.5,1,3.95,18.25,6,1,3.04,5,-0.965925826289068,-0.258819045102523,1.41175414387978,0.216438356164384,0.0773563914454673
8.55,21,1,4.75,18.1166666666667,1,1,2.67,5,-1,-4.28626379701574e-16,1.1216747426455,0.262189512419503,0.0619139692352621
8.85,21.5,1,8.84,30.85,1,1,4.24,5,-0.965925826289068,0.25881904510252,3.10798640932464,0.286547811993517,0.100745102409226
7.95,8.5,5,4.49,18.6,2,2,4.88,9,-0.965925826289068,-0.258819045102521,2.34196494409942,0.241397849462366,0.125912093768786
4.02,9,5,6.13,36.7166666666667,2,1,10.04,9,-1,-1.83697019872103e-16,1.69782325150372,0.166954153427145,0.0462412142942455
15.5,10,5,20.07,5,5,3,13.58,9,-0.866025403784439,0.5,12.0539937058355,4.014,2.4107987411671
3.16,15,5,1.31,11.5666666666667,1,1,2.21,9,1,1.19434011948696e-15,0.975550941918794,0.113256484149856,0.0843415799929793
5.95,16,5,3,34.1833333333333,2,2,19.05,9,0.866025403784439,-0.499999999999999,1.58442548924307,0.0877620672842516,0.0463508187979446
6,17.5,5,3.44,26.0166666666667,12,1,6.32,9,0.258819045102521,-0.965925826289068,1.07026006798133,0.132222934016656,0.0411374785899293
9.05,19,5,2.28,37.1833333333333,6,1,3.98,9,-0.499999999999999,-0.866025403784439,1.53335152120079,0.061317794710892,0.0412376025423791
4,21,5,1.77,31.1333333333333,2,2,8.52,9,-1,-4.28626379701574e-16,1.80187466889828,0.0568522483940043,0.0578760600288526
3,21.5,5,4.58,23.9166666666667,0,1,6.04,9,-0.965925826289068,0.25881904510252,2.4977574852923,0.191498257839721,0.104435853043581
3,8,0,2.46,10.0333333333333,1,1,3.07,4,-0.866025403784438,-0.5,1.06512495932233,0.245182724252492,0.106158633819501
5.66,10.5,0,7.44,37.0333333333333,3,1,5,4,-0.707106781186548,0.707106781186547,0.41388753506978,0.200900090009001,0.0111760810549896
4.26,11,0,3.56,31.9333333333333,3,1,3.21,4,-0.5,0.866025403784438,1.97071913886231,0.111482254697286,0.061713542970636
8.19,11.5,0,5.41,22.8666666666667,3,1,4.83,4,-0.258819045102522,0.965925826289068,3.03697221158446,0.236588921282799,0.132812195841886
2,12,0,5.85,30.6833333333333,3,1,8.05,4,-2.44929359829471e-16,1,3.97112861473715,0.190657251493753,0.129422985814356
3.99,12,0,1.64,19.2166666666667,3,1,3.06,4,-2.44929359829471e-16,1,0.315998688765737,0.0853425845620121,0.0164439907423627
9.45,18,0,15.3,53.7833333333333,12,2,13.81,4,3.67394039744206e-16,-1,9.93740516629231,0.284474744344593,0.184767372165336
5.55,20,0,2.07,16.5166666666667,6,1,2.5,4,-0.866025403784439,-0.5,1.63274063438727,0.125327951564077,0.0988541251899457
5.42,20.5,0,2.2,8.9,6,1,2.86,4,-0.965925826289068,-0.258819045102523,0.804690937639064,0.247191011235955,0.0904147120942769
5.59,21,0,2.56,25.5833333333333,2,2,5.86,4,-1,-4.28626379701574e-16,1.43080645475047,0.100065146579805,0.0559272881335687
8.75,9.5,3,2.2,13.2166666666667,1,1,3.34,8,-0.965925826289068,0.25881904510252,0.784562423448408,0.166456494325347,0.059361595721191
4.44,11,3,1.36,13.9,3,1,2.67,8,-0.5,0.866025403784438,0.774645447042163,0.097841726618705,0.0557298882764146
7.8,19,3,8.65,32,12,2,14.53,8,-0.499999999999999,-0.866025403784439,6.64715078236445,0.2703125,0.207723461948889
20.83,20,3,5.19,33.7,18,3,9.57,8,-0.866025403784439,-0.5,3.37236160260929,0.154005934718101,0.100070077228762
5.54,22,3,6.78,20.7,1,1,9.16,8,-0.866025403784439,0.499999999999999,5.64003610425094,0.327536231884058,0.272465512282654
6.07,10.5,0,0.87,20.1333333333333,1,1,2.29,7,-0.707106781186548,0.707106781186547,0.325695134955443,0.0432119205298013,0.0161769106765948
3,14.5,0,3.61,24.9,1,1,7.54,7,0.965925826289068,0.258819045102521,2.23373950686724,0.144979919678715,0.0897084139304113
12.04,18.5,0,11.66,41.05,6,1,4.62,7,-0.25881904510252,-0.965925826289068,8.25421058285695,0.284043848964677,0.201076993492252
10.94,20,0,3.97,15.5333333333333,6,1,3.59,7,-0.866025403784439,-0.5,6.03194008099341,0.255579399141631,0.388322322810735
8.27,21,0,0.87,9.16666666666667,1,1,2.31,7,-1,-4.28626379701574e-16,0.525155425993978,0.0949090909090909,0.0572896828357067
4.09,8,5,3.73,23.3,1,1,3.99,6,-0.866025403784438,-0.5,1.24097561423269,0.160085836909871,0.0532607559756517
3,10.5,5,1.42,22.7166666666667,3,1,3.04,6,-0.707106781186548,0.707106781186547,8.91562289556197,0.0625091709464417,0.392470560332882
18,13,5,2.73,20.4166666666667,3,1,3.3,6,0.5,0.866025403784439,0.752930152715519,0.133714285714286,0.0368782115615764
4.57,21,5,4.98,24.5333333333333,12,1,7.46,6,-1,-4.28626379701574e-16,2.28029693391004,0.202989130434783,0.0929468858930721
4.74,9.5,4,6.22,33.8,1,1,4.61,3,-0.965925826289068,0.25881904510252,3.80221026662484,0.184023668639053,0.112491428006652
3.93,11,4,4.51,31.95,3,1,4.14,3,-0.5,0.866025403784438,2.62368079617278,0.141158059467919,0.0821183347784909
10.83,15.5,4,5.49,22.2833333333333,1,1,4.1,3,0.965925826289068,-0.25881904510252,4.29521503965463,0.246372475691847,0.192754601629976
4.17,16.5,4,7.23,38.6,6,1,4.91,3,0.707106781186547,-0.707106781186548,3.26181237444378,0.187305699481865,0.0845029112550203
8.27,19,4,7.77,27.4833333333333,6,1,3.22,3,-0.499999999999999,-0.866025403784439,2.8652080024219,0.28271679805943,0.104252565279147
3,0,4,3.81,24.1,1,1,4.07,3,0,1,0.876280611258252,0.158091286307054,0.0363601913385167
2,7.5,2,3.57,25.05,1,1,3.21,5,-0.707106781186547,-0.707106781186548,1.61303776037826,0.14251497005988,0.0643927249651999
7.12,9.5,2,4.53,29.2166666666667,1,1,3,5,-0.965925826289068,0.25881904510252,0.461835993233702,0.155048488305762,0.0158072787187805
1,21.5,2,3.26,14,1,1,3.06,5,-0.965925826289068,0.25881904510252,2.15886685059983,0.232857142857143,0.154204775042845
14.44,9,6,8.04,28.55,0,1,4.75,9,-1,-1.83697019872103e-16,4.26368531601052,0.281611208406305,0.149340991804221
16.48,17.5,6,18.37,16,18,3,18.2,9,0.258819045102521,-0.965925826289068,8.59805279388977,1.148125,0.53737829961811
7.9,19,6,12.72,6,18,2,21.66,9,-0.499999999999999,-0.866025403784439,7.96057570725453,2.12,1.32676261787576
7.26,21,6,0.36,8,0,1,2.07,9,-1,-4.28626379701574e-16,0.492898498983837,0.045,0.0616123123729796
1,21.5,6,3.79,14.4833333333333,1,1,4.01,9,-0.965925826289068,0.25881904510252,1.78781086413985,0.261680092059839,0.123439185095962
7.95,22,6,1.46,20.0333333333333,1,1,2.57,9,-0.866025403784439,0.499999999999999,0.460760203910607,0.0728785357737105,0.0229996773998639
4.11,23,6,6.35,35.95,2,2,8.94,9,-0.500000000000001,0.866025403784438,7.2329246047588,0.17663421418637,0.201194008477296
5.59,10.5,1,9.34,46.2166666666667,3,1,4.71,4,-0.707106781186548,0.707106781186547,5.7361418506386,0.202091597547782,0.124114140295101
3,13.5,1,1.82,11.8833333333333,3,1,3.14,4,0.707106781186547,0.707106781186548,0.667980381067306,0.153155680224404,0.0562115327686373
3.39,20,1,2.99,13.5166666666667,6,1,3.7,4,-0.866025403784439,-0.5,0.216197098732302,0.221208384710234,0.0159948531737831
3,22,1,1.02,6.66666666666667,1,1,2.25,4,-0.866025403784439,0.499999999999999,0.0918607923795631,0.153,0.0137791188569345
6,0,4,1.46,6.88333333333333,2,1,3.13,8,0,1,1.39077924645971,0.212106537530266,0.20205025372296
7.78,0.5,4,0.6,6.91666666666667,1,1,2,8,0.258819045102521,0.965925826289068,0.548349159243673,0.0867469879518072,0.0792793965171576
10,9,4,2.26,12.35,1,1,3.02,8,-1,-1.83697019872103e-16,0.794942275315655,0.182995951417004,0.0643677955721178
7.32,15.5,4,7.05,35.1833333333333,2,2,11.53,8,0.965925826289068,-0.25881904510252,4.53668487779913,0.200378967314069,0.128944146218829
8.21,16.5,4,0.8,12.95,1,1,3.08,8,0.707106781186547,-0.707106781186548,0.552264226184714,0.0617760617760618,0.0426458861918698
19.68,19,4,3.86,30.8333333333333,18,3,8.78,8,-0.499999999999999,-0.866025403784439,2.05218420553312,0.125189189189189,0.0665573255848578
4,11.5,1,5.04,22.4333333333333,3,1,5.6,7,-0.258819045102522,0.965925826289068,3.5164496168396,0.224665676077266,0.156751097333117
8.21,12,1,2.24,17.85,3,1,2.65,7,-2.44929359829471e-16,1,0.942963418672937,0.125490196078431,0.0528270822785959
5.36,12,1,5.02,21.5333333333333,3,1,3.72,7,-2.44929359829471e-16,1,0.201374170758025,0.23312693498452,0.00935174167606926
2,0,6,0.83,6.21666666666667,1,1,3.63,6,0,1,0.0945345762502291,0.133512064343164,0.0152066342493666
4,10,6,11.07,25,1,1,4.66,6,-0.866025403784439,0.5,5.70956207008568,0.4428,0.228382482803427
1,11.5,6,10.27,40.2333333333333,6,2,10.11,6,-0.258819045102522,0.965925826289068,2.58077763255864,0.255260977630489,0.064145260129875
20.45,18.5,6,5.92,51.4333333333333,18,3,10.66,6,-0.25881904510252,-0.965925826289068,2.19466832568508,0.115100453661698,0.0426701553924512
10.15,20,6,3.51,27.5666666666667,12,3,5.04,6,-0.866025403784439,-0.5,1.80836281849376,0.1273276904474,0.0655996185668838
9.33,21,6,4.8,22.1666666666667,6,1,3.81,6,-1,-4.28626379701574e-16,1.81515258778653,0.216541353383459,0.0818865829076631
2,21,6,3.3,19.7333333333333,1,1,3.19,6,-1,-4.28626379701574e-16,1.25176729182924,0.16722972972973,0.0634341533021576
2,0.5,5,1.83,20.45,1,1,3.08,3,0.258819045102521,0.965925826289068,1.77443765401475,0.0894865525672372,0.0867695674334841
7.17,2.5,5,2.81,26.3166666666667,2,2,8.9,3,0.965925826289068,0.258819045102521,0.366231643791447,0.106776440785307,0.0139163385861221
6,13,5,3.54,17.9166666666667,6,1,4.46,3,0.5,0.866025403784439,1.25355228591694,0.197581395348837,0.0699657089814108
4.09,13.5,5,11.93,39.9666666666667,6,2,15.54,3,0.707106781186547,0.707106781186548,7.504458086684,0.298498748957465,0.187767925438298
10.5,17.5,5,4.09,19.2,12,2,6.51,3,0.258819045102521,-0.965925826289068,1.7662358277856,0.213020833333333,0.0919914493638335
5,20.5,5,5.05,25.8166666666667,6,1,3.18,3,-0.965925826289068,-0.258819045102523,3.77897797294973,0.195610071013557,0.146377455375716
1,9,3,2.73,23.2166666666667,1,1,3.05,5,-1,-1.83697019872103e-16,1.15485356647003,0.117587939698492,0.0497424364595848
4.05,10.5,3,4.25,19.2833333333333,1,1,3.22,5,-0.707106781186548,0.707106781186547,0.994855322789841,0.220397579948142,0.0515914601273902
3,18,3,3.78,23.5,6,1,7.01,5,3.67394039744206e-16,-1,0.632029585433349,0.160851063829787,0.0268948759758872
10.13,19.5,3,10.61,1,18,3,10.9,5,-0.707106781186547,-0.707106781186548,3.81019186013811,10.61,3.81019186013811
5.33,11,0,6.01,20.6166666666667,0,1,4.7,9,-0.5,0.866025403784438,3.68199440856675,0.291511721907842,0.17859309984964
5,21,0,14.3,4,2,2,20,9,-1,-4.28626379701574e-16,9.15415785300867,3.575,2.28853946325217
3.4,23.5,0,4.44,37.0166666666667,1,1,4.64,9,-0.258819045102521,0.965925826289068,2.06969964039335,0.119945970283656,0.0559126422438546
6.25,17.5,2,5.68,36.25,6,1,4.78,4,0.258819045102521,-0.965925826289068,3.12988900270213,0.156689655172414,0.0863417655917828
20,18,2,6.62,30.5833333333333,6,1,4.66,4,3.67394039744206e-16,-1,3.61677375396232,0.216457765667575,0.118259632282147
3,18.5,2,1.39,14.2666666666667,6,1,3.06,4,-0.25881904510252,-0.965925826289068,0.233715473237294,0.0974299065420561,0.0163819256942028
5.45,19,2,3.96,25.4833333333333,6,1,3.63,4,-0.499999999999999,-0.866025403784439,8.85906798442191,0.155395683453237,0.347641647524731
10.44,19.5,2,1.22,23.2333333333333,6,1,3.07,4,-0.707106781186547,-0.707106781186548,0.294363032534977,0.0525107604017217,0.0126698579283347
4,20,2,7.24,24.2833333333333,6,1,3.42,4,-0.866025403784439,-0.5,3.85237442110071,0.298146877144818,0.158642735254662
3.47,20.5,2,3,12.55,6,1,2.67,4,-0.965925826289068,-0.258819045102523,1.36705711069511,0.239043824701195,0.108928853441841
3,20.5,2,4.21,35.2,6,1,3.42,4,-0.965925826289068,-0.258819045102523,1.80814837630299,0.119602272727273,0.0513678515995166
3.07,20.5,2,6.66,25.1166666666667,6,1,4.98,4,-0.965925826289068,-0.258819045102523,5.29929810692205,0.265162574651626,0.210987316798489
5.42,21.5,2,1.89,13.0166666666667,1,1,2.67,4,-0.965925826289068,0.25881904510252,1.27932283628251,0.145198463508323,0.0982834445287463
3,19,5,4.67,33.85,6,1,3.52,8,-0.499999999999999,-0.866025403784439,2.99721936457988,0.137961595273264,0.0885441466641027
5,9,2,4.2,24.8833333333333,1,1,3.03,7,-1,-1.83697019872103e-16,0.539242282345555,0.168787675820496,0.0216708217955347
8.95,23,2,2.77,41.25,2,1,6.87,7,-0.500000000000001,0.866025403784438,2.16814691815059,0.0671515151515152,0.0525611374097114
3.66,8,6,4.62,16.4333333333333,1,1,3.36,3,-0.866025403784438,-0.5,0.264579267226434,0.281135902636917,0.0161001582490731
3.12,12.5,6,3.82,23.2833333333333,6,2,8.94,3,0.258819045102521,0.965925826289068,1.30678648381802,0.164065855404438,0.0561254037430789
3,13.5,6,19.49,6,6,2,13.48,3,0.707106781186547,0.707106781186548,7.74860804106398,3.24833333333333,1.29143467351066
3,16,6,0.94,24.2333333333333,1,1,2.13,3,0.866025403784439,-0.499999999999999,0.373420554965965,0.0387895460797799,0.0154093764084992
2,8.5,4,4.19,23.7,1,1,3.52,5,-0.965925826289068,-0.258819045102521,0.873308631503549,0.176793248945148,0.0368484654642848
8,9,4,1.24,23.4666666666667,1,1,2.46,5,-1,-1.83697019872103e-16,0.61781190902834,0.0528409090909091,0.0263272120324577
5,20,4,5.6,20.95,6,1,3.44,5,-0.866025403784439,-0.5,2.45328088516433,0.267303102625298,0.117101712895672
12.05,20.5,4,10.34,40.1,12,2,4.98,5,-0.965925826289068,-0.258819045102523,2.47114306647845,0.25785536159601,0.0616245153735275
5.29,10,1,4.71,29.15,0,1,4.11,9,-0.866025403784439,0.5,2.42934361187944,0.161578044596913,0.0833394034950065
8.78,20.5,1,3.68,32.4,12,2,5.64,9,-0.965925826289068,-0.258819045102523,1.61945048844179,0.11358024691358,0.049983039766722
9,23,1,16.99,49.1666666666667,2,2,33.5,9,-0.500000000000001,0.866025403784438,10.6826577093558,0.345559322033898,0.217274394088592
