"tip","time","weekday","distance","duration_min","points","deliveries_count","fare","month","time_sin","time_cos","geo_distance","speed","geo_speed","log_tip","log_distance","dist_dur","is_weekday","is_summer","time_of_day","log_points","poin_deli","deliveries_f"
4.9,12.5,6,1.97,21.1166666666667,3,1,35,4,0.258819045102521,-0.38268343236509,0.72739524325889,0.0932912391475927,0.0344464992861353,1.77495235091167,1.08856195281461,22.9867999036018,1,0,"afternoon",1.38629436111989,3,"1"
11,1.5,6,9.67,47.3666666666667,3,2,13.12,5,0.707106781186547,0.130526192220051,4.01565317096352,0.204152005629838,0.0847780402033114,2.484906649788,2.36743606531366,112.137554960357,1,1,"night",1.38629436111989,6,"2"
14.89,22.5,3,4.42,23.4666666666667,2,2,8.4,9,-0.707106781186547,0.793353340291235,1.658699587818,0.188352272727273,0.0706832210717897,2.76568998054862,1.69009581545155,39.6609151359299,1,1,"night",1.09861228866811,4,"2"
4.45,20,4,3.88,31.6,6,1,8.07,4,-0.866025403784439,1,2.97114388081574,0.122784810126582,0.0940235405321436,1.69561560867515,1.58514521986506,50.0905889477358,1,0,"evening",1.94591014905531,6,"1"
9.71,16,2,2.44,22.5666666666667,1,1,3.11,8,0.866025403784439,0.5,1.06916136399509,0.108124076809453,0.047377903869797,2.37117788445966,1.23547147138531,27.8804728709285,1,1,"evening",0.693147180559945,1,"1"
16.88,20.5,4,12.47,48.6,18,2,10.97,5,-0.965925826289068,0.99144486137381,6.26440849371044,0.256584362139918,0.128897294109268,2.88368276974537,2.60046499042227,126.382598534522,1,1,"evening",2.94443897916644,36,"2"
9.23,10.5,2,5.76,31.8166666666667,3,1,4.35,4,-0.707106781186548,-0.793353340291235,3.55845488072016,0.18103719224725,0.111842479226406,2.32532457996354,1.91102289005487,60.8023782852459,1,0,"afternoon",1.38629436111989,3,"1"
6.87,3,4,5.06,23.5666666666667,1,1,3.46,5,1,-0.258819045102521,2.28117526086913,0.214710042432815,0.0967966871655924,2.06305806242931,1.80170980008122,42.4602942885809,1,1,"night",0.693147180559945,1,"1"
2,21.5,0,6.62,20.6166666666667,1,1,4.22,3,-0.965925826289068,0.923879532511287,2.44482396223065,0.321099434114794,0.118584832444494,1.09861228866811,2.03077636969855,41.8678394886186,1,0,"night",0.693147180559945,1,"1"
5,8.5,0,19.7,55.8666666666667,2,1,17.71,9,-0.965925826289068,-0.99144486137381,7.24613915991808,0.352625298329356,0.129704161573713,1.79175946922805,3.03013370027132,169.283469388491,1,1,"afternoon",1.09861228866811,2,"1"
3.07,20.5,2,6.66,25.1166666666667,6,1,4.98,4,-0.965925826289068,0.99144486137381,5.29929810692205,0.265162574651626,0.210987316798489,1.4036429994545,2.0360119837525,51.1378343252504,1,0,"evening",1.94591014905531,6,"1"
3,9,2,7.16,35.0833333333333,1,1,4.59,8,-1,-0.965925826289068,3.73483990310546,0.204085510688836,0.106456244269039,1.38629436111989,2.09924416897602,73.6484829282418,1,1,"afternoon",0.693147180559945,1,"1"
10,8.5,0,2.44,13.6,1,1,3.25,6,-0.965925826289068,-0.99144486137381,0.60004639656486,0.179411764705882,0.0441210585709456,2.39789527279837,1.23547147138531,16.8024120108402,1,1,"afternoon",0.693147180559945,1,"1"
4.59,11,4,2.52,17.1166666666667,3,1,2.97,6,-0.5,-0.707106781186547,1.06406353576797,0.147224926971762,0.0621653477566485,1.72097928716701,1.25846098961001,21.540657272158,1,1,"afternoon",1.38629436111989,3,"1"
5.23,23.5,5,3.76,28.0666666666667,1,1,3.81,8,-0.258819045102521,0.608761429008721,2.48313133157143,0.13396674584323,0.0884726127638277,1.82937633279936,1.56024766824333,43.7909512220295,1,1,"night",0.693147180559945,1,"1"
3,9,5,3.35,33.5666666666667,1,1,5.5,4,-1,-0.965925826289068,1.75189180248955,0.0998013902681231,0.0521914141754581,1.38629436111989,1.47017584510059,49.3489025338766,1,0,"afternoon",0.693147180559945,1,"1"
5,20,5,6.72,34.8166666666667,12,2,11.02,4,-0.866025403784439,1,1.24264842994205,0.193011010052657,0.0356911947326582,1.79175946922805,2.04381436403668,71.1588034412106,1,0,"evening",2.56494935746154,24,"2"
5,10,6,1.36,16.7833333333333,1,1,2.56,6,-0.866025403784439,-0.866025403784439,0.704208424569365,0.0810327706057597,0.0419587939167447,1.79175946922805,0.858661619037519,14.4112041728463,1,1,"afternoon",0.693147180559945,1,"1"
5.69,19,5,3.68,37,12,2,21.18,5,-0.499999999999999,0.965925826289068,3.82119643048727,0.0994594594594595,0.103275579202359,1.90061387414014,1.54329810992956,57.1020300673935,1,1,"evening",2.56494935746154,24,"2"
2,20.5,4,4.62,29.45,6,1,5.08,4,-0.965925826289068,0.99144486137381,1.19735794351044,0.156876061120543,0.040657315569115,1.09861228866811,1.7263316639056,50.8404675020199,1,0,"evening",1.94591014905531,6,"1"
3.39,19.5,1,4.39,17.0666666666667,6,1,6.29,6,-0.707106781186547,0.99144486137381,2.34162443316014,0.2572265625,0.137204556630477,1.47932922708708,1.68454538492091,28.7495745693168,1,1,"evening",1.94591014905531,6,"1"
3,13.5,6,19.49,6,6,2,13.48,3,0.707106781186547,-0.130526192220052,7.74860804106398,3.24833333333333,1.29143467351066,1.38629436111989,3.01993696225081,18.1196217735048,1,0,"afternoon",1.94591014905531,12,"2"
8.98,22,6,3.7,21.4833333333333,1,1,2.58,6,-0.866025403784439,0.866025403784439,0.460760203910607,0.1722265321955,0.0214473329981664,2.30058309032337,1.54756250871601,33.2468012289156,1,1,"night",0.693147180559945,1,"1"
0.34,18,2,4.8,28.2833333333333,6,1,10.75,6,3.67394039744206e-16,0.866025403784439,7.78926004948072,0.169711255156158,0.27540106244481,0.29266961396282,1.75785791755237,49.7180814347729,1,1,"evening",1.94591014905531,6,"1"
1,22.5,6,3.26,14.0833333333333,1,1,6.04,9,-0.707106781186547,0.793353340291235,0.320854867410611,0.231479289940828,0.0227825941356647,0.693147180559945,1.44926916028128,20.4105406739613,1,1,"night",0.693147180559945,1,"1"
7.84,1.5,5,2.23,26.7,2,2,3.97,3,0.707106781186547,0.130526192220051,1.0210271332573,0.0835205992509363,0.038240716601397,2.17928687664955,1.17248213723457,31.3052730641629,1,0,"night",1.09861228866811,4,"2"
4,11.5,4,17.7,9,6,2,25.06,5,-0.258819045102522,-0.608761429008721,4.26055191529651,1.96666666666667,0.473394657255168,1.6094379124341,2.92852352386054,26.3567117147449,1,1,"afternoon",1.94591014905531,12,"2"
11.18,21,5,4.42,24.3166666666667,1,1,4.01,5,-1,0.965925826289068,2.30281988104638,0.181768334475668,0.0947012973699675,2.49979526228175,1.69009581545155,41.0974965790637,1,1,"night",0.693147180559945,1,"1"
5.7,22.5,5,1.45,23.9,1,1,2.27,8,-0.707106781186547,0.793353340291235,0.913984612986789,0.0606694560669456,0.0382420340161836,1.90210752639692,0.896088024556636,21.4165037869036,1,1,"night",0.693147180559945,1,"1"
7.71,11.5,0,3.91,30.0833333333333,6,2,4.36,9,-0.258819045102522,-0.608761429008721,1.53632429498543,0.129972299168975,0.0510689516338646,2.16447179086441,1.59127394180643,47.87082441601,1,1,"afternoon",1.94591014905531,12,"2"
5,9.5,4,2.62,15.0166666666667,1,1,3.39,8,-0.965925826289068,-0.923879532511287,1.26207865208555,0.174472807991121,0.0840451932576395,1.79175946922805,1.28647402583768,19.3185516213292,1,1,"afternoon",0.693147180559945,1,"1"
6,8.5,6,2.23,22.5666666666667,1,1,3.18,5,-0.965925826289068,-0.99144486137381,1.30682056989218,0.0988183161004431,0.0579093310144244,1.94591014905531,1.17248213723457,26.4590135635934,1,1,"afternoon",0.693147180559945,1,"1"
5.09,21,6,8.53,26.8833333333333,6,1,4.41,6,-1,0.965925826289068,5.70043991557362,0.317296962182269,0.212043642240804,1.80664808172181,2.25444471766611,60.6069888265905,1,1,"night",1.94591014905531,6,"1"
13.14,18,6,5.76,29.2333333333333,12,2,6.12,5,3.67394039744206e-16,0.866025403784439,1.74338292147725,0.197035347776511,0.0596368160140452,2.64900766046843,1.91102289005487,55.865569152604,1,1,"evening",2.56494935746154,24,"2"
3,11,0,1.39,13.0166666666667,3,1,2.16,9,-0.5,-0.707106781186547,0.325951827988552,0.106786171574904,0.0250411135458554,1.38629436111989,0.871293365943419,11.3413353133635,1,1,"afternoon",1.38629436111989,3,"1"
6.97,18.5,5,16.35,47.9333333333333,12,2,10.37,8,-0.25881904510252,0.923879532511287,9.02067185981353,0.341098748261474,0.188192041581645,2.07568449280212,2.85359250639287,136.782200806431,1,1,"evening",2.56494935746154,24,"2"
5.01,1,3,0.52,17.7166666666667,1,1,2.31,5,0.5,0.25881904510252,0.300158498416763,0.0293508936970837,0.0169421541909744,1.79342474854712,0.418710334858185,7.41815143257086,1,1,"night",0.693147180559945,1,"1"
3,19,2,1.6,15.8666666666667,6,1,2.65,5,-0.499999999999999,0.965925826289068,0.609629678936503,0.100840336134454,0.0384220385884351,1.38629436111989,0.955511445027436,15.1607815944354,1,1,"evening",1.94591014905531,6,"1"
17.32,20,5,4.81,35.25,6,1,3.07,5,-0.866025403784439,1,4.39785886949462,0.13645390070922,0.124761953744528,2.90799335924598,1.75958057086382,62.0252151229496,1,1,"evening",1.94591014905531,6,"1"
3,10.5,5,1.42,22.7166666666667,3,1,3.04,6,-0.707106781186548,-0.793353340291235,8.91562289556197,0.0625091709464417,0.392470560332882,1.38629436111989,0.883767540168595,20.0762526208299,1,1,"afternoon",1.38629436111989,3,"1"
3,13.5,1,5.64,20.8166666666667,3,1,4.05,7,0.707106781186547,-0.130526192220052,3.87849276989007,0.27093674939952,0.186316706319779,1.38629436111989,1.89311196348834,39.4082807066157,1,1,"afternoon",1.38629436111989,3,"1"
8.51,8,5,10.58,37.0833333333333,0,2,6.83,9,-0.866025403784438,-1,5.4047330979419,0.285303370786517,0.145745611629894,2.2523438765573,2.44927947214485,90.8274470920381,1,1,"afternoon",0,0,"2"
5.58,18.5,5,5.74,20.5833333333333,6,1,3.85,9,-0.25881904510252,0.923879532511287,3.09086850406131,0.278866396761134,0.150163652019173,1.88403474533723,1.90805992492422,39.27423345469,1,1,"evening",1.94591014905531,6,"1"
2,12,1,3.26,22.6,3,1,4.02,8,-2.44929359829471e-16,-0.5,1.22091766948276,0.144247787610619,0.0540229057293256,1.09861228866811,1.44926916028128,32.7534830223569,1,1,"afternoon",1.38629436111989,3,"1"
9,18.5,1,0.97,6.38333333333333,6,1,3.05,6,-0.25881904510252,0.923879532511287,0.569952277695357,0.151958224543081,0.0892875630854345,2.30258509299405,0.678033542749897,4.32811411455351,1,1,"evening",1.94591014905531,6,"1"
7.16,19.5,6,5.96,21.6666666666667,6,1,3.27,4,-0.707106781186547,0.99144486137381,0.791313088672168,0.275076923076923,0.0365221425541,2.09924416897602,1.94017947434633,42.0372219441705,1,0,"evening",1.94591014905531,6,"1"
8,20.5,5,6.03,23.0333333333333,12,2,6.3,7,-0.965925826289068,0.99144486137381,3.15141552029714,0.261794500723589,0.136819776568617,2.19722457733622,1.95018670582257,44.9193004574465,1,1,"evening",2.56494935746154,24,"2"
12.34,20.5,2,2.98,33.8333333333333,6,1,5.01,9,-0.965925826289068,0.99144486137381,0.92577704930546,0.0880788177339901,0.0273628684523781,2.59076704048748,1.38128181929635,46.7333682195263,1,1,"evening",1.94591014905531,6,"1"
3.99,12,0,1.64,19.2166666666667,3,1,3.06,4,-2.44929359829471e-16,-0.5,0.315998688765737,0.0853425845620121,0.0164439907423627,1.60743590976343,0.970778917158225,18.6551348580573,1,0,"afternoon",1.38629436111989,3,"1"
3,1,5,1.87,21.5666666666667,1,1,5.6,3,0.5,0.25881904510252,1.34070746879598,0.0867078825347759,0.062165724982812,1.38629436111989,1.05431202977153,22.7379961087394,1,0,"night",0.693147180559945,1,"1"
17.1,18.5,2,17.43,59.4666666666667,24,3,19.56,8,-0.25881904510252,0.923879532511287,3.61376725134541,0.293105381165919,0.0607696286661223,2.89591193827178,2.91397977168173,173.284663756007,1,1,"evening",3.2188758248682,72,"3"
9.14,22.5,6,5.13,26.5666666666667,2,1,4.93,8,-0.707106781186547,0.793353340291235,2.3427896766908,0.193099121706399,0.0881853077800804,2.31648799816304,1.81319474994812,48.1705405236218,1,1,"night",1.09861228866811,2,"1"
4,2,5,6.75,29.8666666666667,2,2,9.31,3,0.866025403784439,-1.83697019872103e-16,7.34884738118997,0.226004464285714,0.246055157852343,1.6094379124341,2.04769284336526,61.157759588509,1,0,"night",1.09861228866811,4,"2"
4,0.5,6,3.83,24.9166666666667,1,1,5.87,3,0.258819045102521,0.382683432365089,0.882569627932322,0.15371237458194,0.0354208546327353,1.6094379124341,1.57484646766448,39.2399244859734,1,0,"night",0.693147180559945,1,"1"
9,8.5,6,2.73,18.5333333333333,1,1,7.08,8,-0.965925826289068,-0.99144486137381,0.536540318378642,0.147302158273381,0.0289500171787037,2.30258509299405,1.31640823365572,24.397432597086,1,1,"afternoon",0.693147180559945,1,"1"
3,10.5,0,3.27,17.9,1,1,3.29,3,-0.707106781186548,-0.793353340291235,1.24539368764634,0.18268156424581,0.0695750663489578,1.38629436111989,1.45161382724053,25.9838875076055,1,0,"afternoon",0.693147180559945,1,"1"
12.32,20,4,3.5,18.4666666666667,12,3,4.6,6,-0.866025403784439,1,2.69920639698411,0.189530685920578,0.146166411389031,2.58926666511224,1.50407739677627,27.7752959271352,1,1,"evening",2.56494935746154,36,"3"
2,10.5,2,2.94,21.15,1,1,3.09,9,-0.707106781186548,-0.793353340291235,0.870431088284027,0.139007092198582,0.0411551341978263,1.09861228866811,1.37118072330984,29.0004722980032,1,1,"afternoon",0.693147180559945,1,"1"
5.9,18,5,6.98,27.2,6,1,3.48,5,3.67394039744206e-16,0.866025403784439,2.98998625470183,0.256617647058824,0.109925965246391,1.93152141160321,2.07693841146172,56.4927247917587,1,1,"evening",1.94591014905531,6,"1"
4.19,12,2,1.97,20.0833333333333,3,1,2.86,9,-2.44929359829471e-16,-0.5,0.777127520608833,0.098091286307054,0.0386951462543817,1.6467336971778,1.08856195281461,21.86195255236,1,1,"afternoon",1.38629436111989,3,"1"
11.3,20,6,11.09,36.3,12,1,9.18,8,-0.866025403784439,1,4.9870025378766,0.305509641873278,0.137382990024149,2.50959926237837,2.4923786646267,90.4733455259492,1,1,"evening",2.56494935746154,12,"1"
21.91,1,5,5.98,20.9,1,1,4.07,8,0.5,0.25881904510252,2.3734505195671,0.286124401913876,0.113562225816607,3.1315734964654,1.94304891677428,40.6097223605825,1,1,"night",0.693147180559945,1,"1"
4,16,5,16.43,48.6333333333333,2,2,15.08,7,0.866025403784439,0.5,9.14316269028586,0.337834132967786,0.188001974440422,1.6094379124341,2.85819285953193,139.003446068569,1,1,"evening",1.09861228866811,4,"2"
3.41,8,2,1.03,14.5333333333333,1,1,2.26,8,-0.866025403784438,-1,8.60846019178125,0.0708715596330275,0.592325242553756,1.48387468945875,0.708035793053696,10.2901201923804,1,1,"afternoon",0.693147180559945,1,"1"
14.61,20.5,6,5.42,26.4166666666667,12,2,4.12,8,-0.965925826289068,0.99144486137381,3.61551450908508,0.205173501577287,0.136864902552117,2.74791173452734,1.85941811770187,49.1196286092911,1,1,"evening",2.56494935746154,24,"2"
4.17,16.5,4,7.23,38.6,6,1,4.91,3,0.707106781186547,0.608761429008721,3.26181237444378,0.187305699481865,0.0845029112550203,1.64287268852034,2.10778601468898,81.3605401669946,1,0,"evening",1.94591014905531,6,"1"
10,9,4,2.26,12.35,1,1,3.02,8,-1,-0.965925826289068,0.794942275315655,0.182995951417004,0.0643677955721178,2.39789527279837,1.18172719537862,14.5943308629259,1,1,"afternoon",0.693147180559945,1,"1"
3,1,4,7.75,53.2,2,2,12.16,4,0.5,0.25881904510252,2.97387349198955,0.145676691729323,0.0558998776689765,1.38629436111989,2.16905370036952,115.393656859659,1,0,"night",1.09861228866811,4,"2"
5.29,10,1,4.71,29.15,0,1,4.11,9,-0.866025403784439,-0.866025403784439,2.42934361187944,0.161578044596913,0.0833394034950065,1.83896107071235,1.74221902366792,50.7856845399198,1,1,"afternoon",0,0,"1"
2,8,3,4.99,32.05,1,1,4.51,5,-0.866025403784438,-1,2.91352663795863,0.155694227769111,0.0909056673310024,1.09861228866811,1.79009141212736,57.3724297586818,1,1,"afternoon",0.693147180559945,1,"1"
4.38,20.5,1,4.98,15.4833333333333,6,1,6.13,3,-0.965925826289068,0.99144486137381,3.44469602330031,0.321636167922497,0.222477676424132,1.68268837417369,1.78842056796254,27.6907117939533,1,0,"evening",1.94591014905531,6,"1"
1,10,2,3.97,12.5166666666667,1,1,4.02,7,-0.866025403784439,-0.866025403784439,1.55909214574489,0.317177097203728,0.124561289939671,0.693147180559945,1.60341984010854,20.0694716653586,1,1,"afternoon",0.693147180559945,1,"1"
6.23,9.5,0,6.81,58.1833333333333,1,1,4.06,6,-0.965925826289068,-0.923879532511287,3.88443919003321,0.117043826983672,0.0667620599833837,1.97823903617067,2.05540496385159,119.590312146765,1,1,"afternoon",0.693147180559945,1,"1"
9.26,20,5,1.22,14,6,1,3.01,9,-0.866025403784439,1,0.742782961652408,0.0871428571428571,0.0530559258323149,2.32825283974262,0.797507195884188,11.1651007423786,1,1,"evening",1.94591014905531,6,"1"
4.95,10,0,6.45,32.9333333333333,1,1,5.1,7,-0.866025403784439,-0.866025403784439,3.69999603635089,0.19585020242915,0.112348057783934,1.78339121955754,2.00821403239147,66.1371821334256,1,1,"afternoon",0.693147180559945,1,"1"
4,8.5,4,9.91,46.9666666666667,2,2,19.05,8,-0.965925826289068,-0.99144486137381,2.759133833418,0.211000709723208,0.0587466394624131,1.6094379124341,2.38967979984498,112.235294599386,1,1,"afternoon",1.09861228866811,4,"2"
12.88,21,5,7.13,37.9666666666667,3,2,11.13,4,-1,0.965925826289068,3.84204997137534,0.187796312554873,0.101195346041493,2.63044895507866,2.09556092355972,79.5614630644841,1,0,"night",1.38629436111989,6,"2"
6.08,11.5,5,2.61,26.1166666666667,3,1,3.22,7,-0.258819045102522,-0.608761429008721,1.3089627708729,0.0999361837906828,0.050119825304642,1.95727390770563,1.28370777234479,33.5261679877381,1,1,"afternoon",1.38629436111989,3,"1"
5,11.5,6,0.66,7.38333333333333,3,1,2,7,-0.258819045102522,-0.608761429008721,0.212925590013999,0.0893905191873589,0.0288386803630698,1.79175946922805,0.506817602368452,3.74200329748707,1,1,"afternoon",1.38629436111989,3,"1"
4.71,10.5,2,0.96,16.8333333333333,1,1,4.37,8,-0.707106781186548,-0.793353340291235,0.171126203385701,0.057029702970297,0.0101659130724179,1.74221902366792,0.672944473242426,11.3278986329141,1,1,"afternoon",0.693147180559945,1,"1"
7,7.5,6,5.01,19.4833333333333,1,1,4.05,6,-0.707106781186547,-0.99144486137381,1.90476271230575,0.257142857142857,0.0977636978086782,2.07944154167984,1.79342474854712,34.9418921841929,1,1,"afternoon",0.693147180559945,1,"1"
1,13,3,1.42,13.2833333333333,1,1,4.99,7,0.5,-0.258819045102521,8.69060704600518,0.106900878293601,0.654248962058107,0.693147180559945,0.883767540168595,11.7393788252395,1,1,"afternoon",0.693147180559945,1,"1"
4.84,19.5,4,3.34,23.3833333333333,12,3,5.68,8,-0.707106781186547,0.99144486137381,1.4517309167317,0.142836778332145,0.0620840021410564,1.76473079684014,1.46787434811231,34.3237951733595,1,1,"evening",2.56494935746154,36,"3"
3,19.5,2,3.24,26.85,12,1,7.05,4,-0.707106781186547,0.99144486137381,1.96364857019322,0.120670391061453,0.0731340249606413,1.38629436111989,1.44456326924387,38.7865237791978,1,0,"evening",2.56494935746154,12,"1"
9.61,21.5,2,11.6,35.3833333333333,1,1,5.42,6,-0.965925826289068,0.923879532511287,8.52495278478956,0.327837965143665,0.240931308095795,2.36179695262589,2.53369681395743,89.6506389338604,1,1,"night",0.693147180559945,1,"1"
4.67,0,4,7.03,26.6833333333333,1,1,8.82,5,0,0.5,0.570855959179364,0.263460337289194,0.0213937273896076,1.73518911773966,2.08318452795867,55.5863071543638,1,1,"night",0.693147180559945,1,"1"
2,23,2,2.52,13.2,1,1,6.09,9,-0.500000000000001,0.707106781186548,0.734316416656938,0.190909090909091,0.0556300315649195,1.09861228866811,1.25846098961001,16.6116850628521,1,1,"night",0.693147180559945,1,"1"
3,23.5,1,2.9,20.1833333333333,1,1,4.03,6,-0.258819045102521,0.608761429008721,1.71712736863477,0.143682906688687,0.0850765005103934,1.38629436111989,1.3609765531356,27.4690434307868,1,1,"night",0.693147180559945,1,"1"
7.77,22,0,1.56,9.38333333333333,1,1,2.51,8,-0.866025403784439,0.866025403784439,0.298640668181517,0.166252220248668,0.0318267141934121,2.17133680638409,0.940007258491471,8.8204014421783,1,1,"night",0.693147180559945,1,"1"
3.81,9,3,10.78,32.95,1,1,3.8,5,-1,-0.965925826289068,3.09082285878686,0.327162367223065,0.0938034251528636,1.57069708411767,2.46640317822344,81.2679847224624,1,1,"afternoon",0.693147180559945,1,"1"
5,19.5,4,3.07,19.6,6,1,3.56,7,-0.707106781186547,0.99144486137381,0.765365454152594,0.156632653061224,0.0390492578649283,1.79175946922805,1.4036429994545,27.5114027893083,1,1,"evening",1.94591014905531,6,"1"
16.69,16,5,7.32,22.3,1,2,4.42,6,0.866025403784439,0.5,5.39076741241585,0.328251121076233,0.241738448987258,2.87299950817169,2.11866225483312,47.2461682827785,1,1,"evening",0.693147180559945,2,"2"
5,22,3,3.46,15.7833333333333,1,1,5.06,5,-0.866025403784439,0.866025403784439,1.04568690671669,0.21921858500528,0.0662526023262954,1.79175946922805,1.49514876603197,23.5984313572046,1,1,"night",0.693147180559945,1,"1"
6.25,20.5,6,2.35,7.91666666666667,6,2,2.81,6,-0.965925826289068,0.99144486137381,1.00895039061499,0.296842105263158,0.127446365130314,1.98100146886658,1.20896034583698,9.57093607120939,1,1,"evening",1.94591014905531,12,"2"
0.5,19.5,0,2.09,18.8833333333333,6,1,4.52,4,-0.707106781186547,0.99144486137381,0.663667698304683,0.110679611650485,0.0351456857001597,0.405465108108164,1.12817109090965,21.3036307666773,1,0,"evening",1.94591014905531,6,"1"
15.65,2,4,3.78,50.1333333333333,2,2,5.87,3,0.866025403784439,-1.83697019872103e-16,2.70315773275791,0.0753989361702128,0.0539193696693731,2.81241021642645,1.56444054650336,78.4306193980353,1,0,"night",1.09861228866811,4,"2"
6,18.5,5,0.87,16.4333333333333,6,1,4.62,4,-0.25881904510252,0.923879532511287,0.307550757852578,0.0529411764705882,0.0187150562587776,1.94591014905531,0.625938430866495,10.2862548805727,1,0,"evening",1.94591014905531,6,"1"
6.25,17.5,2,5.68,36.25,6,1,4.78,4,0.258819045102521,0.793353340291235,3.12988900270213,0.156689655172414,0.0863417655917828,1.98100146886658,1.89911798754855,68.8430270486351,1,0,"evening",1.94591014905531,6,"1"
3.4,23.5,0,4.44,37.0166666666667,1,1,4.64,9,-0.258819045102521,0.608761429008721,2.06969964039335,0.119945970283656,0.0559126422438546,1.48160454092422,1.69377906086785,62.698054903125,1,1,"night",0.693147180559945,1,"1"
18.52,18,6,3.25,20.3166666666667,6,1,3.59,5,3.67394039744206e-16,0.866025403784439,2.04307100030293,0.159967186218212,0.100561328973073,2.97143958098495,1.44691898293633,29.3965706699897,1,1,"evening",1.94591014905531,6,"1"
4.58,1,2,5.09,34.7333333333333,1,1,4.45,3,0.5,0.25881904510252,1.34053830399894,0.146545105566219,0.0385951527063034,1.71918877639322,1.80664808172181,62.7509100384706,1,0,"night",0.693147180559945,1,"1"
10.72,12.5,0,6,24.3166666666667,3,1,5.31,3,0.258819045102521,-0.38268343236509,3.73652206536166,0.246744345442084,0.153660948541261,2.46129678414887,1.94591014905531,47.3180484578618,1,0,"afternoon",1.38629436111989,3,"1"
7.51,21,6,15.14,37.35,6,1,11.54,4,-1,0.965925826289068,9.10933408258879,0.405354752342704,0.243891140096085,2.14124194258528,2.7813006628418,103.881579757141,1,0,"night",1.94591014905531,6,"1"
1.15,11,5,11.03,29.7333333333333,3,1,8.89,4,-0.5,-0.707106781186547,6.26946821564154,0.370964125560538,0.21085655433772,0.765467842139571,2.48740352998659,73.9587982916011,1,0,"afternoon",1.38629436111989,3,"1"
1.03,15,4,2,14.1833333333333,1,1,4.06,7,1,0.258819045102521,0.440139951817552,0.141010575793184,0.0310321940176888,0.708035793053696,1.09861228866811,15.581984294276,1,1,"afternoon",0.693147180559945,1,"1"
1.5,8,2,1.53,13.6833333333333,1,1,2.54,6,-0.866025403784438,-1,7.97531649220902,0.111814859926918,0.582848951927578,0.916290731874155,0.928219302739429,12.7011341258178,1,1,"afternoon",0.693147180559945,1,"1"
7.79,0,1,1.23,22.1666666666667,2,1,4.27,7,0,0.5,0.602804475003143,0.0554887218045113,0.027194186842247,2.17361471169709,0.802001585472027,17.7777018112966,1,1,"night",1.09861228866811,2,"1"
4.73,8.5,5,1.16,28.8,1,1,2.25,8,-0.965925826289068,-0.99144486137381,0.344578968473337,0.0402777777777778,0.0119645475164353,1.74571553072665,0.770108221696074,22.1791167848469,1,1,"afternoon",0.693147180559945,1,"1"
5,20.5,4,1.42,13.8666666666667,6,1,5.04,9,-0.965925826289068,0.99144486137381,0.484138406180665,0.102403846153846,0.034913827368798,1.79175946922805,0.883767540168595,12.2549098903379,1,1,"evening",1.94591014905531,6,"1"
6.24,21.5,4,2.61,20.4333333333333,1,1,2.99,9,-0.965925826289068,0.923879532511287,0.320513151958943,0.127732463295269,0.0156857986276807,1.97962120639763,1.28370777234479,26.2304288149118,1,1,"night",0.693147180559945,1,"1"
6,1,5,1.35,9.95,1,1,4.06,8,0.5,0.25881904510252,0.378846295654307,0.135678391959799,0.0380750045883725,1.94591014905531,0.854415328156068,8.50143251515287,1,1,"night",0.693147180559945,1,"1"
4.09,0,5,1.56,12.5166666666667,1,1,2.43,4,0,0.5,0.784626819795933,0.124633821571238,0.0626865634990093,1.62727783056243,0.940007258491471,11.7657575187849,1,0,"night",0.693147180559945,1,"1"
3,20.5,5,1.82,19.8166666666667,6,1,3.09,7,-0.965925826289068,0.99144486137381,0.895263023215624,0.0918418839360808,0.0451772761925462,1.38629436111989,1.03673688495002,20.544669270093,1,1,"evening",1.94591014905531,6,"1"
2,12,0,5.85,30.6833333333333,3,1,8.05,4,-2.44929359829471e-16,-0.5,3.97112861473715,0.190657251493753,0.129422985814356,1.09861228866811,1.92424865227413,59.0423628139446,1,0,"afternoon",1.38629436111989,3,"1"
3,19.5,4,3.81,26.2,12,1,6.03,5,-0.707106781186547,0.99144486137381,1.59500153487976,0.145419847328244,0.0608779211786169,1.38629436111989,1.57069708411767,41.152263603883,1,1,"evening",2.56494935746154,12,"1"
4,0.5,5,18.4,50.3666666666667,2,2,22.04,5,0.258819045102521,0.382683432365089,9.45690475794173,0.365320979483786,0.187761179840008,1.6094379124341,2.96527306606928,149.350920094356,1,1,"night",1.09861228866811,4,"2"
10.33,20,4,0.94,17.95,6,1,3.06,7,-0.866025403784439,1,0.868077491335839,0.0523676880222841,0.0483608630270662,2.42745407503992,0.662687973075237,11.8952491167005,1,1,"evening",1.94591014905531,6,"1"
3.64,0.5,2,4.63,27.4,1,1,6.94,3,0.258819045102521,0.382683432365089,1.28052543298664,0.168978102189781,0.0467345048535269,1.53471436623816,1.7281094421516,47.3501987149538,1,0,"night",0.693147180559945,1,"1"
18.27,19.5,5,2.03,12.85,12,1,3.86,9,-0.707106781186547,0.99144486137381,0.888727867267175,0.157976653696498,0.0691617017328541,2.95854948242628,1.10856261952128,14.2450296608484,1,1,"evening",2.56494935746154,12,"1"
5.98,0.5,3,2.93,9.81666666666667,1,1,2.65,6,0.258819045102521,0.382683432365089,3.12457160457329,0.298471986417657,0.318292523386074,1.94304891677428,1.36863942588117,13.4354770307335,1,1,"night",0.693147180559945,1,"1"
11.41,18,5,3.91,16.8666666666667,6,3,3.02,6,3.67394039744206e-16,0.866025403784439,1.39200006600924,0.231818181818182,0.0825296481823661,2.51850259921652,1.59127394180643,26.8394871518018,1,1,"evening",1.94591014905531,18,"3"
5,22.5,2,1.19,15.3166666666667,1,1,3.01,6,-0.707106781186547,0.793353340291235,0.936469448685832,0.0776931447225245,0.061140551600816,1.79175946922805,0.783901543828409,12.0067586463052,1,1,"night",0.693147180559945,1,"1"
14.85,20,1,19.41,49.5666666666667,12,2,8.75,4,-0.866025403784439,1,9.45337983137418,0.391593813046402,0.190720507694166,2.76316950032329,3.01602497682175,149.494304684465,1,0,"evening",2.56494935746154,24,"2"
3,11,2,0.81,8.58333333333333,1,1,2.28,4,-0.5,-0.707106781186547,1.21405297994346,0.094368932038835,0.14144306562448,1.38629436111989,0.593326845277734,5.09272208863389,1,0,"afternoon",0.693147180559945,1,"1"
5,18,5,4.49,21,6,1,3.42,7,3.67394039744206e-16,0.866025403784439,2.63985957583041,0.213809523809524,0.125707598849067,1.79175946922805,1.70292825552144,35.7614933659502,1,1,"evening",1.94591014905531,6,"1"
18.12,23.5,4,1.61,21.55,1,1,3.85,9,-0.258819045102521,0.608761429008721,0.923950816169664,0.0747099767981439,0.0428747478501004,2.95073490762326,0.959350221334602,20.6739972697607,1,1,"night",0.693147180559945,1,"1"
7.31,14,5,8.49,37.1666666666667,6,1,5.76,7,0.866025403784438,6.12323399573677e-17,2.67211713596198,0.228430493273543,0.071895528321847,2.11745960886736,2.25023861262184,83.6338684357783,1,1,"afternoon",1.94591014905531,6,"1"
5.01,12.5,5,1.39,10.4833333333333,3,1,3.04,7,0.258819045102521,-0.38268343236509,0.247931957214737,0.132591414944356,0.0236501072064932,1.79342474854712,0.871293365943419,9.13405878630682,1,1,"afternoon",1.38629436111989,3,"1"
5.11,20,3,4.45,32.0833333333333,12,1,4.96,9,-0.866025403784439,1,1.55826393143472,0.138701298701299,0.0485692653953678,1.8099267731835,1.69561560867515,54.4010007783278,1,1,"evening",2.56494935746154,12,"1"
2,21,6,3.3,19.7333333333333,1,1,3.19,6,-1,0.965925826289068,1.25176729182924,0.16722972972973,0.0634341533021576,1.09861228866811,1.45861502269952,28.7833364479371,1,1,"night",0.693147180559945,1,"1"
5,19,3,0.97,18.25,6,1,2.43,8,-0.499999999999999,0.965925826289068,0.430764788118397,0.0531506849315068,0.0236035500338847,1.79175946922805,0.678033542749897,12.3741121551856,1,1,"evening",1.94591014905531,6,"1"
8.26,2,3,11.5,48.0166666666667,2,3,15.79,6,0.866025403784439,-1.83697019872103e-16,4.12076953841056,0.23950017355085,0.0858195669228163,2.22570404865809,2.52572864430826,121.277070404201,1,1,"night",1.09861228866811,6,"3"
4.32,1,1,3.47,16.4666666666667,1,1,2.77,6,0.5,0.25881904510252,1.34873789203265,0.210728744939271,0.0819071594351814,1.67147330335355,1.49738840862548,24.6569957953662,1,1,"night",0.693147180559945,1,"1"
7.93,20,4,3.6,25.2333333333333,6,1,3.39,8,-0.866025403784439,1,1.42745186930719,0.142668428005284,0.0565700872909058,2.18941639488841,1.52605630349505,38.507487391525,1,1,"evening",1.94591014905531,6,"1"
3,11,2,3.08,15.0166666666667,3,1,3.38,4,-0.5,-0.707106781186547,1.57163096980278,0.205105438401776,0.104659110086756,1.38629436111989,1.40609698841607,21.114889776048,1,0,"afternoon",1.38629436111989,3,"1"
15.5,10,5,20.07,5,5,3,13.58,9,-0.866025403784439,-0.866025403784439,12.0539937058355,4.014,2.4107987411671,2.80336038090653,3.0478502278161,15.2392511390805,1,1,"afternoon",1.79175946922805,15,"3"
16.29,16,5,7.98,39.45,3,3,10.56,8,0.866025403784439,0.5,2.5437690267528,0.202281368821293,0.0644808371800456,2.8501282996952,2.19499988231411,86.5927453572916,1,1,"evening",1.38629436111989,9,"3"
6.08,19.5,0,3.34,18.5333333333333,6,1,3.22,7,-0.707106781186547,0.99144486137381,2.21024602489741,0.180215827338129,0.119257879041227,1.95727390770563,1.46787434811231,27.2046045850148,1,1,"evening",1.94591014905531,6,"1"
4.44,11,3,1.36,13.9,3,1,2.67,8,-0.5,-0.707106781186547,0.774645447042163,0.097841726618705,0.0557298882764146,1.69377906086785,0.858661619037519,11.9353965046215,1,1,"afternoon",1.38629436111989,3,"1"
4.9,8,0,13.82,40.45,1,1,8.79,4,-0.866025403784438,-1,10.3099126045479,0.341656365883807,0.254880410495621,1.77495235091167,2.69597761986794,109.052294723658,1,0,"afternoon",0.693147180559945,1,"1"
11.29,21.5,4,5.26,19.0333333333333,1,1,4.66,5,-0.965925826289068,0.923879532511287,1.57594203875472,0.276357267950963,0.082799056326868,2.50878592357794,1.83418018511201,34.9105628566318,1,1,"night",0.693147180559945,1,"1"
6,12,4,17.21,3,9,3,16.34,7,-2.44929359829471e-16,-0.5,6.35963228602321,5.73666666666667,2.1198774286744,1.94591014905531,2.90197089373952,8.70591268121855,1,1,"afternoon",2.30258509299405,27,"3"
5,9,4,1.69,16.1166666666667,1,1,3.08,8,-1,-0.965925826289068,1.01727495412172,0.104860392967942,0.0631194387252359,1.79175946922805,0.989541193613748,15.9481055704083,1,1,"afternoon",0.693147180559945,1,"1"
14.27,23.5,4,4.65,33.9833333333333,2,2,8.12,9,-0.258819045102521,0.608761429008721,1.77443765401475,0.136831780284453,0.0522149383231413,2.72589011923054,1.73165554515835,58.8474276096312,1,1,"night",1.09861228866811,4,"2"
2,20.5,3,9.64,37.5833333333333,0,1,15.5,9,-0.965925826289068,0.99144486137381,4.16456580383583,0.25649667405765,0.110808846221796,1.09861228866811,2.3646204839135,88.8703198537489,1,1,"evening",0,0,"1"
10.91,23.5,5,6.61,35.2666666666667,2,1,5.07,5,-0.258819045102521,0.608761429008721,2.41257101472879,0.187429111531191,0.0684093860509109,2.47737838336721,2.02946317187359,71.5724011947422,1,1,"night",1.09861228866811,2,"1"
5,19,0,4.36,30.3666666666667,12,2,7.02,9,-0.499999999999999,0.965925826289068,1.77564002322021,0.14357848518112,0.0584733267800288,1.79175946922805,1.67896397508271,50.9845393766784,1,1,"evening",2.56494935746154,24,"2"
5.25,9.5,5,3.24,37.9166666666667,1,1,3.79,7,-0.965925826289068,-0.923879532511287,9.25028150445556,0.0854505494505495,0.243963468249377,1.83258146374831,1.44456326924387,54.77302395883,1,1,"afternoon",0.693147180559945,1,"1"
3,12.5,2,8.65,36.2,3,1,10.06,7,0.258819045102521,-0.38268343236509,1.84506830487614,0.238950276243094,0.0509687377037607,1.38629436111989,2.26695791535089,82.0638765357024,1,1,"afternoon",1.38629436111989,3,"1"
2,15.5,4,2.24,15.2333333333333,1,1,8.69,4,0.965925826289068,0.38268343236509,1.34670452384304,0.147045951859956,0.0884051109743791,1.09861228866811,1.17557332980424,17.9079003906845,1,0,"afternoon",0.693147180559945,1,"1"
4.67,1.5,4,1.86,23.9666666666667,1,1,2.77,5,0.707106781186547,0.130526192220051,1.67591798887844,0.0776077885952712,0.069927037088113,1.73518911773966,1.05082162483176,25.1846916084679,1,1,"night",0.693147180559945,1,"1"
4.17,11.5,1,8.77,39.15,3,1,5.28,6,-0.258819045102522,-0.608761429008721,4.20850256520289,0.224010217113665,0.107496872674403,1.64287268852034,2.27931646605469,89.2352396460412,1,1,"afternoon",1.38629436111989,3,"1"
5,23,1,3.19,21.2,2,2,5.08,7,-0.500000000000001,0.707106781186548,1.58553491279568,0.150471698113208,0.0747893826790416,1.79175946922805,1.43270073393405,30.3732555594018,1,1,"night",1.09861228866811,4,"2"
3,20,3,7.64,28.8666666666667,6,1,7.61,4,-0.866025403784439,1,2.92366285822173,0.264665127020785,0.101281623264032,1.38629436111989,2.15640258281596,62.2481545572876,1,0,"evening",1.94591014905531,6,"1"
24.69,1,3,5.24,23.7833333333333,1,1,3.82,5,0.5,0.25881904510252,3.38783700361217,0.220322354590049,0.14244584458075,3.24610181112179,1.83098018238134,43.5468120043027,1,1,"night",0.693147180559945,1,"1"
7.76,11.5,0,3.2,18.6333333333333,3,1,3.35,5,-0.258819045102522,-0.608761429008721,0.451725735587938,0.171735241502683,0.0242428838419287,2.1701959049483,1.43508452528932,26.7404083212243,1,1,"afternoon",1.38629436111989,3,"1"
4,8,1,6.38,32.6833333333333,2,2,7.87,8,-0.866025403784438,-1,7.34945437348473,0.195206527281999,0.224868568286121,1.6094379124341,1.99877363861238,65.3265850886479,1,1,"afternoon",1.09861228866811,4,"2"
7.9,19,6,12.72,6,18,2,21.66,9,-0.499999999999999,0.965925826289068,7.96057570725453,2.12,1.32676261787576,2.18605127673809,2.61885462229774,15.7131277337864,1,1,"evening",2.94443897916644,36,"2"
8.27,19,4,7.77,27.4833333333333,6,1,3.22,3,-0.499999999999999,0.965925826289068,2.8652080024219,0.28271679805943,0.104252565279147,2.22678337957776,2.17133680638409,59.6755732287894,1,0,"evening",1.94591014905531,6,"1"
6.67,23,3,1.66,22.45,1,1,3.74,4,-0.500000000000001,0.707106781186548,0.970122460681219,0.0739420935412027,0.0432125817675376,2.03731661537916,0.978326122793608,21.9634214567165,1,0,"night",0.693147180559945,1,"1"
3.5,7,2,2.3,14,1,1,2.51,3,-0.5,-0.965925826289068,0.598349559079833,0.164285714285714,0.0427392542199881,1.50407739677627,1.19392246847243,16.7149145586141,1,0,"afternoon",0.693147180559945,1,"1"
5.42,21.5,2,1.89,13.0166666666667,1,1,2.67,4,-0.965925826289068,0.923879532511287,1.27932283628251,0.145198463508323,0.0982834445287463,1.85941811770187,1.06125650212434,13.8140221359852,1,0,"night",0.693147180559945,1,"1"
3,12,2,3.06,24.35,1,1,5.87,7,-2.44929359829471e-16,-0.5,0.0446138564920452,0.125667351129363,0.00183219123170617,1.38629436111989,1.40118297361364,34.1188054074922,1,1,"afternoon",0.693147180559945,1,"1"
2.5,11.5,2,1.75,11.1166666666667,3,1,5.13,9,-0.258819045102522,-0.608761429008721,0.473827454682915,0.157421289355322,0.0426231593417914,1.25276296849537,1.01160091167848,11.2456301348258,1,1,"afternoon",1.38629436111989,3,"1"
4.84,9,1,5.22,32.1166666666667,1,1,3.49,3,-1,-0.965925826289068,1.15511446736441,0.162532433834977,0.03596620033309,1.76473079684014,1.82776990675109,58.7018768384892,1,0,"afternoon",0.693147180559945,1,"1"
27.76,20,1,1.52,12.3166666666667,6,1,3.09,8,-0.866025403784439,1,0.481833811657515,0.1234100135318,0.0391204718531135,3.35898553285285,0.924258901523332,11.3837888037624,1,1,"evening",1.94591014905531,6,"1"
6,10,2,4.65,28.8666666666667,2,2,5.27,8,-0.866025403784439,-0.866025403784439,2.96637040663765,0.16108545034642,0.102761099537101,1.94591014905531,1.73165554515835,49.9871234035711,1,1,"afternoon",1.09861228866811,4,"2"
3.39,20,1,2.99,13.5166666666667,6,1,3.7,4,-0.866025403784439,1,0.216197098732302,0.221208384710234,0.0159948531737831,1.47932922708708,1.38379123090177,18.7042448043557,1,0,"evening",1.94591014905531,6,"1"
2,18,5,3.34,25.9666666666667,6,1,6.08,3,3.67394039744206e-16,0.866025403784439,1.90897042295018,0.128626444159178,0.0735161908709954,1.09861228866811,1.46787434811231,38.1158039059831,1,0,"evening",1.94591014905531,6,"1"
4.8,8.5,5,15.27,30.65,1,1,10.86,5,-0.965925826289068,-0.99144486137381,9.78385194681968,0.498205546492659,0.319212135295911,1.75785791755237,2.78932292123095,85.4927475357285,1,1,"afternoon",0.693147180559945,1,"1"
7.98,18,1,8.71,20.5333333333333,6,1,9.07,7,3.67394039744206e-16,0.866025403784439,7.36669793250887,0.424188311688312,0.358767756453354,2.19499988231411,2.27315628230323,46.675475663293,1,1,"evening",1.94591014905531,6,"1"
4,2.5,4,4.47,14,1,1,7.44,3,0.965925826289068,-0.130526192220052,2.02548524338928,0.319285714285714,0.144677517384949,1.6094379124341,1.69927861643389,23.7899006300745,1,0,"night",0.693147180559945,1,"1"
3.73,9.5,4,1.93,17.2166666666667,1,1,4.34,4,-0.965925826289068,-0.923879532511287,1.02828487441007,0.112100677637948,0.0597261301690266,1.55392520250384,1.07500242302898,18.5079583831489,1,0,"afternoon",0.693147180559945,1,"1"
6.35,9.5,6,1.73,12.7833333333333,1,1,2.73,8,-0.965925826289068,-0.923879532511287,0.0501774462201709,0.135332464146023,0.00392522395464179,1.99470031322475,1.00430160919687,12.8383222375666,1,1,"afternoon",0.693147180559945,1,"1"
5.84,23,1,1.97,12.95,1,1,3.55,6,-0.500000000000001,0.707106781186548,1.02658703450373,0.152123552123552,0.0792731300775077,1.92278773163446,1.08856195281461,14.0968772889492,1,1,"night",0.693147180559945,1,"1"
1.5,21,1,3.33,14.4666666666667,6,1,3.58,9,-1,0.965925826289068,1.20872269073311,0.230184331797235,0.0835522597280952,0.916290731874155,1.4655675420144,21.2018771078083,1,1,"night",1.94591014905531,6,"1"
3.5,2.5,6,3.22,17.5666666666667,1,1,7.56,3,0.965925826289068,-0.130526192220052,1.28125369155279,0.183301707779886,0.0729366427828911,1.50407739677627,1.43983512804792,25.2931037493752,1,0,"night",0.693147180559945,1,"1"
4,21,4,1.06,11.7333333333333,6,1,2.31,4,-1,0.965925826289068,0.570952972918901,0.0903409090909091,0.0486607647374064,1.6094379124341,0.72270598280149,8.47975019820412,1,0,"night",1.94591014905531,6,"1"
3,18,2,1.03,13.15,6,1,3.04,8,3.67394039744206e-16,0.866025403784439,0.328325672109539,0.0783269961977186,0.0249677317193566,1.38629436111989,0.708035793053696,9.3106706786561,1,1,"evening",1.94591014905531,6,"1"
5,9,2,5.87,16.95,1,1,3.57,8,-1,-0.965925826289068,5.43510336067612,0.346312684365782,0.320655065526615,1.79175946922805,1.92716410623426,32.6654316006707,1,1,"afternoon",0.693147180559945,1,"1"
4.57,21,5,4.98,24.5333333333333,12,1,7.46,6,-1,0.965925826289068,2.28029693391004,0.202989130434783,0.0929468858930721,1.71739505393919,1.78842056796254,43.8759179340143,1,1,"night",2.56494935746154,12,"1"
4.5,13.5,6,9.72,49.9,6,1,13.67,4,0.707106781186547,-0.130526192220052,5.34609983461761,0.194789579158317,0.107136269230814,1.70474809223843,2.37211115564266,118.368346666569,1,0,"afternoon",1.94591014905531,6,"1"
9.17,19,5,10.71,29.6,6,1,4.86,7,-0.499999999999999,0.965925826289068,8.059670665328,0.361824324324324,0.272286171125946,2.31944221006047,2.46044317760963,72.8291180572449,1,1,"evening",1.94591014905531,6,"1"
2,19,2,4.4,28.5666666666667,12,2,6.07,6,-0.499999999999999,0.965925826289068,0.366948996169294,0.154025670945158,0.0128453557585517,1.09861228866811,1.68639895357023,48.1747967736563,1,1,"evening",2.56494935746154,24,"2"
21.32,19,4,14.81,56.5333333333333,12,2,15.26,5,-0.499999999999999,0.965925826289068,7.27666557247563,0.261969339622642,0.128714603286715,3.10548313751311,2.76064265122138,156.068331215715,1,1,"evening",2.56494935746154,24,"2"
3.97,9,6,2.47,26.8333333333333,1,1,3.04,4,-1,-0.965925826289068,0.29526895957673,0.0920496894409938,0.011003812158139,1.60341984010854,1.24415459395877,33.3848149378936,1,0,"afternoon",0.693147180559945,1,"1"
5.22,10,4,4.1,24.05,1,1,3.07,7,-0.866025403784439,-0.866025403784439,1.40167616079144,0.17047817047817,0.0582817530474613,1.82776990675109,1.62924053973028,39.1832349805132,1,1,"afternoon",0.693147180559945,1,"1"
2,19.5,3,8.19,24.5166666666667,6,1,10.04,7,-0.707106781186547,0.99144486137381,2.84224330181513,0.334058463630184,0.115931066015573,1.09861228866811,2.2181159363676,54.3808090399456,1,1,"evening",1.94591014905531,6,"1"
4.59,20,4,3.81,11.2666666666667,6,1,3.24,8,-0.866025403784439,1,2.35371056647427,0.338165680473373,0.208909221876415,1.72097928716701,1.57069708411767,17.6965204810591,1,1,"evening",1.94591014905531,6,"1"
3,8.5,4,1.58,24.05,1,1,3.06,6,-0.965925826289068,-0.99144486137381,1.3495946114046,0.0656964656964657,0.0561162000584035,1.38629436111989,0.947789398933526,22.7943350443513,1,1,"afternoon",0.693147180559945,1,"1"
7.01,7,3,9.76,31.6333333333333,0,1,12.07,9,-0.5,-0.965925826289068,5.5031054921435,0.308535300316122,0.173965400173135,2.08069076108027,2.37583555473364,75.155598048074,1,1,"afternoon",0,0,"1"
2.3,1,0,2.28,8.3,1,1,5.75,3,0.5,0.25881904510252,0.268196641757741,0.274698795180723,0.0323128484045472,1.19392246847243,1.18784342239605,9.85910040588723,1,0,"night",0.693147180559945,1,"1"
5.2,18.5,4,4.72,42.5666666666667,6,1,3.62,8,-0.25881904510252,0.923879532511287,3.2327660276786,0.110884886452623,0.0759459520989491,1.82454929205105,1.74396880539171,74.2349388161737,1,1,"evening",1.94591014905531,6,"1"
5.16,21,6,3.18,22.6333333333333,6,1,2.85,6,-1,0.965925826289068,0.507249255698375,0.140500736377025,0.0224116018717986,1.81807677754543,1.43031124653666,32.3727112132798,1,1,"night",1.94591014905531,6,"1"
20.11,19.5,4,10.12,45.05,18,3,9.15,8,-0.707106781186547,0.99144486137381,6.22688942206831,0.224639289678135,0.138221740778431,3.04974686186023,2.40874528882244,108.513975261451,1,1,"evening",2.94443897916644,54,"3"
5.33,11,1,3.36,16.7833333333333,3,1,3.68,8,-0.5,-0.707106781186547,2.70148370892497,0.200198609731877,0.16096228652979,1.84530023615608,1.47247205736094,24.7129893627078,1,1,"afternoon",1.38629436111989,3,"1"
3,15.5,6,0.85,13.9166666666667,1,1,2.55,3,0.965925826289068,0.38268343236509,0.243956020157495,0.0610778443113772,0.0175297739035326,1.38629436111989,0.615185639090233,8.5613334773391,1,0,"afternoon",0.693147180559945,1,"1"
4,20,3,2.19,22.55,6,1,3.01,7,-0.866025403784439,1,1.42982346262874,0.0971175166297117,0.0634068054380817,1.6094379124341,1.16002091679675,26.1584716737668,1,1,"evening",1.94591014905531,6,"1"
3.43,22.5,5,4.42,12.1666666666667,1,1,4.64,4,-0.707106781186547,0.793353340291235,2.95369669877013,0.363287671232877,0.242769591679736,1.48839958405704,1.69009581545155,20.5628324213273,1,0,"night",0.693147180559945,1,"1"
5.08,23.5,5,1.96,15.6166666666667,1,1,4.37,5,-0.258819045102521,0.608761429008721,0.923950816169664,0.125506937033084,0.0591644065850372,1.80500469597808,1.08518926833597,16.9470390738467,1,1,"night",0.693147180559945,1,"1"
15.42,18,3,18.79,60,12,2,13.47,5,3.67394039744206e-16,0.866025403784439,9.77553496789329,0.313166666666667,0.162925582798221,2.79850010402428,2.98517675961447,179.110605576868,1,1,"evening",2.56494935746154,24,"2"
10,8.5,5,0.81,12.0333333333333,1,1,3.02,4,-0.965925826289068,-0.99144486137381,0.259599422630701,0.0673130193905817,0.0215733592213879,2.39789527279837,0.593326845277734,7.13969970484205,1,0,"afternoon",0.693147180559945,1,"1"
3,14.5,4,7.44,39.6666666666667,2,2,16.79,6,0.965925826289068,0.130526192220052,2.48545341078967,0.187563025210084,0.0626584893476387,1.38629436111989,2.13298230860787,84.6082982414454,1,1,"afternoon",1.09861228866811,4,"2"
7.08,8.5,5,6.58,41.3166666666667,2,2,6.29,5,-0.965925826289068,-0.99144486137381,4.13618203183561,0.159257765227914,0.100109286772947,2.089391872533,2.02551319965428,83.6874536990494,1,1,"afternoon",1.09861228866811,4,"2"
7.95,8.5,5,4.49,18.6,2,2,4.88,9,-0.965925826289068,-0.99144486137381,2.34196494409942,0.241397849462366,0.125912093768786,2.19165353228676,1.70292825552144,31.6744655526988,1,1,"afternoon",1.09861228866811,4,"2"
12.21,23,5,4.47,23.45,2,2,9.54,4,-0.500000000000001,0.707106781186548,1.47574375634157,0.190618336886994,0.0629315034687236,2.58097411853423,1.69927861643389,39.8480835553747,1,0,"night",1.09861228866811,4,"2"
5.59,21,0,2.56,25.5833333333333,2,2,5.86,4,-1,0.965925826289068,1.43080645475047,0.100065146579805,0.0559272881335687,1.88555334851442,1.26976054486394,32.4847072727691,1,0,"night",1.09861228866811,4,"2"
6.69,20.5,4,5.53,40.2666666666667,6,1,4.35,7,-0.965925826289068,0.99144486137381,4.46103043182714,0.137334437086093,0.110787179598356,2.03992078351755,1.87640694328834,75.5566529164105,1,1,"evening",1.94591014905531,6,"1"
1,15.5,6,9.14,39.9333333333333,1,1,9.41,6,0.965925826289068,0.38268343236509,0.415251212890551,0.228881469115192,0.0103986113411657,0.693147180559945,2.31648799816304,92.5050873933105,1,1,"afternoon",0.693147180559945,1,"1"
11.69,1.5,6,3.03,28.75,2,2,4.96,6,0.707106781186547,0.130526192220051,2.72426329674465,0.105391304347826,0.0947569842345964,2.5408142817263,1.39376637595859,40.0707833088095,1,1,"night",1.09861228866811,4,"2"
3.94,11,4,9.76,31.2833333333333,3,1,9.14,3,-0.5,-0.707106781186547,5.36846308749042,0.311987213638785,0.171607770511148,1.59736533119983,2.37583555473364,74.3240556039172,1,0,"afternoon",1.38629436111989,3,"1"
13.47,20.5,6,0.85,9.35,6,1,3.03,7,-0.965925826289068,0.99144486137381,0.676867586446962,0.0909090909090909,0.0723922552349692,2.67207754064339,0.615185639090233,5.75198572549368,1,1,"evening",1.94591014905531,6,"1"
4,3,6,1.63,28.4,1,1,3.17,6,1,-0.258819045102521,0.970122460681219,0.0573943661971831,0.0341592415732824,1.6094379124341,0.966983846189673,27.4623412317867,1,1,"night",0.693147180559945,1,"1"
9.68,3,4,8.05,25.6,2,2,6.54,7,1,-0.258819045102521,1.99744713146542,0.314453125,0.078025278572868,2.36837283353205,2.20276475771183,56.390777797423,1,1,"night",1.09861228866811,4,"2"
11.66,20,3,8.19,28.4833333333333,12,1,5.58,6,-0.866025403784439,1,3.90674061411844,0.287536571094207,0.137158827880109,2.53844741671603,2.2181159363676,63.1793355875369,1,1,"evening",2.56494935746154,12,"1"
14.52,11.5,1,7.35,32.5833333333333,6,2,11.85,7,-0.258819045102522,-0.608761429008721,3.24871929524911,0.225575447570332,0.0997049400076454,2.74212951475507,2.12226153886276,69.1503551412783,1,1,"afternoon",1.94591014905531,12,"2"
8.34,11.5,3,5.48,31.3666666666667,6,1,7.71,6,-0.258819045102522,-0.608761429008721,1.61799467705328,0.17470775770457,0.0515832521908591,2.23430625224075,1.86872051036418,58.6155333417566,1,1,"afternoon",1.94591014905531,6,"1"
2,0.5,5,1.83,20.45,1,1,3.08,3,0.258819045102521,0.382683432365089,1.77443765401475,0.0894865525672372,0.0867695674334841,1.09861228866811,1.04027671165515,21.2736587533477,1,0,"night",0.693147180559945,1,"1"
13.55,18.5,2,3.83,26.25,6,1,4.77,4,-0.25881904510252,0.923879532511287,2.53687101676167,0.145904761904762,0.0966427054004444,2.6775909936175,1.57484646766448,41.3397197761926,1,0,"evening",1.94591014905531,6,"1"
4.09,9,0,1.98,17.3333333333333,1,1,2.99,6,-1,-0.965925826289068,8.76502077766014,0.114230769230769,0.505674275634239,1.62727783056243,1.09192330051731,18.9266705423001,1,1,"afternoon",0.693147180559945,1,"1"
3,7,5,4.53,23.6,1,1,4.5,5,-0.5,-0.965925826289068,1.9051393568204,0.191949152542373,0.0807262439330678,1.38629436111989,1.71018781553424,40.3604324466081,1,1,"afternoon",0.693147180559945,1,"1"
2,22.5,4,2.52,29.7166666666667,1,1,2.67,4,-0.707106781186547,0.793353340291235,1.75956942491757,0.0848008973639933,0.0592115342092285,1.09861228866811,1.25846098961001,37.397265741244,1,0,"night",0.693147180559945,1,"1"
9.87,18.5,0,5.83,36,12,2,5.64,9,-0.25881904510252,0.923879532511287,2.73941858482596,0.161944444444444,0.0760949606896099,2.38600670113312,1.9213246735827,69.1676882489772,1,1,"evening",2.56494935746154,24,"2"
3.32,20,4,2.24,12.7333333333333,6,1,3.28,4,-0.866025403784439,1,1.56230540626326,0.175916230366492,0.122694141853135,1.46325540225602,1.17557332980424,14.9689670661739,1,0,"evening",1.94591014905531,6,"1"
3,20.5,2,4.21,35.2,6,1,3.42,4,-0.965925826289068,0.99144486137381,1.80814837630299,0.119602272727273,0.0513678515995166,1.38629436111989,1.65057985576528,58.1004109229377,1,0,"evening",1.94591014905531,6,"1"
3.5,21.5,4,4.18,22.9333333333333,1,1,6.52,5,-0.965925826289068,0.923879532511287,7.9108603477477,0.182267441860465,0.344950305861091,1.50407739677627,1.64480505627139,37.7208626238239,1,1,"night",0.693147180559945,1,"1"
10.84,13.5,3,4.39,17.7,3,1,3.52,6,0.707106781186547,-0.130526192220052,0.151363771049571,0.248022598870056,0.00855162548302659,2.47148362945586,1.68454538492091,29.8164533131,1,1,"afternoon",1.38629436111989,3,"1"
8.99,20,3,2.63,17.0166666666667,6,1,3.03,4,-0.866025403784439,1,1.33458392139582,0.154554358472086,0.0784280463112138,2.30158459266046,1.28923264827676,21.9384422315096,1,0,"evening",1.94591014905531,6,"1"
3.93,11,4,4.51,31.95,3,1,4.14,3,-0.5,-0.707106781186547,2.62368079617278,0.141158059467919,0.0821183347784909,1.5953389880546,1.70656462316482,54.5247397101161,1,0,"afternoon",1.38629436111989,3,"1"
2,1.5,6,12.88,37.8,1,1,18.08,6,0.707106781186547,0.130526192220051,0.797896915197707,0.340740740740741,0.0211083839999394,1.09861228866811,2.63044895507866,99.4309705019733,1,1,"night",0.693147180559945,1,"1"
3.6,0.5,3,4.28,18.0333333333333,1,1,3.46,5,0.258819045102521,0.382683432365089,1.4091090007847,0.237338262476895,0.078139131281961,1.52605630349505,1.66392609771817,30.0061339621843,1,1,"night",0.693147180559945,1,"1"
6.54,0.5,4,3.99,26.2833333333333,1,1,3.46,7,0.258819045102521,0.382683432365089,3.1034193784554,0.151807228915663,0.118075562908893,2.02022218201986,1.60743590976343,42.248773828282,1,1,"night",0.693147180559945,1,"1"
17.14,20.5,5,5.41,18.0166666666667,6,1,4.16,8,-0.965925826289068,0.99144486137381,1.69463198967704,0.300277520814061,0.0940591298618154,2.89811944468699,1.85785927093258,33.4724311979687,1,1,"evening",1.94591014905531,6,"1"
0.5,22,5,2.73,17.6833333333333,1,1,3.58,4,-0.866025403784439,0.866025403784439,1.77564002322021,0.154382657869934,0.100413196412076,0.405465108108164,1.31640823365572,23.2784855984787,1,0,"night",0.693147180559945,1,"1"
8.75,9.5,3,2.2,13.2166666666667,1,1,3.34,8,-0.965925826289068,-0.923879532511287,0.784562423448408,0.166456494325347,0.059361595721191,2.27726728500976,1.16315080980568,15.3729765362651,1,1,"afternoon",0.693147180559945,1,"1"
2,0.5,4,1.93,8.78333333333333,1,1,13.01,3,0.258819045102521,0.382683432365089,1.51993450465543,0.219734345351044,0.173047571687525,1.09861228866811,1.07500242302898,9.4421046156045,1,0,"night",0.693147180559945,1,"1"
2.75,18.5,4,2.77,16.0333333333333,6,1,3.42,8,-0.25881904510252,0.923879532511287,1.96866518032903,0.172765072765073,0.122785770082891,1.32175583998232,1.32707500145992,21.2774358567407,1,1,"evening",1.94591014905531,6,"1"
5.85,2,5,1.61,8.78333333333333,1,1,2.63,3,0.866025403784439,-1.83697019872103e-16,0.492898498983837,0.183301707779886,0.0561174761651427,1.92424865227413,0.959350221334602,8.42629277738892,1,0,"night",0.693147180559945,1,"1"
6.97,11.5,2,7.88,49.0833333333333,6,2,6.75,6,-0.258819045102522,-0.608761429008721,2.62368079617278,0.160543293718166,0.0534535985637918,2.07568449280212,2.18380155700408,107.188259756283,1,1,"afternoon",1.94591014905531,12,"2"
6.36,18.5,4,4.06,38.5166666666667,12,2,5.72,9,-0.25881904510252,0.923879532511287,1.71434484521511,0.105408913890091,0.0445091694993104,1.99605993274078,1.62136648329937,62.4496323817476,1,1,"evening",2.56494935746154,24,"2"
2,8.5,4,4.19,23.7,1,1,3.52,5,-0.965925826289068,-0.99144486137381,0.873308631503549,0.176793248945148,0.0368484654642848,1.09861228866811,1.6467336971778,39.0275886231138,1,1,"afternoon",0.693147180559945,1,"1"
4.26,11,0,3.56,31.9333333333333,3,1,3.21,4,-0.5,-0.707106781186547,1.97071913886231,0.111482254697286,0.061713542970636,1.66013102674962,1.51732262352629,48.453169111273,1,0,"afternoon",1.38629436111989,3,"1"
10.63,19.5,0,13.74,48.1166666666667,12,1,13.41,7,-0.707106781186547,0.99144486137381,10.7188622878887,0.285555940422584,0.222768180558823,2.45358796653057,2.69056488676119,129.461013801326,1,1,"evening",2.56494935746154,12,"1"
4,10,5,5.61,33.85,1,1,4.02,5,-0.866025403784439,-0.866025403784439,2.31985791285849,0.165731166912851,0.068533468622112,1.6094379124341,1.88858365386359,63.9285566832827,1,1,"afternoon",0.693147180559945,1,"1"
4,23.5,1,1.36,14.3166666666667,1,1,3.03,9,-0.258819045102521,0.608761429008721,0.895493927311289,0.0949941792782305,0.0625490519658642,1.6094379124341,0.858661619037519,12.2931721792205,1,1,"night",0.693147180559945,1,"1"
11.25,7,6,6.15,17.8333333333333,1,1,3.04,7,-0.5,-0.965925826289068,1.15511446736441,0.344859813084112,0.0647727738709013,2.50552593699074,1.96711235670592,35.0801703612554,1,1,"afternoon",0.693147180559945,1,"1"
8.96,20,2,5.45,49.8166666666667,12,3,7.62,7,-0.866025403784439,1,2.28029693391004,0.109401137504182,0.0457737758563406,2.29857707159651,1.86408013080768,92.8622585164027,1,1,"evening",2.56494935746154,36,"3"
10,18,3,6.8,28.5333333333333,6,1,3.87,5,3.67394039744206e-16,0.866025403784439,1.65431275778562,0.238317757009346,0.0579782508569728,2.39789527279837,2.05412373369555,58.6109972014462,1,1,"evening",1.94591014905531,6,"1"
3.11,8,2,8.44,39.0166666666667,2,2,9.36,4,-0.866025403784438,-1,5.40889462936124,0.21631781290047,0.138630362136555,1.41342302850814,2.24495598015741,87.5906991591416,1,0,"afternoon",1.09861228866811,4,"2"
4.11,21.5,4,1.49,14.0833333333333,1,1,2.13,4,-0.965925826289068,0.923879532511287,1.02024836713303,0.105798816568047,0.0724436710390318,1.63119940421561,0.912282710476616,12.847981505879,1,0,"night",0.693147180559945,1,"1"
3,2.5,3,3.86,16.4666666666667,1,1,5.04,6,0.965925826289068,-0.130526192220052,1.86357941229667,0.234412955465587,0.113172838803442,1.38629436111989,1.5810384379124,26.0344329442909,1,1,"night",0.693147180559945,1,"1"
4.86,17,5,4.05,31.45,6,1,3.5,8,0.5,0.707106781186548,1.85611827645581,0.128775834658188,0.0590180692036824,1.76814960358892,1.61938824328727,50.9297602513846,1,1,"evening",1.94591014905531,6,"1"
16.77,1.5,2,15.78,52.8,2,2,10.75,5,0.707106781186547,0.130526192220051,9.17279707197385,0.298863636363636,0.173727217272232,2.87751164216656,2.82018770103906,148.905910614862,1,1,"night",1.09861228866811,4,"2"
14.18,23,5,6.57,41.7666666666667,2,2,7.84,9,-0.500000000000001,0.707106781186548,2.7508360686612,0.157302474062251,0.0658619968554157,2.71997877196748,2.02419306744936,84.5437971171349,1,1,"night",1.09861228866811,4,"2"
2,11,4,7.51,29.7833333333333,3,1,8.08,7,-0.5,-0.707106781186547,2.8918576676077,0.252154448796866,0.0970965081457537,1.09861228866811,2.14124194258528,63.7733225233316,1,1,"afternoon",1.38629436111989,3,"1"
2.34,18.5,5,23.15,21,12,2,36.74,4,-0.25881904510252,0.923879532511287,9.87338632877097,1.10238095238095,0.470161253750999,1.20597080698861,3.18428438009858,66.8699719820702,1,0,"evening",2.56494935746154,24,"2"
5.31,0.5,6,7.85,26.1833333333333,1,1,7.12,3,0.258819045102521,0.382683432365089,3.72893737200254,0.299809038828771,0.142416449599078,1.84213567655312,2.18041745901984,57.090597135336,1,0,"night",0.693147180559945,1,"1"
6.47,1,5,3.14,18.2833333333333,2,1,12.61,6,0.5,0.25881904510252,1.74888671909803,0.171741112123974,0.0956546974894089,2.01089499914473,1.42069578783722,25.9750546542905,1,1,"night",1.09861228866811,2,"1"
6.78,1,1,4.11,21.3166666666667,1,1,3.24,3,0.5,0.25881904510252,0.484698908654613,0.192806880375293,0.0227380254255487,2.0515563381903,1.63119940421561,34.7717339665295,1,0,"night",0.693147180559945,1,"1"
4,20,5,3.61,19.0666666666667,6,1,3.33,5,-0.866025403784439,1,1.73748575644309,0.189335664335664,0.0911268753379242,1.6094379124341,1.52822785700856,29.1382111402965,1,1,"evening",1.94591014905531,6,"1"
1,11,0,1.76,18.85,3,1,6.53,6,-0.5,-0.707106781186547,0.338658311416389,0.093368700265252,0.0179659581653257,0.693147180559945,1.01523067972906,19.1370983128928,1,1,"afternoon",1.38629436111989,3,"1"
2,8,2,7.26,32.15,1,1,14.07,4,-0.866025403784438,-1,2.51797899420142,0.225816485225505,0.0783197198818481,1.09861228866811,2.11142458753289,67.8823004891823,1,0,"afternoon",0.693147180559945,1,"1"
5.54,22,3,6.78,20.7,1,1,9.16,8,-0.866025403784439,0.866025403784439,5.64003610425094,0.327536231884058,0.272465512282654,1.87793716546911,2.0515563381903,42.4672162005392,1,1,"night",0.693147180559945,1,"1"
8.81,23.5,6,4.08,35.2666666666667,2,2,8.3,8,-0.258819045102521,0.608761429008721,1.73624276719459,0.115689981096408,0.0492318364989015,2.28340227357727,1.62531126159039,57.3193104920878,1,1,"night",1.09861228866811,4,"2"
4.99,1.5,2,14.16,27.8833333333333,1,1,21.03,6,0.707106781186547,0.130526192220051,9.46968037412083,0.507830245068739,0.3396179452763,1.79009141212736,2.71866038021423,75.8053136016399,1,1,"night",0.693147180559945,1,"1"
16.78,11.5,2,16.92,15,6,2,8.78,7,-0.258819045102522,-0.608761429008721,10.1751316640944,1.128,0.678342110939629,2.87807423008576,2.88591740754678,43.2887611132018,1,1,"afternoon",1.94591014905531,12,"2"
3,18.5,5,1.52,10.15,6,1,3.03,9,-0.25881904510252,0.923879532511287,0.71654056046447,0.149753694581281,0.0705951291098,1.38629436111989,0.924258901523332,9.38122785046182,1,1,"evening",1.94591014905531,6,"1"
15,9,4,5.83,25.7166666666667,1,1,4.43,3,-1,-0.965925826289068,1.60871619880581,0.226701231367466,0.0625553933430644,2.77258872223978,1.9213246735827,49.4100661889685,1,0,"afternoon",0.693147180559945,1,"1"
3.91,16,6,3.75,35.0166666666667,1,1,6.08,4,0.866025403784439,0.5,2.63382659514839,0.107091861018563,0.0752163711132333,1.59127394180643,1.55814461804655,54.5610307085967,1,0,"evening",0.693147180559945,1,"1"
8,9,4,1.24,23.4666666666667,1,1,2.46,5,-1,-0.965925826289068,0.61781190902834,0.0528409090909091,0.0263272120324577,2.19722457733622,0.806475865866949,18.9253003190111,1,1,"afternoon",0.693147180559945,1,"1"
7,20.5,4,4.83,27,12,2,6.06,8,-0.965925826289068,0.99144486137381,3.28419505821977,0.178888888888889,0.12163685400814,2.07944154167984,1.7630170003624,47.6014590097848,1,1,"evening",2.56494935746154,24,"2"
4.25,21,0,1.39,9.96666666666667,1,1,2.34,7,-1,0.965925826289068,0.891353260309821,0.139464882943144,0.0894334374892797,1.65822807660353,0.871293365943419,8.68389054723608,1,1,"night",0.693147180559945,1,"1"
3,12.5,5,1.62,12.6166666666667,3,1,3.07,4,0.258819045102521,-0.38268343236509,0.315998688765737,0.128401585204756,0.0250461312099659,1.38629436111989,0.963174317773006,12.1520493092361,1,0,"afternoon",1.38629436111989,3,"1"
10.73,1.5,6,4.35,31.7833333333333,2,1,8.43,7,0.707106781186547,0.130526192220051,2.71179751912727,0.136864184583115,0.0853213692436476,2.46214966266538,1.67709656090792,53.3037190275232,1,1,"night",1.09861228866811,2,"1"
5,21,2,4.49,37.7666666666667,2,2,9.09,4,-1,0.965925826289068,3.47085948683229,0.118887908208297,0.0919027225110051,1.79175946922805,1.70292825552144,64.3139237835264,1,0,"night",1.09861228866811,4,"2"
4,19,2,4.44,20.3333333333333,6,1,3.09,9,-0.499999999999999,0.965925826289068,3.91917042915529,0.218360655737705,0.192746086679768,1.6094379124341,1.69377906086785,34.4401742376463,1,1,"evening",1.94591014905531,6,"1"
6.63,12,5,10.86,43.9833333333333,6,2,7.94,8,-2.44929359829471e-16,-0.5,3.96029997192731,0.246911708980674,0.0900409239543913,2.03208784529637,2.47317139356958,108.778321793835,1,1,"afternoon",1.94591014905531,12,"2"
2,0.5,2,0.42,7.15,1,1,2.22,3,0.258819045102521,0.382683432365089,1.79805954806728,0.0587412587412587,0.251476859869549,1.09861228866811,0.350656871613169,2.50719663203416,1,0,"night",0.693147180559945,1,"1"
11.1,11,1,14.64,35.05,3,1,6.27,6,-0.5,-0.707106781186547,9.83546160257054,0.417689015691869,0.280612313910714,2.4932054526027,2.74983173511717,96.3816023158566,1,1,"afternoon",1.38629436111989,3,"1"
2,10,2,8.94,20.4,1,1,5.05,3,-0.866025403784439,-0.866025403784439,6.68777709231172,0.438235294117647,0.327832210407437,1.09861228866811,2.29656702066848,46.849967221637,1,0,"afternoon",0.693147180559945,1,"1"
2,11.5,2,5.71,27.9333333333333,3,1,11.05,8,-0.258819045102522,-0.608761429008721,0.353349549667762,0.204415274463007,0.0126497452148363,1.09861228866811,1.90359895098359,53.1738640308082,1,1,"afternoon",1.38629436111989,3,"1"
14.6,18,4,4.96,43.3333333333333,12,3,6.02,6,3.67394039744206e-16,0.866025403784439,2.75743189867168,0.114461538461538,0.0636330438155002,2.74727091425549,1.78507048107726,77.3530541800145,1,1,"evening",2.56494935746154,36,"3"
3.22,9.5,6,4.63,19.7,1,1,4.87,8,-0.965925826289068,-0.923879532511287,1.97247946146659,0.23502538071066,0.100125860988152,1.43983512804792,1.7281094421516,34.0437560103865,1,1,"afternoon",0.693147180559945,1,"1"
4.48,1.5,4,2.27,11.6666666666667,1,1,6.94,3,0.707106781186547,0.130526192220051,1.28052543298664,0.194571428571429,0.109759322827426,1.70110510095992,1.18478998490916,13.8225498239403,1,0,"night",0.693147180559945,1,"1"
5.01,1,4,0.7,19.65,1,1,2,6,0.5,0.25881904510252,0.789823301498068,0.0356234096692112,0.0401945700507923,1.79342474854712,0.53062825106217,10.4268451333716,1,1,"night",0.693147180559945,1,"1"
5.16,19,6,2.7,15.25,6,1,2.91,4,-0.499999999999999,0.965925826289068,2.17110696880501,0.177049180327869,0.142367670085574,1.81807677754543,1.30833281965018,19.9520754996652,1,0,"evening",1.94591014905531,6,"1"
7.99,1,1,4.33,25.1666666666667,1,1,3.08,3,0.5,0.25881904510252,0.118574731049871,0.17205298013245,0.00471157871721341,2.19611284848353,1.67335123817775,42.1126728274735,1,0,"night",0.693147180559945,1,"1"
2,7.5,2,3.57,25.05,1,1,3.21,5,-0.707106781186547,-0.99144486137381,1.61303776037826,0.14251497005988,0.0643927249651999,1.09861228866811,1.51951320490611,38.0638057828981,1,1,"afternoon",0.693147180559945,1,"1"
10.73,19.5,1,6.49,15.2166666666667,6,1,3.62,5,-0.707106781186547,0.99144486137381,6.7698628786317,0.426506024096385,0.444897889066705,2.46214966266538,2.01356879752913,30.6398052024016,1,1,"evening",1.94591014905531,6,"1"
4,2,1,7.44,18.1666666666667,1,1,10.44,3,0.866025403784439,-1.83697019872103e-16,2.02548524338928,0.40954128440367,0.111494600553538,1.6094379124341,2.13298230860787,38.7491786063763,1,0,"night",0.693147180559945,1,"1"
1.25,18,1,3.12,19.7833333333333,6,1,3.76,6,3.67394039744206e-16,0.866025403784439,1.55909214574489,0.15770850884583,0.0788083645700869,0.810930216216329,1.41585316336144,28.0102950818337,1,1,"evening",1.94591014905531,6,"1"
4,17.5,2,2.44,22.5166666666667,3,1,5.42,7,0.258819045102521,0.793353340291235,2.64044324864694,0.108364174685418,0.11726616944398,1.6094379124341,1.23547147138531,27.8186992973592,1,1,"evening",1.38629436111989,3,"1"
8.68,7.5,2,2.68,27.1,1,1,3.63,8,-0.707106781186547,-0.99144486137381,1.16047760823662,0.0988929889298893,0.0428220519644508,2.27006190128849,1.30291275218084,35.3089355841008,1,1,"afternoon",0.693147180559945,1,"1"
8.76,20,3,1.65,16.6166666666667,6,1,3.03,4,-0.866025403784439,1,0.944262730419275,0.0992978936810431,0.056826242552815,2.278292400425,0.974559639998131,16.1939326846356,1,0,"evening",1.94591014905531,6,"1"
5,20,4,5.6,20.95,6,1,3.44,5,-0.866025403784439,1,2.45328088516433,0.267303102625298,0.117101712895672,1.79175946922805,1.88706964903238,39.5341091472284,1,1,"evening",1.94591014905531,6,"1"
7.17,20.5,1,18.85,52.8166666666667,12,2,7.32,8,-0.965925826289068,0.99144486137381,13.6102513665622,0.356894919532976,0.257688571156117,2.10046890887191,2.9882040071332,157.826974976752,1,1,"evening",2.56494935746154,24,"2"
4.19,23.5,2,2.74,18.9,1,1,2.84,6,-0.258819045102521,0.608761429008721,1.22189607977696,0.144973544973545,0.064650586231585,1.6467336971778,1.31908561142644,24.9307180559597,1,1,"night",0.693147180559945,1,"1"
9.78,8,6,5.71,25.3,2,2,6.44,3,-0.866025403784438,-1,1.28370890989851,0.225691699604743,0.0507394826046843,2.37769256548085,1.90359895098359,48.1610534598848,1,0,"afternoon",1.09861228866811,4,"2"
8.19,20,4,5.85,57.8666666666667,18,2,13.88,4,-0.866025403784439,1,2.50996952894319,0.101094470046083,0.0433750494633039,2.2181159363676,1.92424865227413,111.34985534493,1,0,"evening",2.94443897916644,36,"2"
8.19,11.5,0,5.41,22.8666666666667,3,1,4.83,4,-0.258819045102522,-0.608761429008721,3.03697221158446,0.236588921282799,0.132812195841886,2.2181159363676,1.85785927093258,42.4830486619917,1,0,"afternoon",1.38629436111989,3,"1"
17.76,23.5,4,3.73,17.1833333333333,2,2,5.46,5,-0.258819045102521,0.608761429008721,1.6677397133984,0.217070805043647,0.0970556574237675,2.93172694357808,1.55392520250384,26.701614729691,1,1,"night",1.09861228866811,4,"2"
19,18.5,6,13.11,59.3833333333333,18,3,11.1,7,-0.25881904510252,0.923879532511287,7.75427693492412,0.220769014875105,0.130580021357128,2.99573227355399,2.64688376586472,157.180780962933,1,1,"evening",2.94443897916644,54,"3"
1,21.5,2,3.26,14,1,1,3.06,5,-0.965925826289068,0.923879532511287,2.15886685059983,0.232857142857143,0.154204775042845,0.693147180559945,1.44926916028128,20.2897682439379,1,1,"night",0.693147180559945,1,"1"
3.25,20.5,2,3.35,30.4166666666667,6,1,4.78,9,-0.965925826289068,0.99144486137381,1.32675987357003,0.11013698630137,0.0436195026927133,1.44691898293633,1.47017584510059,44.7178486218097,1,1,"evening",1.94591014905531,6,"1"
3,11.5,3,8.35,28.5666666666667,3,1,3.48,9,-0.258819045102522,-0.608761429008721,2.78945619682728,0.292298716452742,0.0976472414291929,1.38629436111989,2.2353763433006,63.8572508736204,1,1,"afternoon",1.38629436111989,3,"1"
5.32,11.5,2,4.56,36.7666666666667,3,1,3.97,9,-0.258819045102522,-0.608761429008721,3.31116107221005,0.124025385312783,0.0900587780292852,1.84371920815877,1.71559810826249,63.076823780451,1,1,"afternoon",1.38629436111989,3,"1"
5.09,11.5,3,8.57,45.55,6,2,7,7,-0.258819045102522,-0.608761429008721,2.67319398476002,0.18814489571899,0.0586870249124044,1.80664808172181,2.25863320546486,102.880742508924,1,1,"afternoon",1.94591014905531,12,"2"
22.2,19.5,6,9.86,42.2166666666667,12,3,11.06,8,-0.707106781186547,0.99144486137381,4.24642191003089,0.233557046979866,0.100586385551462,3.14415227867226,2.38508631450579,100.690393910719,1,1,"evening",2.56494935746154,36,"3"
5.79,1.5,6,1.18,21.7,1,1,2.59,6,0.707106781186547,0.130526192220051,0.923950816169664,0.0543778801843318,0.0425783786253301,1.9154509415706,0.779324876800997,16.9113498265816,1,1,"night",0.693147180559945,1,"1"
4.53,12,2,2.58,18.85,0,1,3.06,9,-2.44929359829471e-16,-0.5,1.81879990341626,0.136870026525199,0.0964880585366718,1.71018781553424,1.27536280041261,24.0405887877777,1,1,"afternoon",0,0,"1"
5,16.5,2,2.35,14.5833333333333,1,1,3,8,0.707106781186547,0.608761429008721,1.54507960016397,0.161142857142857,0.105948315439815,1.79175946922805,1.20896034583698,17.6306717101225,1,1,"evening",0.693147180559945,1,"1"
3,13.5,1,1.82,11.8833333333333,3,1,3.14,4,0.707106781186547,-0.130526192220052,0.667980381067306,0.153155680224404,0.0562115327686373,1.38629436111989,1.03673688495002,12.3198899828227,1,0,"afternoon",1.38629436111989,3,"1"
2,20.5,1,4.89,31.25,6,1,4.26,5,-0.965925826289068,0.99144486137381,1.70887420690946,0.15648,0.0546839746211026,1.09861228866811,1.7732559976635,55.4142499269842,1,1,"evening",1.94591014905531,6,"1"
7.41,19.5,2,4.3,25.45,12,1,5.1,8,-0.707106781186547,0.99144486137381,0.360526343929929,0.168958742632613,0.0141660645944962,2.12942147398486,1.66770682055808,42.443138583203,1,1,"evening",2.56494935746154,12,"1"
4.24,21.5,6,2.97,23.7166666666667,2,1,6.86,8,-0.965925826289068,0.923879532511287,1.74498300040274,0.125228390723823,0.0735762333268898,1.65632149833295,1.3787660946991,32.6997358792803,1,1,"night",1.09861228866811,2,"1"
18.8,19,3,1.4,23.6333333333333,12,3,4.59,6,-0.499999999999999,0.965925826289068,0.382760073271305,0.0592383638928068,0.0161957717886307,2.98568193770049,0.8754687373539,20.6902444927971,1,1,"evening",2.56494935746154,36,"3"
4.37,18.5,6,2.84,20.9166666666667,6,1,3.18,7,-0.25881904510252,0.923879532511287,2.17955947746669,0.135776892430279,0.104202046731475,1.68082790852077,1.34547236659964,28.1427970013758,1,1,"evening",1.94591014905531,6,"1"
11.05,23.5,4,2.06,9.93333333333333,1,1,3.49,7,-0.258819045102521,0.608761429008721,2.41257101472879,0.20738255033557,0.24287627665055,2.48906465993666,1.11841491596429,11.1095881652453,1,1,"night",0.693147180559945,1,"1"
3.84,11,0,2.3,25.3,3,1,2.64,6,-0.5,-0.707106781186547,0.671933944473548,0.0909090909090909,0.0265586539317608,1.57691472072854,1.19392246847243,30.2062384523526,1,1,"afternoon",1.38629436111989,3,"1"
11.32,21,6,4.09,25.7833333333333,8,1,9.75,7,-1,0.965925826289068,5.28734020433535,0.158629605688429,0.205068139793226,2.51122395810537,1.62727783056243,41.9566467313346,1,1,"night",2.19722457733622,8,"1"
7.21,15,0,2.66,20.6166666666667,1,1,2.97,8,1,0.258819045102521,1.95380221043655,0.129021827000808,0.094768094281482,2.10535292346434,1.29746314741327,26.7493652225037,1,1,"afternoon",0.693147180559945,1,"1"
7,9,6,3.23,22.35,1,1,4.07,4,-1,-0.965925826289068,3.60772568107361,0.144519015659955,0.16141949356034,2.07944154167984,1.44220199305819,32.2332145448505,1,0,"afternoon",0.693147180559945,1,"1"
11.93,18.5,5,2.97,15.7833333333333,6,1,2.49,4,-0.25881904510252,0.923879532511287,0.641531102688358,0.188173178458289,0.0406461099908146,2.55955019278377,1.3787660946991,21.7615248613341,1,0,"evening",1.94591014905531,6,"1"
16.17,19,5,7.44,50.5333333333333,18,3,10.91,8,-0.499999999999999,0.965925826289068,3.38596543791962,0.147229551451187,0.0670045930986733,2.84316367490938,2.13298230860787,107.786705994984,1,1,"evening",2.94443897916644,54,"3"
2,18.5,4,12.74,38.6666666666667,12,2,33.09,4,-0.25881904510252,0.923879532511287,8.86664311366188,0.32948275862069,0.229309735698152,1.09861228866811,2.6203112867942,101.318703089376,1,0,"evening",2.56494935746154,24,"2"
5.77,9,3,5.85,40.15,1,1,4.26,5,-1,-0.965925826289068,3.89901041168655,0.145703611457036,0.0971110936908231,1.91250108692418,1.92424865227413,77.2585833888065,1,1,"afternoon",0.693147180559945,1,"1"
12.62,20.5,3,4.96,30.5333333333333,6,2,6.28,6,-0.965925826289068,0.99144486137381,4.24901882325859,0.162445414847162,0.139160005128556,2.61153930072137,1.78507048107726,54.5041520222256,1,1,"evening",1.94591014905531,12,"2"
9.81,19.5,3,1.07,12.1833333333333,6,1,2.49,7,-0.707106781186547,0.99144486137381,0.605063811135295,0.0878248974008208,0.0496632403120625,2.38047163165112,0.727548607277278,8.86396719866148,1,1,"evening",1.94591014905531,6,"1"
5,0.5,0,1.08,21.6166666666667,1,1,2.43,6,0.258819045102521,0.382683432365089,0.602804475003143,0.0499614494988435,0.0278860975329133,1.79175946922805,0.732367893713227,15.8313526357676,1,1,"night",0.693147180559945,1,"1"
4.76,1,3,3.18,40.4666666666667,1,1,2.79,3,0.5,0.25881904510252,2.4786923689535,0.0785831960461285,0.0612526944551935,1.7509374747078,1.43031124653666,57.8799284431838,1,0,"night",0.693147180559945,1,"1"
6,10.5,4,16.52,54.7166666666667,6,2,9.4,6,-0.707106781186548,-0.793353340291235,5.43270311935293,0.301918976545842,0.0992879034910678,1.94591014905531,2.86334308550825,156.67258916206,1,1,"afternoon",1.94591014905531,12,"2"
13.79,19.5,3,1.88,20.0333333333333,12,2,4.5,8,-0.707106781186547,0.99144486137381,1.09016495357396,0.0938435940099833,0.0544175517590996,2.69395127672271,1.05779029414785,21.1910655594287,1,1,"evening",2.56494935746154,24,"2"
14.11,17,5,7.88,31.05,6,1,13.91,4,0.5,0.707106781186548,5.30472879503079,0.25378421900161,0.170844727698254,2.71535677628465,2.18380155700408,67.8070383449766,1,0,"evening",1.94591014905531,6,"1"
8.74,18,6,12.79,7,18,3,18.36,8,3.67394039744206e-16,0.866025403784439,2.92846425141318,1.82714285714286,0.418352035916169,2.27624111765444,2.62394369180521,18.3676058426365,1,1,"evening",2.94443897916644,54,"3"
4,20,2,1.45,18.55,6,1,3.1,4,-0.866025403784439,1,0.732586545061091,0.0781671159029649,0.0394925361218917,1.6094379124341,0.896088024556636,16.6224328555256,1,0,"evening",1.94591014905531,6,"1"
4,21,1,4.32,18.1666666666667,1,1,3.57,7,-1,0.965925826289068,2.8815561315311,0.237798165137615,0.158617768708134,1.6094379124341,1.67147330335355,30.3650983442563,1,1,"night",0.693147180559945,1,"1"
9.05,19,5,2.28,37.1833333333333,6,1,3.98,9,-0.499999999999999,0.965925826289068,1.53335152120079,0.061317794710892,0.0412376025423791,2.30757263450508,1.18784342239605,44.1679779227598,1,1,"evening",1.94591014905531,6,"1"
3,21.5,5,0.67,13.9666666666667,1,1,2.7,8,-0.965925826289068,0.923879532511287,1.27507953234004,0.0479713603818616,0.0912944772558498,1.38629436111989,0.512823626428664,7.16243664912035,1,1,"night",0.693147180559945,1,"1"
2.5,1.5,5,5.05,19.75,1,1,5.52,5,0.707106781186547,0.130526192220051,2.7245744536722,0.255696202531646,0.137953136894795,1.25276296849537,1.80005827204275,35.5511508728443,1,1,"night",0.693147180559945,1,"1"
5.58,12.5,1,13.29,59.25,6,2,13.53,3,0.258819045102521,-0.38268343236509,7.03611490717839,0.224303797468354,0.118752994213981,1.88403474533723,2.65955999194178,157.57892952255,1,0,"afternoon",1.94591014905531,12,"2"
5,20.5,5,5.05,25.8166666666667,6,1,3.18,3,-0.965925826289068,0.99144486137381,3.77897797294973,0.195610071013557,0.146377455375716,1.79175946922805,1.80005827204275,46.4715043899037,1,0,"evening",1.94591014905531,6,"1"
7.2,20.5,3,3.55,23.6166666666667,6,1,4.29,4,-0.965925826289068,0.99144486137381,2.03543620333416,0.150317572335921,0.0861864306281226,2.10413415427021,1.51512723296286,35.7822548184729,1,0,"evening",1.94591014905531,6,"1"
3.73,22,5,2.67,12.3833333333333,1,1,3.34,5,-0.866025403784439,0.866025403784439,1.93840380218891,0.215612382234186,0.156533281468822,1.55392520250384,1.30019166206648,16.1007067485899,1,1,"night",0.693147180559945,1,"1"
12.05,20.5,4,10.34,40.1,12,2,4.98,5,-0.965925826289068,0.99144486137381,2.47114306647845,0.25785536159601,0.0616245153735275,2.5687881337687,2.42833629829961,97.3762855618142,1,1,"evening",2.56494935746154,24,"2"
5,22,3,7.16,28.0833333333333,1,1,3.32,6,-0.866025403784439,0.866025403784439,2.8139636313562,0.254955489614243,0.100200485389538,1.79175946922805,2.09924416897602,58.9537737454097,1,1,"night",0.693147180559945,1,"1"
5.95,20,2,3.03,14.5333333333333,6,1,4.08,6,-0.866025403784439,1,2.40063023258546,0.20848623853211,0.165180979306339,1.9387416595767,1.39376637595859,20.2560713305981,1,1,"evening",1.94591014905531,6,"1"
5.11,9.5,2,7.43,50.6666666666667,2,1,11.18,8,-0.965925826289068,-0.923879532511287,8.76502077766014,0.146644736842105,0.172993831138029,1.8099267731835,2.13179677201376,108.011036448697,1,1,"afternoon",1.09861228866811,2,"1"
9,7,4,12.16,24.6666666666667,1,1,5.26,5,-0.5,-0.965925826289068,9.63003752859137,0.492972972972973,0.390406926834785,2.30258509299405,2.57718192589717,63.5704875054636,1,1,"afternoon",0.693147180559945,1,"1"
3.16,15,5,1.31,11.5666666666667,1,1,2.21,9,1,0.258819045102521,0.975550941918794,0.113256484149856,0.0843415799929793,1.42551507427317,0.837247524533702,9.68416303377318,1,1,"afternoon",0.693147180559945,1,"1"
15,8.5,3,6.03,29.7833333333333,1,1,3.84,7,-0.965925826289068,-0.99144486137381,1.60871619880581,0.202462227196419,0.0540139742184378,2.77258872223978,1.95018670582257,58.0830607217489,1,1,"afternoon",0.693147180559945,1,"1"
9.97,21.5,4,10.9,36.7333333333333,2,2,6.1,4,-0.965925826289068,0.923879532511287,7.59606549228108,0.296733212341198,0.206789441713641,2.39516427428714,2.47653840011748,90.9715105643155,1,0,"night",1.09861228866811,4,"2"
6.76,20.5,6,1.27,6.85,6,1,6.85,9,-0.965925826289068,0.99144486137381,0.262880476559829,0.185401459854015,0.0383767119065444,2.04898233419513,0.819779831493311,5.61549184572918,1,1,"evening",1.94591014905531,6,"1"
5,21,0,14.3,4,2,2,20,9,-1,0.965925826289068,9.15415785300867,3.575,2.28853946325217,1.79175946922805,2.72785282839839,10.9114113135936,1,1,"night",1.09861228866811,4,"2"
6.52,20,6,1.19,7.1,6,1,2.53,4,-0.866025403784439,1,0.840194633609734,0.167605633802817,0.118337272339399,2.01756613796175,0.783901543828409,5.56570096118171,1,0,"evening",1.94591014905531,6,"1"
10.14,19,4,4.31,11.9833333333333,6,1,3.05,4,-0.499999999999999,0.965925826289068,5.62322719522467,0.359666203059805,0.469254007946426,2.41054223449914,1.66959183525385,20.0072754924586,1,0,"evening",1.94591014905531,6,"1"
6.34,18.5,6,12.52,49.6333333333333,12,2,20.26,4,-0.25881904510252,0.923879532511287,7.34201064464852,0.252249832102082,0.147924996198425,1.99333884262642,2.60417007061482,129.253641171515,1,0,"evening",2.56494935746154,24,"2"
3,12,1,11.56,30,3,1,5.16,7,-2.44929359829471e-16,-0.5,8.76252824601445,0.385333333333333,0.292084274867148,1.38629436111989,2.53051716104005,75.9155148312016,1,1,"afternoon",1.38629436111989,3,"1"
11.07,18,6,8.06,37.0833333333333,12,3,7.99,7,3.67394039744206e-16,0.866025403784439,4.91982568439512,0.217348314606742,0.132669456657846,2.49072303510944,2.20386912005489,81.7268132020354,1,1,"evening",2.56494935746154,36,"3"
11.85,22,3,5.5,42.1166666666667,2,2,7.25,4,-0.866025403784439,0.866025403784439,5.14634626845948,0.130589631974674,0.122192630038611,2.55334381134123,1.87180217690159,78.8340683505054,1,0,"night",1.09861228866811,4,"2"
10.14,7.5,6,9.2,34.3833333333333,1,1,4.03,5,-0.707106781186547,-0.99144486137381,1.0374524824675,0.267571497818711,0.0301731211575619,2.41054223449914,2.32238772029023,79.8514311159788,1,1,"afternoon",0.693147180559945,1,"1"
8.21,12,1,2.24,17.85,3,1,2.65,7,-2.44929359829471e-16,-0.5,0.942963418672937,0.125490196078431,0.0528270822785959,2.22028985026722,1.17557332980424,20.9839839370057,1,1,"afternoon",1.38629436111989,3,"1"
6.48,20.5,6,3.15,31.9,6,1,3.53,4,-0.965925826289068,0.99144486137381,0.443819044974272,0.0987460815047022,0.0139128227264662,2.01223279198639,1.42310833424261,45.3971558623392,1,0,"evening",1.94591014905531,6,"1"
1.64,7.5,2,3.04,20.2333333333333,1,1,29.92,3,-0.707106781186547,-0.99144486137381,1.31525665460621,0.150247116968699,0.0650044475093677,0.970778917158225,1.39624469197306,28.2506842675882,1,0,"afternoon",0.693147180559945,1,"1"
9,16.5,5,1.82,26.3666666666667,12,2,6.2,6,0.707106781186547,0.608761429008721,0.519841979200479,0.0690265486725664,0.019715877845783,2.30258509299405,1.03673688495002,27.3352958665156,1,1,"evening",2.56494935746154,24,"2"
5.29,21.5,0,1.33,9.05,1,1,2.78,8,-0.965925826289068,0.923879532511287,1.12648898871567,0.146961325966851,0.124473921405047,1.83896107071235,0.845868267577609,7.65510782157736,1,1,"night",0.693147180559945,1,"1"
3,12,3,2.73,21.2166666666667,3,1,3.49,4,-2.44929359829471e-16,-0.5,1.79028128216189,0.128672427336999,0.084380893110537,1.38629436111989,1.31640823365572,27.929794690729,1,0,"afternoon",1.38629436111989,3,"1"
2,14.5,4,1.29,12.7,1,1,3.08,4,0.965925826289068,0.130526192220052,0.549326257476315,0.101574803149606,0.0432540360217571,1.09861228866811,0.828551817566148,10.5226080830901,1,0,"afternoon",0.693147180559945,1,"1"
4.29,10.5,1,3.65,18.2666666666667,1,1,3.79,4,-0.707106781186548,-0.793353340291235,2.77316557460524,0.199817518248175,0.151815633646272,1.66581824587021,1.53686721959926,28.0734412113466,1,0,"afternoon",0.693147180559945,1,"1"
3,9,6,1,6.93333333333333,1,1,2.57,3,-1,-0.965925826289068,0.625223584277188,0.144230769230769,0.0901764785015175,1.38629436111989,0.693147180559945,4.80582045188229,1,0,"afternoon",0.693147180559945,1,"1"
5.33,11,0,6.01,20.6166666666667,0,1,4.7,9,-0.5,-0.707106781186547,3.68199440856675,0.291511721907842,0.17859309984964,1.84530023615608,1.9473377010465,40.1476122699087,1,1,"afternoon",0,0,"1"
6.65,22.5,1,2.87,12.9666666666667,1,1,2.83,8,-0.707106781186547,0.793353340291235,1.17164078652425,0.22133676092545,0.0903579012743637,2.03470564783844,1.35325450704169,17.547200107974,1,1,"night",0.693147180559945,1,"1"
5,8,3,4.52,25.25,2,1,6.07,7,-0.866025403784438,-1,0.957224633496945,0.179009900990099,0.0379098864751265,1.79175946922805,1.708377860289,43.1365409722973,1,1,"afternoon",1.09861228866811,2,"1"
6.29,22.5,1,1.92,21.6833333333333,1,1,2.76,6,-0.707106781186547,0.793353340291235,1.23414467269186,0.0885472713297463,0.056916741246358,1.98650354602057,1.07158361628019,23.2355047463421,1,1,"night",0.693147180559945,1,"1"
3,18,3,2.89,9.85,6,1,3.06,4,3.67394039744206e-16,0.866025403784439,3.3795833965571,0.293401015228426,0.343104913356051,1.38629436111989,1.35840915763035,13.380330202659,1,0,"evening",1.94591014905531,6,"1"
5.62,18.5,6,5.03,16.7166666666667,6,1,3.53,8,-0.25881904510252,0.923879532511287,3.59270783083901,0.300897308075773,0.21491771670024,1.89009536994892,1.79674701073909,30.0356208628553,1,1,"evening",1.94591014905531,6,"1"
5.66,10.5,0,7.44,37.0333333333333,3,1,5,4,-0.707106781186548,-0.793353340291235,0.41388753506978,0.200900090009001,0.0111760810549896,1.8961194845523,2.13298230860787,78.9914448287779,1,0,"afternoon",1.38629436111989,3,"1"
15,16,0,9.43,35.6333333333333,1,1,6.14,5,0.866025403784439,0.5,6.06760744024457,0.264639850327409,0.170278974001251,2.77258872223978,2.34468626901268,83.5489873858184,1,1,"evening",0.693147180559945,1,"1"
4.11,23,6,6.35,35.95,2,2,8.94,9,-0.500000000000001,0.707106781186548,7.2329246047588,0.17663421418637,0.201194008477296,1.63119940421561,1.99470031322475,71.7094762604296,1,1,"night",1.09861228866811,4,"2"
3.65,16.5,2,1.39,15.05,1,1,2.91,4,0.707106781186547,0.608761429008721,1.63369477049442,0.092358803986711,0.108551147541158,1.53686721959926,0.871293365943419,13.1129651574485,1,0,"evening",0.693147180559945,1,"1"
5.25,15.5,0,6.77,2,1,1,4.37,6,0.965925826289068,0.38268343236509,0.550915018263395,3.385,0.275457509131697,1.83258146374831,2.05027016437956,4.10054032875911,1,1,"afternoon",0.693147180559945,1,"1"
3.5,20.5,3,1.58,7.18333333333333,6,1,2.67,7,-0.965925826289068,0.99144486137381,0.94568392980445,0.219953596287703,0.13164973500758,1.50407739677627,0.947789398933526,6.80828718233916,1,1,"evening",1.94591014905531,6,"1"
3.8,19.5,1,14.09,50.9833333333333,12,2,10.36,7,-0.707106781186547,0.99144486137381,6.4897471236252,0.276364825106244,0.127291542143678,1.56861591791385,2.71403227277976,138.370412040555,1,1,"evening",2.56494935746154,24,"2"
5.34,21.5,5,2.66,16.8666666666667,1,1,3.67,8,-0.965925826289068,0.923879532511287,1.84069303051525,0.157707509881423,0.109131997856636,1.84687876844913,1.29746314741327,21.8838784197039,1,1,"night",0.693147180559945,1,"1"
3,21.5,3,5.23,12.4166666666667,1,1,10.66,5,-0.965925826289068,0.923879532511287,3.77865811232747,0.421208053691275,0.304321458710938,1.38629436111989,1.82937633279936,22.7147561322588,1,1,"night",0.693147180559945,1,"1"
6.65,21.5,2,1.07,11.4,1,1,2.59,4,-0.965925826289068,0.923879532511287,0.855736956983461,0.093859649122807,0.0750646453494264,2.03470564783844,0.727548607277278,8.29405412296097,1,0,"night",0.693147180559945,1,"1"
6.75,11.5,0,6.35,18.7166666666667,3,1,4.35,3,-0.258819045102522,-0.608761429008721,4.90080157211235,0.33926981300089,0.261841579988193,2.04769284336526,1.99470031322475,37.3341408625232,1,0,"afternoon",1.38629436111989,3,"1"
20.22,20.5,0,11.07,41.3,12,3,6.64,8,-0.965925826289068,0.99144486137381,5.9586965603277,0.268038740920097,0.144278367078153,3.05494413318584,2.49072303510944,102.86686135002,1,1,"evening",2.56494935746154,36,"3"
4.09,11,5,19.09,18,9,3,33.57,4,-0.5,-0.707106781186547,6.61219173132239,1.06055555555556,0.367343985073466,1.62727783056243,3.00022217882684,54.0039992188832,1,0,"afternoon",2.30258509299405,27,"3"
11.43,10,6,2.42,29.6666666666667,2,1,3.73,4,-0.866025403784439,-0.866025403784439,0.936539447938458,0.0815730337078652,0.0315687454361278,2.52011290552262,1.22964055107451,36.479336348544,1,0,"afternoon",1.09861228866811,2,"1"
2,20.5,0,3.79,17.5166666666667,6,1,3.31,3,-0.965925826289068,0.99144486137381,2.33376624357769,0.216365366317793,0.133231184219469,1.09861228866811,1.56653041142282,27.4403910400898,1,0,"evening",1.94591014905531,6,"1"
1,8,1,0.69,10.3,1,1,2.01,8,-0.866025403784438,-1,0.201904937745935,0.0669902912621359,0.0196024211403821,0.693147180559945,0.524728528934982,5.40470384803032,1,1,"afternoon",0.693147180559945,1,"1"
2,9,2,12.66,32.25,1,1,6.58,7,-1,-0.965925826289068,5.70530730410581,0.392558139534884,0.176908753615684,1.09861228866811,2.61447185414264,84.3167172961003,1,1,"afternoon",0.693147180559945,1,"1"
15.38,23,5,5.43,46.95,2,2,7.04,9,-0.500000000000001,0.707106781186548,2.56875514963,0.115654952076677,0.0547125697471778,2.79606107842492,1.86097453824953,87.3727545708153,1,1,"night",1.09861228866811,4,"2"
6,0,4,9.33,24.3166666666667,1,1,7.05,6,0,0.5,2.64495334404214,0.38368745716244,0.108771213600088,1.94591014905531,2.33505228313155,56.7806880181489,1,1,"night",0.693147180559945,1,"1"
2,12.5,1,16.15,36.5166666666667,3,1,17.02,8,0.258819045102521,-0.38268343236509,8.12607713898291,0.442263806481059,0.222530638219523,1.09861228866811,2.84199817361195,103.780299973063,1,1,"afternoon",1.38629436111989,3,"1"
16.67,1.5,6,9.95,50,3,3,13.87,3,0.707106781186547,0.130526192220051,2.50528994403883,0.199,0.0501057988807765,2.87186828633161,2.39333945626251,119.666972813125,1,0,"night",1.38629436111989,9,"3"
3,18.5,2,1.39,14.2666666666667,6,1,3.06,4,-0.25881904510252,0.923879532511287,0.233715473237294,0.0974299065420561,0.0163819256942028,1.38629436111989,0.871293365943419,12.4304520207928,1,0,"evening",1.94591014905531,6,"1"
7.26,19,1,2.76,22.1,6,1,3.44,5,-0.499999999999999,0.965925826289068,0.996445417016207,0.124886877828054,0.0450880279192854,2.11142458753289,1.3244189574018,29.2696589585798,1,1,"evening",1.94591014905531,6,"1"
3.88,10,1,3.25,21.0333333333333,1,1,2.55,7,-0.866025403784439,-0.866025403784439,0.748543171076701,0.154516640253566,0.0355884233475452,1.58514521986506,1.44691898293633,30.4335292744273,1,1,"afternoon",0.693147180559945,1,"1"
5.07,15.5,4,1.57,22.9333333333333,1,1,3.27,6,0.965925826289068,0.38268343236509,0.720549044804142,0.0684593023255814,0.0314192897443666,1.80335860507141,0.943905898907129,21.6469086149368,1,1,"afternoon",0.693147180559945,1,"1"
8.92,1,6,3.3,22.05,1,1,3.04,8,0.5,0.25881904510252,1.998180325901,0.149659863945578,0.0906204229433559,2.29455292129678,1.45861502269952,32.1624612505243,1,1,"night",0.693147180559945,1,"1"
4,20,5,0.42,18.0166666666667,6,1,2.04,5,-0.866025403784439,1,0.886759569677459,0.0233117483811286,0.0492188475306638,1.6094379124341,0.350656871613169,6.31766797023061,1,1,"evening",1.94591014905531,6,"1"
3,2.5,4,17.11,49.3333333333333,2,2,35.01,5,0.965925826289068,-0.130526192220052,9.89031896984657,0.346824324324324,0.200479438577971,1.38629436111989,2.89646427189532,142.892237413502,1,1,"night",1.09861228866811,4,"2"
5.59,18.5,1,2.91,24.35,6,1,3.49,6,-0.25881904510252,0.923879532511287,1.55030813290661,0.119507186858316,0.0636676851296348,1.88555334851442,1.36353737399727,33.2021350568336,1,1,"evening",1.94591014905531,6,"1"
24.36,19,2,3.67,20.7833333333333,12,2,5.5,9,-0.499999999999999,0.965925826289068,4.75373574029788,0.176583801122694,0.228728263366377,3.23317312956903,1.54115907168081,32.0304227064327,1,1,"evening",2.56494935746154,24,"2"
11.03,17.5,2,4.56,46,12,3,9.07,8,0.258819045102521,0.793353340291235,1.50701251545053,0.0991304347826087,0.0327611416402288,2.48740352998659,1.71559810826249,78.9175129800746,1,1,"evening",2.56494935746154,36,"3"
2,23.5,1,3.57,18.6333333333333,1,1,6.03,4,-0.258819045102521,0.608761429008721,1.23907729624979,0.191592128801431,0.0664978870974843,1.09861228866811,1.51951320490611,28.3135960514172,1,0,"night",0.693147180559945,1,"1"
5.05,7,4,3.53,20.5,1,1,3.51,5,-0.5,-0.965925826289068,0.186130290849911,0.172195121951219,0.00907952638292248,1.80005827204275,1.51072193949494,30.9697997596463,1,1,"afternoon",0.693147180559945,1,"1"
5.5,18.5,5,14.67,42.4333333333333,12,2,6.02,7,-0.25881904510252,0.923879532511287,2.51351962060101,0.345718774548311,0.059234555080935,1.87180217690159,2.75174805636793,116.765842525212,1,1,"evening",2.56494935746154,24,"2"
2,16.5,5,3.44,17.7166666666667,6,1,4.43,4,0.707106781186547,0.608761429008721,3.37181314996486,0.194167450611477,0.190318710252015,1.09861228866811,1.49065437644413,26.4094267026686,1,0,"evening",1.94591014905531,6,"1"
4.99,20,0,1.97,12.6166666666667,6,1,3.06,9,-0.866025403784439,1,0.0143694658625208,0.156142668428005,0.00113892728104524,1.79009141212736,1.08856195281461,13.7340233046777,1,1,"evening",1.94591014905531,6,"1"
8.3,2.5,5,3.12,14.1,1,1,3.25,5,0.965925826289068,-0.130526192220052,0.641876817500978,0.221276595744681,0.0455231785461687,2.23001440015921,1.41585316336144,19.9635296033962,1,1,"night",0.693147180559945,1,"1"
7.12,9.5,2,4.53,29.2166666666667,1,1,3,5,-0.965925826289068,-0.923879532511287,0.461835993233702,0.155048488305762,0.0158072787187805,2.09433015417359,1.71018781553424,49.9659873438589,1,1,"afternoon",0.693147180559945,1,"1"
1,11.5,6,10.27,40.2333333333333,6,2,10.11,6,-0.258819045102522,-0.608761429008721,2.58077763255864,0.255260977630489,0.064145260129875,0.693147180559945,2.42214432805168,97.450940131946,1,1,"afternoon",1.94591014905531,12,"2"
8,8,4,6.74,27,2,1,5.68,7,-0.866025403784438,-1,8.3224523086018,0.24962962962963,0.308238974392659,2.19722457733622,2.04640168760164,55.2528455652442,1,1,"afternoon",1.09861228866811,2,"1"
2,6.5,5,5.12,19.2166666666667,1,1,10.04,7,-0.258819045102521,-0.923879532511287,1.01845724237515,0.266435385949696,0.0529986422745092,1.09861228866811,1.81156209652423,34.8121849548741,1,1,"afternoon",0.693147180559945,1,"1"
14.43,19,3,12.14,53.5166666666667,18,2,9.87,5,-0.499999999999999,0.965925826289068,6.61325657761208,0.22684521955777,0.123573775975311,2.73631366637507,2.57566101305646,137.840791882072,1,1,"evening",2.94443897916644,36,"2"
5.22,18.5,6,2.08,21.8833333333333,6,1,2.37,7,-0.25881904510252,0.923879532511287,0.115006100943937,0.0950495049504951,0.00525541969279226,1.82776990675109,1.12492959698548,24.6172093473656,1,1,"evening",1.94591014905531,6,"1"
3,1,4,3.18,25.9166666666667,1,1,3.08,5,0.5,0.25881904510252,2.07145386332922,0.122700964630225,0.0799274802570759,1.38629436111989,1.43031124653666,37.0688998060753,1,1,"night",0.693147180559945,1,"1"
7.47,1.5,4,3.81,20.1333333333333,1,1,2.95,6,0.707106781186547,0.130526192220051,1.74436950194225,0.189238410596027,0.0866408693017673,2.13653050866396,1.57069708411767,31.6233679602357,1,1,"night",0.693147180559945,1,"1"
9.03,20.5,2,3.18,24.6166666666667,12,2,4.52,6,-0.965925826289068,0.99144486137381,2.41257101472879,0.1291807718348,0.0980055930153877,2.30558060197384,1.43031124653666,35.2094951855776,1,1,"evening",2.56494935746154,24,"2"
7.2,16,5,8.26,40.1333333333333,1,1,5.85,8,0.866025403784439,0.5,4.36844406580168,0.205813953488372,0.108848274064826,2.10413415427021,2.22570404865809,89.3249224861445,1,1,"evening",0.693147180559945,1,"1"
5.43,18.5,5,2.21,20.0833333333333,6,1,3.03,3,-0.25881904510252,0.923879532511287,1.31074121080848,0.110041493775934,0.0652651225298827,1.86097453824953,1.16627093714192,23.4226079876003,1,0,"evening",1.94591014905531,6,"1"
7,12,5,10.92,28.9833333333333,6,2,6.7,7,-2.44929359829471e-16,-0.5,7.39027300124019,0.376768257619321,0.25498354230846,2.07944154167984,2.4782176616372,71.8270085597849,1,1,"afternoon",1.94591014905531,12,"2"
3.34,9.5,2,3.28,23.45,1,1,3.73,5,-0.965925826289068,-0.923879532511287,1.02177477063814,0.139872068230277,0.0435724848886201,1.46787434811231,1.45395300959371,34.0951980749724,1,1,"afternoon",0.693147180559945,1,"1"
13,20,1,4.76,29.8833333333333,6,1,4.76,8,-0.866025403784439,1,1.65245598499164,0.159286112660346,0.0552969097041261,2.63905732961526,1.7509374747078,52.323848202518,1,1,"evening",1.94591014905531,6,"1"
4.35,23,6,2.4,19.5666666666667,1,1,3.14,8,-0.500000000000001,0.707106781186548,2.69315363563698,0.122657580919932,0.13763987916373,1.67709656090792,1.22377543162212,23.9452059454061,1,1,"night",0.693147180559945,1,"1"
1,19.5,2,1.93,22.9,6,1,3.42,6,-0.707106781186547,0.99144486137381,0.107210695311537,0.0842794759825328,0.0046816897515955,0.693147180559945,1.07500242302898,24.6175554873635,1,1,"evening",1.94591014905531,6,"1"
4,2.5,4,6.4,32.0833333333333,2,2,11.06,5,0.965925826289068,-0.130526192220052,1.39648712368376,0.199480519480519,0.0435268713875459,1.6094379124341,2.00148000021012,64.2141500067414,1,1,"night",1.09861228866811,4,"2"
3.66,12,0,0.93,17.6666666666667,3,1,2.64,6,-2.44929359829471e-16,-0.5,2.79184674754664,0.0526415094339623,0.158029061181885,1.53901544813755,0.657520002916794,11.6161867181967,1,1,"afternoon",1.38629436111989,3,"1"
10.63,18,6,10.14,48.6833333333333,12,2,6.04,8,3.67394039744206e-16,0.866025403784439,5.32311017571171,0.208284833960972,0.109341530483637,2.45358796653057,2.41054223449914,117.3532311162,1,1,"evening",2.56494935746154,24,"2"
5.99,23.5,1,5.34,16.4333333333333,1,1,4.15,8,-0.258819045102521,0.608761429008721,2.43224561847928,0.324949290060852,0.148006832767502,1.94448055624572,1.84687876844913,30.3503744281807,1,1,"night",0.693147180559945,1,"1"
2,11,0,1.83,21.95,3,1,2.61,5,-0.5,-0.707106781186547,0.468815625863588,0.083371298405467,0.0213583428639448,1.09861228866811,1.04027671165515,22.8340738208305,1,1,"afternoon",1.38629436111989,3,"1"
2,2,4,1.69,7.11666666666667,1,1,3.01,3,0.866025403784439,-1.83697019872103e-16,1.47680372683622,0.237470725995316,0.207513404239282,1.09861228866811,0.989541193613748,7.04223482788451,1,0,"night",0.693147180559945,1,"1"
7.43,22,0,8.8,43.6833333333333,2,2,32.51,5,-0.866025403784439,0.866025403784439,1.69309054402333,0.201449828309805,0.0387582726598245,2.13179677201376,2.28238238567653,99.7020705476362,1,1,"night",1.09861228866811,4,"2"
5.19,8.5,4,4.5,21.7666666666667,1,1,3.13,8,-0.965925826289068,-0.99144486137381,1.47537258331902,0.206738131699847,0.0677812825414558,1.8229350866965,1.70474809223843,37.1066834743898,1,1,"afternoon",0.693147180559945,1,"1"
4.9,1,5,1.94,20.7,1,1,3.14,9,0.5,0.25881904510252,1.37277744677352,0.093719806763285,0.0663177510518606,1.77495235091167,1.07840958135059,22.3230783339572,1,1,"night",0.693147180559945,1,"1"
5.05,12.5,2,21.49,6,9,3,20.05,6,0.258819045102521,-0.38268343236509,2.74292934205813,3.58166666666667,0.457154890343021,1.80005827204275,3.11307076597122,18.6784245958273,1,1,"afternoon",2.30258509299405,27,"3"
6.19,0.5,5,2.6,33.4666666666667,1,1,5.83,4,0.258819045102521,0.382683432365089,2.47920856695445,0.0776892430278884,0.0740799372595951,1.97269117173296,1.28093384546206,42.8685860281305,1,0,"night",0.693147180559945,1,"1"
7.45,8,2,2.15,18.3166666666667,1,1,2.86,5,-0.866025403784438,-1,0.801018128031621,0.117379435850773,0.0437316539416718,2.13416644136908,1.14740245283754,21.016588261141,1,1,"afternoon",0.693147180559945,1,"1"
23,18.5,3,9.39,46.15,12,3,7.21,7,-0.25881904510252,0.923879532511287,4.26538270566622,0.203466955579632,0.0924243273167111,3.17805383034795,2.34084380511114,108.029941605879,1,1,"evening",2.56494935746154,36,"3"
2,9.5,3,1.9,15,1,1,3.67,9,-0.965925826289068,-0.923879532511287,2.92423585765718,0.126666666666667,0.194949057177145,1.09861228866811,1.06471073699243,15.9706610548864,1,1,"afternoon",0.693147180559945,1,"1"
3,11.5,1,6.81,23.1166666666667,3,1,2.66,8,-0.258819045102522,-0.608761429008721,0.618358158180742,0.294592645998558,0.0267494516877033,1.38629436111989,2.05540496385159,47.5141114143694,1,1,"afternoon",1.38629436111989,3,"1"
4,19,2,0.99,12.0833333333333,6,1,2.42,9,-0.499999999999999,0.965925826289068,0.144021473601093,0.0819310344827586,0.011919018504918,1.6094379124341,0.688134638736401,8.31496021806482,1,1,"evening",1.94591014905531,6,"1"
5,10,0,2.52,16.9833333333333,1,1,3.26,3,-0.866025403784439,-0.866025403784439,1.26807556810942,0.14838076545633,0.0746658823224388,1.79175946922805,1.25846098961001,21.3728624735432,1,0,"afternoon",0.693147180559945,1,"1"
3,7.5,3,1.85,13.3666666666667,1,1,2.41,4,-0.707106781186547,-0.99144486137381,1.06512495932233,0.138403990024938,0.079685159051546,1.38629436111989,1.04731899428056,13.9991638902168,1,0,"afternoon",0.693147180559945,1,"1"
4.24,18,2,1.35,15.9166666666667,6,1,2.8,6,3.67394039744206e-16,0.866025403784439,2.68710329542449,0.0848167539267016,0.168823243691591,1.65632149833295,0.854415328156068,13.5994439731508,1,1,"evening",1.94591014905531,6,"1"
4.82,2,6,5.58,33.5666666666667,1,1,3.19,6,0.866025403784439,-1.83697019872103e-16,1.12648898871567,0.166236345580933,0.0335597514016585,1.76130026174335,1.88403474533723,63.2407662851529,1,1,"night",0.693147180559945,1,"1"
4,0,4,3.27,18.0666666666667,2,1,7.66,3,0,0.5,1.30691684919581,0.1809963099631,0.0723385709886979,1.6094379124341,1.45161382724053,26.225823145479,1,0,"night",1.09861228866811,2,"1"
7.36,20,3,4.93,46.2166666666667,12,2,8.08,5,-0.866025403784439,1,2.77874955190857,0.106671474936891,0.0601244042966153,2.12345842709661,1.78002421300963,82.266785711262,1,1,"evening",2.56494935746154,24,"2"
4.25,21,0,1.32,15.1833333333333,1,1,2.75,5,-1,0.965925826289068,1.40292285378088,0.0869374313940725,0.0923988707210238,1.65822807660353,0.841567185678219,12.7777951025476,1,1,"night",0.693147180559945,1,"1"
18.35,8,5,14.81,24,1,1,5.73,7,-0.866025403784438,-1,10.4763395954372,0.617083333333333,0.436514149809884,2.96269241947579,2.76064265122138,66.2554236293131,1,1,"afternoon",0.693147180559945,1,"1"
12.3,13,1,3.58,21.3666666666667,3,1,3.07,6,0.5,-0.258819045102521,1.0749737392842,0.167550702028081,0.0503107834298377,2.58776403522771,1.52169899812609,32.5136352599609,1,1,"afternoon",1.38629436111989,3,"1"
4.69,19.5,5,2.08,32.7333333333333,6,1,2.95,4,-0.707106781186547,0.99144486137381,0.720047325240673,0.0635437881873727,0.0219973724615277,1.73871024813824,1.12492959698548,36.8226954746581,1,0,"evening",1.94591014905531,6,"1"
2,3.5,6,11.39,28.4166666666667,1,1,17.56,7,0.965925826289068,-0.38268343236509,4.43675202657948,0.400821114369501,0.156132036125964,1.09861228866811,2.51688969564105,71.5216155177999,1,1,"night",0.693147180559945,1,"1"
4.8,10.5,5,1.74,23.4166666666667,1,1,2.8,5,-0.707106781186548,-0.793353340291235,0.653884355257714,0.0743060498220641,0.0279238870572689,1.75785791755237,1.00795792039998,23.6030146360329,1,1,"afternoon",0.693147180559945,1,"1"
5.4,11,3,4.54,20.6,3,1,3.21,5,-0.5,-0.707106781186547,1.44934856662686,0.220388349514563,0.0703567265352843,1.85629799036563,1.71199450075919,35.2670867156394,1,1,"afternoon",1.38629436111989,3,"1"
3,20,6,1.26,15.8166666666667,6,1,3.04,4,-0.866025403784439,1,0.659648775862569,0.0796628029504742,0.0417059289270328,1.38629436111989,0.815364813284194,12.896353463445,1,0,"evening",1.94591014905531,6,"1"
6.59,20,3,0.75,14.4166666666667,6,1,2.03,6,-0.866025403784439,1,0.646325126985582,0.0520231213872832,0.0448318007157629,2.02683159140754,0.559615787935423,8.06779427606903,1,1,"evening",1.94591014905531,6,"1"
2,20,5,1.95,14.75,6,1,2.41,5,-0.866025403784439,1,0.405268598917284,0.132203389830508,0.0274758372147311,1.09861228866811,1.08180517035173,15.956626262688,1,1,"evening",1.94591014905531,6,"1"
7.11,19.5,4,1.41,7.73333333333333,6,1,2.37,4,-0.707106781186547,0.99144486137381,0.55714098997919,0.182327586206897,0.0720440935317918,2.09309786812732,0.879626747502564,6.80244684735316,1,0,"evening",1.94591014905531,6,"1"
4.17,9.5,0,0.62,9.56666666666667,1,1,2.16,5,-0.965925826289068,-0.923879532511287,0.202475496463142,0.064808362369338,0.0211646860414434,1.64287268852034,0.482426149244293,4.61521016110374,1,1,"afternoon",0.693147180559945,1,"1"
3.6,19,4,12.35,59.85,12,1,13.03,4,-0.499999999999999,0.965925826289068,5.84781036468907,0.206349206349206,0.0977077755169436,1.52605630349505,2.59151638484626,155.102255633049,1,0,"evening",2.56494935746154,12,"1"
5,20.5,0,2.07,25.6,6,1,3.48,8,-0.965925826289068,0.99144486137381,1.399037818258,0.080859375,0.0546499147757032,1.79175946922805,1.12167756159911,28.7149455769371,1,1,"evening",1.94591014905531,6,"1"
10.09,10,5,10.44,30.3333333333333,1,1,4.28,6,-0.866025403784439,-0.866025403784439,5.15524026365236,0.344175824175824,0.169952975724803,2.40604380136228,2.43711598595165,73.9258515738667,1,1,"afternoon",0.693147180559945,1,"1"
5,21,3,4.6,25.9333333333333,2,2,9.66,9,-1,0.965925826289068,1.54124310746272,0.177377892030848,0.0594309681540895,1.79175946922805,1.7227665977411,44.6770804347526,1,1,"night",1.09861228866811,4,"2"
14.44,0.5,4,2.87,20.2833333333333,1,1,3.23,5,0.258819045102521,0.382683432365089,0.477362999650742,0.141495480690222,0.0235347411495847,2.73696154459663,1.35325450704169,27.4485122511622,1,1,"night",0.693147180559945,1,"1"
6,21,6,2.57,16.9833333333333,1,1,8.08,8,-1,0.965925826289068,1.456396849031,0.151324828263003,0.0857544758997645,1.94591014905531,1.27256559579155,21.6124057018597,1,1,"night",0.693147180559945,1,"1"
2,9.5,5,1.44,15.1333333333333,1,1,3.01,5,-0.965925826289068,-0.923879532511287,0.344578968473337,0.0951541850220264,0.0227695353616742,1.09861228866811,0.89199803930511,13.498903661484,1,1,"afternoon",0.693147180559945,1,"1"
1,4,4,6.18,44.0833333333333,1,1,10.07,6,0.866025403784439,-0.5,1.68601883593119,0.140189035916824,0.0382461739719741,0.693147180559945,1.97129938306013,86.9014478032341,1,1,"night",0.693147180559945,1,"1"
7.17,2.5,5,2.81,26.3166666666667,2,2,8.9,3,0.965925826289068,-0.130526192220052,0.366231643791447,0.106776440785307,0.0139163385861221,2.10046890887191,1.33762918913861,35.2019414941645,1,0,"night",1.09861228866811,4,"2"
10,19.5,5,5.63,20.5,6,1,3.3,7,-0.707106781186547,0.99144486137381,2.40660045885054,0.274634146341463,0.117395144334173,2.39789527279837,1.89160480419777,38.7778984860543,1,1,"evening",1.94591014905531,6,"1"
4.48,18,1,3.6,13.3333333333333,6,1,3.57,5,3.67394039744206e-16,0.866025403784439,2.35837005429459,0.27,0.176877754072094,1.70110510095992,1.52605630349505,20.3474173799339,1,1,"evening",1.94591014905531,6,"1"
3,21,2,13.24,36.0833333333333,0,1,5.07,9,-1,0.965925826289068,10.8444226739879,0.366928406466513,0.300538272720218,1.38629436111989,2.65605490598383,95.8393145242498,1,1,"night",0,0,"1"
19.41,13.5,3,1.61,30.4,3,1,3.02,4,0.707106781186547,-0.130526192220052,1.37624168902186,0.0529605263157895,0.0452711081915085,3.01602497682175,0.959350221334602,29.1642467285719,1,0,"afternoon",1.38629436111989,3,"1"
3,8.5,0,4.22,22.0166666666667,1,1,7.04,7,-0.965925826289068,-0.99144486137381,5.22841576241602,0.191672975018925,0.237475356355005,1.38629436111989,1.65249740189455,36.382484465045,1,1,"afternoon",0.693147180559945,1,"1"
10.94,20,0,3.97,15.5333333333333,6,1,3.59,7,-0.866025403784439,1,6.03194008099341,0.255579399141631,0.388322322810735,2.47989410796446,1.60341984010854,24.9064548496859,1,1,"evening",1.94591014905531,6,"1"
3.84,12.5,5,11.92,34.7166666666667,3,1,5.78,4,0.258819045102521,-0.38268343236509,7.82364859933273,0.343350936149784,0.225357136802671,1.57691472072854,2.55877649835446,88.8321907678723,1,0,"afternoon",1.38629436111989,3,"1"
8.65,19.5,5,8.59,41.6833333333333,12,2,9.41,8,-0.707106781186547,0.99144486137381,5.18336244422681,0.206077568972411,0.124350958278132,2.26695791535089,2.26072088889535,94.2343823854543,1,1,"evening",2.56494935746154,24,"2"
9.25,0,2,3.83,25.1666666666667,2,1,4.78,9,0,0.5,1.77443765401475,0.152185430463576,0.0705074564509172,2.32727770558442,1.57484646766448,39.6336361028895,1,1,"night",1.09861228866811,2,"1"
10.83,15.5,4,5.49,22.2833333333333,1,1,4.1,3,0.965925826289068,0.38268343236509,4.29521503965463,0.246372475691847,0.192754601629976,2.4706386779903,1.870262530716,41.6756833927881,1,0,"afternoon",0.693147180559945,1,"1"
3.82,23,5,0.98,16.6166666666667,1,1,2.24,9,-0.500000000000001,0.707106781186548,0.432188620325102,0.0589769307923771,0.0260093452552719,1.57277392806251,0.683096844706444,11.3507925695388,1,1,"night",0.693147180559945,1,"1"
4.01,19.5,6,7.84,48.4666666666667,6,1,6.03,4,-0.707106781186547,0.99144486137381,3.4657643925483,0.161760660247593,0.0715082061736238,1.61143591509677,2.17928687664955,105.622770621615,1,0,"evening",1.94591014905531,6,"1"
3,18.5,1,6.82,29.7,6,1,5.02,7,-0.25881904510252,0.923879532511287,3.24830598246555,0.22962962962963,0.109370571800187,1.38629436111989,2.05668455455722,61.0835312703494,1,1,"evening",1.94591014905531,6,"1"
9.76,3,5,9.2,25.7666666666667,1,1,9.83,6,1,-0.258819045102521,5.33770665044667,0.357050452781371,0.207155497430013,2.37583555473364,2.32238772029023,59.8401902594782,1,1,"night",0.693147180559945,1,"1"
4.17,9.5,0,3.36,19.8333333333333,1,1,3.85,8,-0.965925826289068,-0.923879532511287,3.17588360159475,0.169411764705882,0.160128584954357,1.64287268852034,1.47247205736094,29.2040291376587,1,1,"afternoon",0.693147180559945,1,"1"
8.99,12.5,6,2.26,12.5,3,1,3.52,8,0.258819045102521,-0.38268343236509,0.425875521646647,0.1808,0.0340700417317317,2.30158459266046,1.18172719537862,14.7715899422327,1,1,"afternoon",1.38629436111989,3,"1"
8.78,20.5,1,3.68,32.4,12,2,5.64,9,-0.965925826289068,0.99144486137381,1.61945048844179,0.11358024691358,0.049983039766722,2.28033948404673,1.54329810992956,50.0028587617176,1,1,"evening",2.56494935746154,24,"2"
4,0,3,1.72,20.7166666666667,1,1,2.55,7,0,0.5,1.10600935374804,0.0830249396621078,0.0533874185236381,1.6094379124341,1.00063188030791,20.7297571203788,1,1,"night",0.693147180559945,1,"1"
3,22,3,1.49,16.05,1,1,2.31,4,-0.866025403784439,0.866025403784439,2.04223633547225,0.0928348909657321,0.12724213928176,1.38629436111989,0.912282710476616,14.6421375031497,1,0,"night",0.693147180559945,1,"1"
3,19,5,4.67,33.85,6,1,3.52,8,-0.499999999999999,0.965925826289068,2.99721936457988,0.137961595273264,0.0885441466641027,1.38629436111989,1.73518911773966,58.7361516354875,1,1,"evening",1.94591014905531,6,"1"
3,21.5,5,4.58,23.9166666666667,0,1,6.04,9,-0.965925826289068,0.923879532511287,2.4977574852923,0.191498257839721,0.104435853043581,1.38629436111989,1.71918877639322,41.1172649020712,1,1,"night",0,0,"1"
15.43,21,5,6.86,28.35,12,2,6.14,5,-1,0.965925826289068,5.58682104909581,0.241975308641975,0.197065998204438,2.79910893204918,2.06178660644112,58.4516502926056,1,1,"night",2.56494935746154,24,"2"
3,16,6,0.94,24.2333333333333,1,1,2.13,3,0.866025403784439,0.5,0.373420554965965,0.0387895460797799,0.0154093764084992,1.38629436111989,0.662687973075237,16.0591385475232,1,0,"evening",0.693147180559945,1,"1"
4,3,5,9.14,29.4333333333333,1,1,6.08,3,1,-0.258819045102521,2.02548524338928,0.310532276330691,0.0688160331842338,1.6094379124341,2.31648799816304,68.1819634125986,1,0,"night",0.693147180559945,1,"1"
7,11.5,4,17.89,57.8,9,3,17.55,8,-0.258819045102522,-0.608761429008721,7.6909980191466,0.309515570934256,0.133062249466204,2.07944154167984,2.93863268151342,169.852968991476,1,1,"afternoon",2.30258509299405,27,"3"
4.11,8,3,5.42,17.5833333333333,0,1,7.9,9,-0.866025403784438,-1,0.423169432154998,0.30824644549763,0.0240665079898577,1.63119940421561,1.85941811770187,32.6947685695911,1,1,"afternoon",0,0,"1"
3.86,20.5,0,4.36,14.6333333333333,6,1,3.17,9,-0.965925826289068,0.99144486137381,3.22130701681789,0.297949886104784,0.220134875864548,1.5810384379124,1.67896397508271,24.5688395020436,1,1,"evening",1.94591014905531,6,"1"
15.22,7.5,6,6.36,16.35,1,1,3.45,5,-0.707106781186547,-0.99144486137381,1.15511446736441,0.388990825688073,0.0706492028969055,2.78624504868727,1.99605993274078,32.6355799003118,1,1,"afternoon",0.693147180559945,1,"1"
14.53,1,4,16.52,44.6333333333333,2,2,7.52,7,0.5,0.25881904510252,9.57943053317611,0.370126960418223,0.214625030616343,2.7427736371606,2.86334308550825,127.800546383185,1,1,"night",1.09861228866811,4,"2"
13.51,19,3,7.07,26.35,12,2,6.56,4,-0.499999999999999,0.965925826289068,4.24579950296906,0.26831119544592,0.161130910928617,2.6748380668961,2.08815348228186,55.0228442581269,1,0,"evening",2.56494935746154,24,"2"
7.72,21,0,4.37,20.65,6,1,3.54,8,-1,0.965925826289068,3.07767778844289,0.211622276029056,0.149040086607404,2.16561923792089,1.68082790852077,34.709096310954,1,1,"night",1.94591014905531,6,"1"
6.38,13.5,6,8.38,28.5833333333333,3,1,4.11,8,0.707106781186547,-0.130526192220052,6.65467868441228,0.293177842565598,0.232816746976523,1.99877363861238,2.23857976301813,63.9860715596016,1,1,"afternoon",1.38629436111989,3,"1"
15.84,19,4,1.5,14.2,6,1,2.61,8,-0.499999999999999,0.965925826289068,0.585686598059067,0.105633802816901,0.0412455350745822,2.82375700881418,0.916290731874155,13.011328392613,1,1,"evening",1.94591014905531,6,"1"
14.71,19.5,6,2.4,15.7666666666667,6,1,2.6,7,-0.707106781186547,0.99144486137381,1.64826274342269,0.152219873150106,0.104540977384103,2.75429745226753,1.22377543162212,19.2948593052421,1,1,"evening",1.94591014905531,6,"1"
10.75,19.5,4,4.2,26.6333333333333,6,1,4.47,7,-0.707106781186547,0.99144486137381,2.60465492333536,0.157697121401752,0.097796805632116,2.46385324059017,1.64865862558738,43.9092747281439,1,1,"evening",1.94591014905531,6,"1"
2,10.5,4,5.05,19.9,3,1,5.5,8,-0.707106781186548,-0.793353340291235,2.03732870039529,0.253768844221106,0.10237832665303,1.09861228866811,1.80005827204275,35.8211596136507,1,1,"afternoon",1.38629436111989,3,"1"
7.01,7.5,6,1.51,17.9666666666667,1,1,2.43,8,-0.707106781186547,-0.99144486137381,0.791960385235986,0.0840445269016698,0.0440794277496838,2.08069076108027,0.920282753143692,16.534413464815,1,1,"afternoon",0.693147180559945,1,"1"
8.07,20,2,0.66,12.5666666666667,6,1,2.06,6,-0.866025403784439,1,1.36810968651215,0.0525198938992043,0.108868144815291,2.20497226412705,0.506817602368452,6.36900786976356,1,1,"evening",1.94591014905531,6,"1"
2,9,3,1.91,17.4,1,1,4.92,7,-1,-0.965925826289068,0.420344568045633,0.109770114942529,0.0241577337957261,1.09861228866811,1.0681530811834,18.5858636125912,1,1,"afternoon",0.693147180559945,1,"1"
1,9.5,5,4.64,22.1166666666667,1,1,3.15,3,-0.965925826289068,-0.923879532511287,1.03537253487983,0.209796533534288,0.0468141311927579,0.693147180559945,1.72988406550997,38.2592692488622,1,0,"afternoon",0.693147180559945,1,"1"
9.99,12,6,5.83,22.5,3,2,4.23,8,-2.44929359829471e-16,-0.5,3.03164985967292,0.259111111111111,0.134739993763241,2.39698576841553,1.9213246735827,43.2298051556107,1,1,"afternoon",1.38629436111989,6,"2"
10.28,12,3,4.97,40.6,9,2,9.47,6,-2.44929359829471e-16,-0.5,7.97531649220902,0.122413793103448,0.196436366803178,2.42303124606991,1.78674692740451,72.5419252526231,1,1,"afternoon",2.30258509299405,18,"2"
17.53,23.5,3,3.88,52.6666666666667,3,2,8.08,9,-0.258819045102521,0.608761429008721,1.39270314562552,0.0736708860759494,0.0264437306131428,2.91939104029727,1.58514521986506,83.484314912893,1,1,"night",1.38629436111989,6,"2"
5.61,11.5,1,2.48,19.8333333333333,3,1,3.46,7,-0.258819045102522,-0.608761429008721,0.699970023315382,0.125042016806723,0.0352926062175823,1.88858365386359,1.24703229378638,24.7328071600966,1,1,"afternoon",1.38629436111989,3,"1"
5.19,10.5,0,1.44,7.45,1,1,8.9,3,-0.707106781186548,-0.793353340291235,0.212531584747897,0.193288590604027,0.0285277294963619,1.8229350866965,0.89199803930511,6.64538539282307,1,0,"afternoon",0.693147180559945,1,"1"
3,7.5,1,6.47,15.6166666666667,1,1,4.08,4,-0.707106781186547,-0.99144486137381,4.22104005392697,0.414300960512273,0.270290718501193,1.38629436111989,2.01089499914473,31.4034769033102,1,0,"afternoon",0.693147180559945,1,"1"
5,19.5,2,4.16,35.7166666666667,12,2,5.64,9,-0.707106781186547,0.99144486137381,3.05074076944495,0.116472235184321,0.085415047207978,1.79175946922805,1.64093657949347,58.6087848309085,1,1,"evening",2.56494935746154,24,"2"
12.64,17.5,2,11.87,2,12,1,16.48,4,0.258819045102521,0.793353340291235,9.52955572616493,5.935,4.76477786308246,2.61300665241532,2.55489902160804,5.10979804321607,1,0,"evening",2.56494935746154,12,"1"
3,2.5,5,3.38,21.2833333333333,1,1,4.69,5,0.965925826289068,-0.130526192220052,1.80814837630299,0.158809710258418,0.0849560709304456,1.38629436111989,1.47704872438835,31.4365203507321,1,1,"night",0.693147180559945,1,"1"
13,0.5,5,5.46,27.5666666666667,2,2,8.91,3,0.258819045102521,0.382683432365089,2.08170576140251,0.198065296251512,0.0755153238719168,2.63905732961526,1.86562931779451,51.4291815272021,1,0,"night",1.09861228866811,4,"2"
1,20,1,1.8,19.5333333333333,6,1,3.25,6,-0.866025403784439,1,0.53362579615229,0.0921501706484642,0.0273187267654756,0.693147180559945,1.02961941718116,20.1118992822719,1,1,"evening",1.94591014905531,6,"1"
2,23,5,5.24,19.2,1,1,7.08,3,-0.500000000000001,0.707106781186548,9.57643202811701,0.272916666666667,0.498772501464428,1.09861228866811,1.83098018238134,35.1548195017217,1,0,"night",0.693147180559945,1,"1"
4,1,6,5.64,27.2,2,2,13.01,3,0.5,0.25881904510252,7.34884738118997,0.207352941176471,0.270178212543749,1.6094379124341,1.89311196348834,51.4926454068829,1,0,"night",1.09861228866811,4,"2"
5.99,20.5,1,12.53,32.8,6,1,5.06,3,-0.965925826289068,0.99144486137381,6.26440849371044,0.382012195121951,0.190988063832635,1.94448055624572,2.6049094421827,85.4410297035924,1,0,"evening",1.94591014905531,6,"1"
8.27,10.5,6,9.58,25.05,1,1,5.19,8,-0.707106781186548,-0.793353340291235,6.77519576685142,0.382435129740519,0.270466896880296,2.22678337957776,2.35896542643015,59.0920839320753,1,1,"afternoon",0.693147180559945,1,"1"
3.87,7.5,2,2.28,16.5333333333333,1,1,3.33,5,-0.707106781186547,-0.99144486137381,8.76502077766014,0.137903225806452,0.530142385745573,1.5830939370945,1.18784342239605,19.6390112502814,1,1,"afternoon",0.693147180559945,1,"1"
3.35,16.5,4,3.38,17.25,1,1,3.92,6,0.707106781186547,0.608761429008721,0.851332271127201,0.195942028985507,0.0493525954276638,1.47017584510059,1.47704872438835,25.4790904956991,1,1,"evening",0.693147180559945,1,"1"
3,11.5,2,6.49,43.35,6,2,9.1,5,-0.258819045102522,-0.608761429008721,1.46351393985422,0.149711649365629,0.0337604138374675,1.38629436111989,2.01356879752913,87.2882073728877,1,1,"afternoon",1.94591014905531,12,"2"
8.51,18,4,2.83,10.45,6,1,3.06,9,3.67394039744206e-16,0.866025403784439,1.60521942076712,0.270813397129187,0.153609513949007,2.2523438765573,1.34286480319255,14.0329371933622,1,1,"evening",1.94591014905531,6,"1"
11.88,19,3,12.03,35.2166666666667,12,2,7.37,5,-0.499999999999999,0.965925826289068,9.35104585045634,0.341599621391387,0.265528987708178,2.55567572067621,2.56725439113675,90.4101421411994,1,1,"evening",2.56494935746154,24,"2"
10.93,19,5,4.55,26.4833333333333,12,2,5.22,9,-0.499999999999999,0.965925826289068,2.83027851057279,0.171806167400881,0.106870176610678,2.47905623610982,1.71379792775834,45.3870817868001,1,1,"evening",2.56494935746154,24,"2"
2,9,5,6.86,25.4333333333333,1,1,5.06,7,-1,-0.965925826289068,2.08394608595435,0.269724770642202,0.0819375918461736,1.09861228866811,2.06178660644112,52.438106023819,1,1,"afternoon",0.693147180559945,1,"1"
3,22,3,2.56,13.6333333333333,1,1,3.17,5,-0.866025403784439,0.866025403784439,1.24628933305409,0.187775061124694,0.0914148655051899,1.38629436111989,1.26976054486394,17.311068761645,1,1,"night",0.693147180559945,1,"1"
5.23,11.5,4,6.33,29.9833333333333,3,1,4.32,6,-0.258819045102522,-0.608761429008721,2.39040510849526,0.211117287381879,0.0797244616507591,1.82937633279936,1.99197551589856,59.7260658850251,1,1,"afternoon",1.38629436111989,3,"1"
5,10.5,2,13.85,48.75,4,2,8.06,6,-0.707106781186548,-0.793353340291235,8.55843807991031,0.284102564102564,0.175557704203288,1.79175946922805,2.69799986524871,131.527493430875,1,1,"afternoon",1.6094379124341,8,"2"
11.17,19.5,3,1.71,11.25,6,1,3.17,7,-0.707106781186547,0.99144486137381,0.673815422737401,0.152,0.0598947042433245,2.49897390699944,0.99694863489161,11.2156721425306,1,1,"evening",1.94591014905531,6,"1"
2,23.5,2,2.13,43.3333333333333,2,2,8.69,9,-0.258819045102521,0.608761429008721,2.41257101472879,0.0491538461538462,0.0556747157245106,1.09861228866811,1.14103300455206,49.4447635305893,1,1,"night",1.09861228866811,4,"2"
5.26,12.5,4,1.53,9.8,3,1,2.77,4,0.258819045102521,-0.38268343236509,1.09868170242271,0.156122448979592,0.112110377798236,1.83418018511201,0.928219302739429,9.0965491668464,1,0,"afternoon",1.38629436111989,3,"1"
5.55,20,0,2.07,16.5166666666667,6,1,2.5,4,-0.866025403784439,1,1.63274063438727,0.125327951564077,0.0988541251899457,1.87946504964716,1.12167756159911,18.5263743924119,1,0,"evening",1.94591014905531,6,"1"
4.69,8.5,1,4.69,14.8166666666667,1,1,5.45,6,-0.965925826289068,-0.99144486137381,1.52094029129733,0.316535433070866,0.102650638332778,1.73871024813824,1.73871024813824,25.7618901765816,1,1,"afternoon",0.693147180559945,1,"1"
4.21,1.5,4,2.62,15.2,1,1,6.84,9,0.707106781186547,0.130526192220051,1.67591798887844,0.172368421052632,0.110257762426213,1.65057985576528,1.28647402583768,19.5544051927327,1,1,"night",0.693147180559945,1,"1"
9.25,19.5,4,6.74,30.05,6,1,3.54,5,-0.707106781186547,0.99144486137381,2.86886788092743,0.224292845257903,0.0954698130092324,2.32727770558442,2.04640168760164,61.4943707124292,1,1,"evening",1.94591014905531,6,"1"
13.26,20,4,5.04,28.0333333333333,12,2,5.85,7,-0.866025403784439,1,2.19579055887451,0.179785969084423,0.0783278439550955,2.65745841498615,1.79840401194672,50.4152591349064,1,1,"evening",2.56494935746154,24,"2"
3.14,9,1,1.71,12.5,1,1,2.53,6,-1,-0.965925826289068,0.748543171076701,0.1368,0.059883453686136,1.42069578783722,0.99694863489161,12.4618579361451,1,1,"afternoon",0.693147180559945,1,"1"
4.13,12,6,0.71,8.23333333333333,3,1,2.17,6,-2.44929359829471e-16,-0.5,0.866046497246927,0.0862348178137652,0.105187833673716,1.63510565918268,0.536493370514568,4.41712875056995,1,1,"afternoon",1.38629436111989,3,"1"
2,8.5,3,2.44,20.4,1,1,3.08,8,-0.965925826289068,-0.99144486137381,0.816752535829469,0.119607843137255,0.0400368890112485,1.09861228866811,1.23547147138531,25.2036180162603,1,1,"afternoon",0.693147180559945,1,"1"
5.34,0,3,3.22,16.75,1,1,2.79,4,0,0.5,1.91711945802254,0.192238805970149,0.114454893016271,1.84687876844913,1.43983512804792,24.1172383948027,1,0,"night",0.693147180559945,1,"1"
6.57,15.5,3,3.41,22.0333333333333,1,1,3.79,9,0.965925826289068,0.38268343236509,2.42026677272447,0.154765506807867,0.109845693164499,2.02419306744936,1.48387468945875,32.6947056577412,1,1,"afternoon",0.693147180559945,1,"1"
3.86,13.5,3,3.35,13.9666666666667,3,1,2.79,6,0.707106781186547,-0.130526192220052,1.00101588251485,0.239856801909308,0.0716717815643089,1.5810384379124,1.47017584510059,20.533455969905,1,1,"afternoon",1.38629436111989,3,"1"
3,2,2,8.73,20.8833333333333,1,1,8.6,3,0.866025403784439,-1.83697019872103e-16,4.9343725560543,0.418036711891461,0.2362828039611,1.38629436111989,2.27521389619791,47.514050198933,1,0,"night",0.693147180559945,1,"1"
4.36,20.5,4,1.5,20.2666666666667,6,1,3.2,8,-0.965925826289068,0.99144486137381,0.544497702748773,0.0740131578947369,0.0268666629645776,1.67896397508271,0.916290731874155,18.5701588326496,1,1,"evening",1.94591014905531,6,"1"
14.65,8,1,1.84,28.0333333333333,1,1,3.15,5,-0.866025403784438,-1,1.03993828639927,0.0656361474435196,0.0370964905968824,2.75047091698616,1.04380405217311,29.2613069292529,1,1,"afternoon",0.693147180559945,1,"1"
8.27,20.5,0,1.33,9.53333333333333,6,1,2.37,3,-0.965925826289068,0.99144486137381,0.452625864531178,0.13951048951049,0.0474782375382354,2.22678337957776,0.845868267577609,8.06394415090654,1,0,"evening",1.94591014905531,6,"1"
6.67,20,5,4.59,31.3666666666667,6,1,3,7,-0.866025403784439,1,2.70626916037562,0.146333687566419,0.0862785067069805,2.03731661537916,1.72097928716701,53.9813836408052,1,1,"evening",1.94591014905531,6,"1"
4,17.5,6,19.36,2,12,2,15.01,8,0.258819045102521,0.793353340291235,9.24654635799492,9.68,4.62327317899746,1.6094379124341,3.01357219168232,6.02714438336464,1,1,"evening",2.56494935746154,24,"2"
8.51,1,6,8.74,50.7,1,1,4.57,6,0.5,0.25881904510252,1.53255715794913,0.172386587771203,0.0302279518333162,2.2523438765573,2.27624111765444,115.40542466508,1,1,"night",0.693147180559945,1,"1"
1,9.5,5,11.82,33.5166666666667,1,1,14.43,4,-0.965925826289068,-0.923879532511287,8.21824161026192,0.352660367976131,0.245198655701499,0.693147180559945,2.55100645149252,85.5012328991912,1,0,"afternoon",0.693147180559945,1,"1"
10.13,19.5,3,10.61,1,18,3,10.9,5,-0.707106781186547,0.99144486137381,3.81019186013811,10.61,3.81019186013811,2.40964416528745,2.4518667957098,2.4518667957098,1,1,"evening",2.94443897916644,54,"3"
10.51,18,5,2.26,29.8333333333333,12,3,5.14,8,3.67394039744206e-16,0.866025403784439,1.28619067163893,0.0757541899441341,0.043112536479517,2.44321622273379,1.18172719537862,35.2548613287953,1,1,"evening",2.56494935746154,36,"3"
9.38,19.5,5,2.01,17.8166666666667,6,1,3.26,5,-0.707106781186547,0.99144486137381,1.076064123625,0.112815715622077,0.0603964896328345,2.33988087773774,1.10194007876078,19.6328990699213,1,1,"evening",1.94591014905531,6,"1"
5.76,8.5,0,2.93,18.2166666666667,1,1,2.81,6,-0.965925826289068,-0.99144486137381,6.32462678604167,0.160841720036597,0.347189027596066,1.91102289005487,1.36863942588117,24.9320482081354,1,1,"afternoon",0.693147180559945,1,"1"
20.83,20,3,5.19,33.7,18,3,9.57,8,-0.866025403784439,1,3.37236160260929,0.154005934718101,0.100070077228762,3.08328517056185,1.8229350866965,61.4329124216722,1,1,"evening",2.94443897916644,54,"3"
18.22,20.5,2,3.55,22.7833333333333,12,2,8.68,5,-0.965925826289068,0.99144486137381,1.23825694249101,0.155815654718361,0.0543492440010687,2.95595140354215,1.51512723296286,34.5196487910038,1,1,"evening",2.56494935746154,24,"2"
11.31,20.5,5,11.13,31.9166666666667,6,1,4.95,5,-0.965925826289068,0.99144486137381,6.86841149887678,0.348720626631854,0.215198271505278,2.51041194019636,2.49568172295596,79.6538416576778,1,1,"evening",1.94591014905531,6,"1"
7.13,19,4,2.61,11.5666666666667,6,1,2.88,6,-0.499999999999999,0.965925826289068,2.00506059485968,0.225648414985591,0.173348178229944,2.09556092355972,1.28370777234479,14.8482199001214,1,1,"evening",1.94591014905531,6,"1"
14.53,8,3,16.92,9,2,2,13.06,5,-0.866025403784438,-1,1.82465774003888,1.88,0.202739748893209,2.7427736371606,2.88591740754678,25.9732566679211,1,1,"afternoon",1.09861228866811,4,"2"
5.75,18,2,6.86,22.1666666666667,6,1,4.78,5,3.67394039744206e-16,0.866025403784439,4.51132517555924,0.309473684210526,0.203518428972597,1.90954250488444,2.06178660644112,45.7029364427781,1,1,"evening",1.94591014905531,6,"1"
5.2,14.5,3,4.04,36.15,1,1,3.89,4,0.965925826289068,0.130526192220052,3.02336582786427,0.111756569847856,0.0836339094844887,1.82454929205105,1.61740608208328,58.4692298673105,1,0,"afternoon",0.693147180559945,1,"1"
19.68,19,4,3.86,30.8333333333333,18,3,8.78,8,-0.499999999999999,0.965925826289068,2.05218420553312,0.125189189189189,0.0665573255848578,3.02916704964023,1.5810384379124,48.7486851689657,1,1,"evening",2.94443897916644,54,"3"
11.22,18,5,6.49,25.3333333333333,6,1,3.9,9,3.67394039744206e-16,0.866025403784439,3.17712480558638,0.256184210526316,0.125412821273146,2.50307395374345,2.01356879752913,51.0104095374045,1,1,"evening",1.94591014905531,6,"1"
3,7.5,3,2.99,15.3,1,1,3.18,7,-0.707106781186547,-0.99144486137381,0.413574522246655,0.195424836601307,0.0270310145259252,1.38629436111989,1.38379123090177,21.1720058327971,1,1,"afternoon",0.693147180559945,1,"1"
8.88,15.5,2,9.19,37.5166666666667,2,1,9.19,9,0.965925826289068,0.38268343236509,8.30097107279609,0.244957796534873,0.221260890434369,2.29051251175978,2.32140684723463,87.0914468854194,1,1,"afternoon",1.09861228866811,2,"1"
5.93,2.5,6,6.08,13.5,1,1,3.74,3,0.965925826289068,-0.130526192220052,1.28052543298664,0.45037037037037,0.0948537357767878,1.93585981320181,1.95727390770563,26.423197754026,1,0,"night",0.693147180559945,1,"1"
5.11,0,2,1.6,23.3,1,1,3.19,6,0,0.5,0.970122460681219,0.0686695278969957,0.0416361571107819,1.8099267731835,0.955511445027436,22.2634166691393,1,1,"night",0.693147180559945,1,"1"
3.8,10.5,4,5.53,32.4833333333333,2,1,10.78,8,-0.707106781186548,-0.793353340291235,1.21279118524557,0.170241149307337,0.0373357984170007,1.56861591791385,1.87640694328834,60.9519522078162,1,1,"afternoon",1.09861228866811,2,"1"
8.76,11.5,0,14.44,24,6,2,8.56,6,-0.258819045102522,-0.608761429008721,10.0828139753214,0.601666666666667,0.420117248971724,2.278292400425,2.73696154459663,65.6870770703191,1,1,"afternoon",1.94591014905531,12,"2"
4,11,2,3.34,16.4833333333333,3,1,3.57,6,-0.5,-0.707106781186547,2.36616106718254,0.20262891809909,0.14354869972796,1.6094379124341,1.46787434811231,24.1954621713846,1,1,"afternoon",1.38629436111989,3,"1"
2,10,4,2.59,15.6666666666667,1,1,6.06,5,-0.866025403784439,-0.866025403784439,1.00644252231462,0.16531914893617,0.0642410120626355,1.09861228866811,1.27815220250019,20.0243845058363,1,1,"afternoon",0.693147180559945,1,"1"
2,18,2,7.33,35.1833333333333,6,1,7.4,5,3.67394039744206e-16,0.866025403784439,2.75642123277388,0.208337280909522,0.0783445163270644,1.09861228866811,2.11986345617875,74.583862599889,1,1,"evening",1.94591014905531,6,"1"
5.88,10.5,6,12.73,30.1166666666667,1,1,6.13,6,-0.707106781186548,-0.793353340291235,8.7146353362954,0.422689540675152,0.289362545754136,1.92861865194525,2.61958321977988,78.8931146357041,1,1,"afternoon",0.693147180559945,1,"1"
5.79,18,2,4.1,13.45,6,1,5.23,5,3.67394039744206e-16,0.866025403784439,2.64290560650418,0.304832713754647,0.1964985581044,1.9154509415706,1.62924053973028,21.9132852593723,1,1,"evening",1.94591014905531,6,"1"
6.8,18,5,10.8,27.95,6,1,5.29,3,3.67394039744206e-16,0.866025403784439,7.65213907371412,0.386404293381038,0.273779573299253,2.05412373369555,2.46809953147162,68.9833819046318,1,0,"evening",1.94591014905531,6,"1"
6.38,12,1,9.76,30.5166666666667,3,1,4.66,6,-2.44929359829471e-16,-0.5,6.21536447486309,0.319825232113599,0.203671146090544,1.99877363861238,2.37583555473364,72.5025816786216,1,1,"afternoon",1.38629436111989,3,"1"
4,17.5,2,13.04,45.8666666666667,6,1,8.01,6,0.258819045102521,0.793353340291235,4.50100654106176,0.284302325581395,0.0981324100522186,1.6094379124341,2.64191039859766,121.17562361568,1,1,"evening",1.94591014905531,6,"1"
6.06,0.5,0,4.49,17.6166666666667,1,1,3.99,9,0.258819045102521,0.382683432365089,2.70345458888454,0.254872280037843,0.153460052349169,1.95444505150515,1.70292825552144,29.9999194347694,1,1,"night",0.693147180559945,1,"1"
5,12.5,4,12.7,50.5,6,2,10.04,5,0.258819045102521,-0.38268343236509,2.09841397302923,0.251485148514851,0.0415527519411728,1.79175946922805,2.61739583283408,132.178489558121,1,1,"afternoon",1.94591014905531,12,"2"
16.28,0,5,3.95,30.8666666666667,1,1,3.97,5,0,0.5,1.98539360200764,0.127969762419006,0.0643216069764895,2.84954976337591,1.5993875765806,49.3677631971212,1,1,"night",0.693147180559945,1,"1"
4.9,19,2,0.92,7.51666666666667,6,1,3.17,5,-0.499999999999999,0.965925826289068,0.707579131834168,0.122394678492239,0.0941346960311532,1.77495235091167,0.65232518603969,4.90331098173167,1,1,"evening",1.94591014905531,6,"1"
8.85,21.5,1,8.84,30.85,1,1,4.24,5,-0.965925826289068,0.923879532511287,3.10798640932464,0.286547811993517,0.100745102409226,2.287471455184,2.28645571106416,70.5371586863294,1,1,"night",0.693147180559945,1,"1"
5.19,8.5,4,4.5,21.7666666666667,1,1,3.13,8,-0.965925826289068,-0.99144486137381,1.47537258331902,0.206738131699847,0.0677812825414558,1.8229350866965,1.70474809223843,37.1066834743898,1,1,"afternoon",0.693147180559945,1,"1"
2,1.5,1,8.84,27.75,1,1,5.04,3,0.707106781186547,0.130526192220051,5.98906494274177,0.318558558558559,0.215822160098803,1.09861228866811,2.28645571106416,63.4491459820305,1,0,"night",0.693147180559945,1,"1"
6.15,22.5,6,19.85,43.0333333333333,2,2,19.92,4,-0.707106781186547,0.793353340291235,8.3144549019929,0.461270333075136,0.193209641409595,1.96711235670592,3.03735394824481,130.707464906135,1,0,"night",1.09861228866811,4,"2"
4.5,20.5,3,16.15,59.55,18,3,21,4,-0.965925826289068,0.99144486137381,9.24654635799492,0.27120067170445,0.155273658404617,1.70474809223843,2.84199817361195,169.240991238592,1,0,"evening",2.94443897916644,54,"3"
7.85,23,4,4.29,21.15,1,1,3.37,4,-0.500000000000001,0.707106781186548,2.1397509923888,0.202836879432624,0.101170259687414,2.18041745901984,1.66581824587021,35.2320559001549,1,0,"night",0.693147180559945,1,"1"
5.83,6.5,1,11.59,33.2666666666667,1,1,9.64,8,-0.258819045102521,-0.923879532511287,11.3628912240599,0.348396793587174,0.341569876474747,1.9213246735827,2.53290284805626,84.2612347453382,1,1,"afternoon",0.693147180559945,1,"1"
19.44,18.5,6,7.47,55.25,18,3,14.71,8,-0.25881904510252,0.923879532511287,1.34813060867666,0.135203619909502,0.0244005540031975,3.0174937653355,2.13653050866396,118.043310603684,1,1,"evening",2.94443897916644,54,"3"
8,20,4,2.76,34.2833333333333,12,1,6.06,4,-0.866025403784439,1,0.97133850903096,0.0805055906660185,0.0283326740602127,2.19722457733622,1.3244189574018,45.4054965895918,1,0,"evening",2.56494935746154,12,"1"
9.99,9.5,0,2.26,15.2166666666667,1,1,3.05,8,-0.965925826289068,-0.923879532511287,1.15728088656875,0.148521358159912,0.0760535084273003,2.39698576841553,1.18172719537862,17.9819488230113,1,1,"afternoon",0.693147180559945,1,"1"
1.36,17.5,4,2.05,16.4166666666667,6,1,5.67,5,0.258819045102521,0.793353340291235,0.749665530520312,0.1248730964467,0.0456649054124048,0.858661619037519,1.11514159061932,18.3069077793339,1,1,"evening",1.94591014905531,6,"1"
10,18,6,2.73,18.1,6,1,3.33,5,3.67394039744206e-16,0.866025403784439,2.63134733083243,0.150828729281768,0.145378305570853,2.39789527279837,1.31640823365572,23.8269890291686,1,1,"evening",1.94591014905531,6,"1"
3,18,5,10.08,41.8166666666667,12,2,8.01,5,3.67394039744206e-16,0.866025403784439,6.68533335589359,0.241052212036668,0.159872459686575,1.38629436111989,2.40514168131914,100.575007973829,1,1,"evening",2.56494935746154,24,"2"
3.87,8,6,2.1,15.8666666666667,1,1,3.22,7,-0.866025403784438,-1,0.463853780451551,0.132352941176471,0.0292344819612322,1.5830939370945,1.1314021114911,17.9515801689922,1,1,"afternoon",0.693147180559945,1,"1"
5.48,10,6,5.62,20,1,1,4.58,6,-0.866025403784439,-0.866025403784439,1.84457334709218,0.281,0.0922286673546092,1.86872051036418,1.89009536994892,37.8019073989783,1,1,"afternoon",0.693147180559945,1,"1"
3.38,7.5,2,5.49,16.6666666666667,1,1,3.81,3,-0.707106781186547,-0.99144486137381,2.79579606958862,0.3294,0.167747764175317,1.47704872438835,1.870262530716,31.1710421786,1,0,"afternoon",0.693147180559945,1,"1"
3.34,20,5,1.85,20.4833333333333,6,1,3.67,4,-0.866025403784439,1,0.718327593400379,0.0903173311635476,0.0350688816957061,1.46787434811231,1.04731899428056,21.4525840661801,1,0,"evening",1.94591014905531,6,"1"
4.13,9.5,3,12.22,45.4666666666667,1,1,9.31,8,-0.965925826289068,-0.923879532511287,3.31893038152901,0.268768328445748,0.0729970025262979,1.63510565918268,2.58173083442354,117.38269527179,1,1,"afternoon",0.693147180559945,1,"1"
7.95,22,6,1.46,20.0333333333333,1,1,2.57,9,-0.866025403784439,0.866025403784439,0.460760203910607,0.0728785357737105,0.0229996773998639,2.19165353228676,0.900161349944271,18.0332323772169,1,1,"night",0.693147180559945,1,"1"
8.11,9,6,4.65,16.5166666666667,1,1,3.42,7,-1,-0.965925826289068,3.1021529383283,0.281533804238143,0.187819552270129,2.20937271127187,1.73165554515835,28.6011774208655,1,1,"afternoon",0.693147180559945,1,"1"
3,8.5,0,2.24,13.0333333333333,1,1,3.06,3,-0.965925826289068,-0.99144486137381,0.716629103487763,0.171867007672634,0.054984330190877,1.38629436111989,1.17557332980424,15.3216390651152,1,0,"afternoon",0.693147180559945,1,"1"
5,9.5,2,4.63,16.95,1,1,15.45,8,-0.965925826289068,-0.923879532511287,4.52970227268649,0.273156342182891,0.267239072134896,1.79175946922805,1.7281094421516,29.2914550444696,1,1,"afternoon",0.693147180559945,1,"1"
3.84,11.5,2,1.7,13.6333333333333,3,1,2.85,8,-0.258819045102522,-0.608761429008721,6.02788754994817,0.124694376528117,0.442143341071993,1.57691472072854,0.993251773010283,13.5413325053735,1,1,"afternoon",1.38629436111989,3,"1"
9.23,7.5,5,4.33,39.6833333333333,2,2,4.16,7,-0.707106781186547,-0.99144486137381,1.33612363326935,0.109113817723646,0.0336696421655442,2.32532457996354,1.67335123817775,66.4041549683538,1,1,"afternoon",1.09861228866811,4,"2"
7,17.5,4,5.87,31.55,6,1,5.52,4,0.258819045102521,0.793353340291235,3.84654726620965,0.186053882725832,0.121919089261796,2.07944154167984,1.92716410623426,60.8020275516908,1,0,"evening",1.94591014905531,6,"1"
10.5,17.5,5,4.09,19.2,12,2,6.51,3,0.258819045102521,0.793353340291235,1.7662358277856,0.213020833333333,0.0919914493638335,2.4423470353692,1.62727783056243,31.2437343467987,1,0,"evening",2.56494935746154,24,"2"
10.05,20.5,5,5.42,25.6166666666667,12,2,16.65,5,-0.965925826289068,0.99144486137381,2.07145386332922,0.211581001951854,0.0808635210148035,2.40243042796376,1.85941811770187,47.6320941151296,1,1,"evening",2.56494935746154,24,"2"
1.25,8,2,10.52,52.8666666666667,0,1,14.95,8,-0.866025403784438,-1,0.255957725025359,0.198991172761665,0.00484157109127413,0.810930216216329,2.44408465526775,129.210608775155,1,1,"afternoon",0,0,"1"
8.46,1,2,1.84,13.7833333333333,1,1,3.03,9,0.5,0.25881904510252,1.77144057571521,0.133494558645707,0.128520477077283,2.24707238306379,1.04380405217311,14.3870991857861,1,1,"night",0.693147180559945,1,"1"
5,9,1,1.35,14.7,1,1,2.36,9,-1,-0.965925826289068,0.979468243192751,0.0918367346938776,0.0666304927342008,1.79175946922805,0.854415328156068,12.5599053238942,1,1,"afternoon",0.693147180559945,1,"1"
8.88,21,6,9.45,45.2833333333333,3,2,9.69,6,-1,0.965925826289068,3.1585902929167,0.208686050791314,0.0697517179149804,2.29051251175978,2.34660197841082,106.261959589037,1,1,"night",1.38629436111989,6,"2"
3,18,3,3.78,23.5,6,1,7.01,5,3.67394039744206e-16,0.866025403784439,0.632029585433349,0.160851063829787,0.0268948759758872,1.38629436111989,1.56444054650336,36.7643528428291,1,1,"evening",1.94591014905531,6,"1"
5,18.5,2,3.93,17.65,6,1,3.43,8,-0.25881904510252,0.923879532511287,2.35380784272593,0.222662889518414,0.133360217718183,1.79175946922805,1.5953389880546,28.1577331391637,1,1,"evening",1.94591014905531,6,"1"
15.98,23,4,11.2,39.2833333333333,3,3,15.56,8,-0.500000000000001,0.707106781186548,1.59255134425806,0.285108188375053,0.0405401275585421,2.8320361808832,2.50143595173921,98.2647423041553,1,1,"night",1.38629436111989,9,"3"
7.45,18.5,6,14.54,51.6166666666667,18,3,22.31,3,-0.25881904510252,0.923879532511287,8.18464002415142,0.281691959961253,0.158565838375552,2.13416644136908,2.7434173449395,141.606058621294,1,0,"evening",2.94443897916644,54,"3"
5.93,22,4,6.63,42.55,2,2,15.68,4,-0.866025403784439,0.866025403784439,2.88942588677081,0.155816686251469,0.0679066013342141,1.93585981320181,2.03208784529637,86.4653378173603,1,0,"night",1.09861228866811,4,"2"
9.91,21.5,2,5.65,23.85,2,2,6.72,5,-0.965925826289068,0.923879532511287,2.55782654671353,0.236897274633124,0.107246396088617,2.38967979984498,1.89461685466776,45.1866119838261,1,1,"night",1.09861228866811,4,"2"
11.24,1,4,3.37,32.1666666666667,2,2,4.18,8,0.5,0.25881904510252,1.1595667994073,0.104766839378238,0.0360487087898641,2.50470927708418,1.4747630091075,47.4382101262913,1,1,"night",1.09861228866811,4,"2"
1,12,0,5.9,30.25,3,1,4.04,3,-2.44929359829471e-16,-0.5,0.81961130150652,0.19504132231405,0.0270945884795544,0.693147180559945,1.93152141160321,58.4285227009972,1,0,"afternoon",1.38629436111989,3,"1"
9,23,1,16.99,49.1666666666667,2,2,33.5,9,-0.500000000000001,0.707106781186548,10.6826577093558,0.345559322033898,0.217274394088592,2.30258509299405,2.88981604796244,142.082622358153,1,1,"night",1.09861228866811,4,"2"
5,8.5,6,5.2,24.7833333333333,1,1,4.06,6,-0.965925826289068,-0.99144486137381,0.829687925227226,0.209818426361802,0.0334776567004933,1.79175946922805,1.82454929205105,45.2184132879984,1,1,"afternoon",0.693147180559945,1,"1"
6.99,7.5,4,2.04,13.1166666666667,1,1,3.02,8,-0.707106781186547,-0.99144486137381,1.6734292758815,0.155527318932656,0.127580376814346,2.07819075977818,1.11185751541813,14.5838644105678,1,1,"afternoon",0.693147180559945,1,"1"
13.37,9,5,7.09,45.0666666666667,0,3,9.63,9,-1,-0.965925826289068,2.98844341963642,0.157322485207101,0.0663116143410448,2.66514270009093,2.0906287310704,94.2176681469061,1,1,"afternoon",0,0,"3"
3,19.5,1,6.58,32.0333333333333,12,2,9.94,8,-0.707106781186547,0.99144486137381,2.71401591033334,0.205411030176899,0.0847247422580649,1.38629436111989,2.02551319965428,64.883939495592,1,1,"evening",2.56494935746154,24,"2"
9.45,18,0,15.3,53.7833333333333,12,2,13.81,4,3.67394039744206e-16,0.866025403784439,9.93740516629231,0.284474744344593,0.184767372165336,2.34660197841082,2.79116510781272,150.118163381861,1,0,"evening",2.56494935746154,24,"2"
3,8,4,3.79,20.1833333333333,1,1,3.51,7,-0.866025403784438,-1,7.69817612253619,0.187778695293146,0.381412524650844,1.38629436111989,1.56653041142282,31.6178054705506,1,1,"afternoon",0.693147180559945,1,"1"
10.02,1,6,3.6,32.35,2,1,5.79,5,0.5,0.25881904510252,1.25272730913511,0.1112828438949,0.0387241826626001,2.39971180372477,1.52605630349505,49.3679214180648,1,1,"night",1.09861228866811,2,"1"
5.31,11.5,2,3.36,27.5166666666667,3,1,3.11,4,-0.258819045102522,-0.608761429008721,1.10605961094147,0.122107813446396,0.0401959882837603,1.84213567655312,1.47247205736094,40.517522778382,1,0,"afternoon",1.38629436111989,3,"1"
10.73,20,0,2.57,21.85,12,2,6.3,9,-0.866025403784439,1,5.83611575724375,0.117620137299771,0.267099119324657,2.46214966266538,1.27256559579155,27.8055582680453,1,1,"evening",2.56494935746154,24,"2"
8.17,20.5,5,7.31,39.3666666666667,12,3,6.87,8,-0.965925826289068,0.99144486137381,3.15692096080389,0.185690093141406,0.0801927424420972,2.21593728626837,2.11745960886736,83.3573266024117,1,1,"evening",2.56494935746154,36,"3"
7.71,20,5,4.52,33.5666666666667,12,2,5.95,6,-0.866025403784439,1,2.28958619665112,0.134657398212512,0.0682101150938765,2.16447179086441,1.708377860289,57.3445501770343,1,1,"evening",2.56494935746154,24,"2"
9.41,7.5,2,6.9,32.3166666666667,2,2,6.11,3,-0.707106781186547,-0.99144486137381,2.39840144213784,0.213512119649304,0.0742156196638835,2.34276688262688,2.06686275947298,66.7941148436351,1,0,"afternoon",1.09861228866811,4,"2"
8.27,21,0,0.87,9.16666666666667,1,1,2.31,7,-1,0.965925826289068,0.525155425993978,0.0949090909090909,0.0572896828357067,2.22678337957776,0.625938430866495,5.73776894960954,1,1,"night",0.693147180559945,1,"1"
15.23,21,4,12.38,39.5166666666667,12,2,17.15,7,-1,0.965925826289068,2.54196995052842,0.313285533530156,0.0643265276388464,2.7868613815265,2.59376105470008,102.496791011565,1,1,"night",2.56494935746154,24,"2"
2.27,21,3,2.37,19.4833333333333,1,1,3.73,5,-1,0.965925826289068,0.0503982909536993,0.121642429426861,0.00258673862893239,1.18478998490916,1.21491274436427,23.6705499693638,1,1,"night",0.693147180559945,1,"1"
3,12.5,1,1.63,12.5,3,1,3.06,3,0.258819045102521,-0.38268343236509,0.577172680837291,0.1304,0.0461738144669833,1.38629436111989,0.966983846189673,12.0872980773709,1,0,"afternoon",1.38629436111989,3,"1"
5.86,0,4,1.88,23.3666666666667,1,1,2.55,8,0,0.5,1.22189607977696,0.0804564907275321,0.0522922716024375,1.92570744173779,1.05779029414785,24.7170332065882,1,1,"night",0.693147180559945,1,"1"
9.42,20,6,5.35,29.25,12,2,15.59,7,-0.866025403784439,1,2.83076157426116,0.182905982905983,0.0967781734790142,2.34372703632522,1.8484548129046,54.0673032774596,1,1,"evening",2.56494935746154,24,"2"
4.42,10.5,1,1.18,14.9666666666667,1,1,2.76,6,-0.707106781186548,-0.793353340291235,0.822522208204349,0.0788418708240534,0.0549569404145445,1.69009581545155,0.779324876800997,11.6638956561216,1,1,"afternoon",0.693147180559945,1,"1"
4,20,2,7.24,24.2833333333333,6,1,3.42,4,-0.866025403784439,1,3.85237442110071,0.298146877144818,0.158642735254662,1.6094379124341,2.10900034392138,51.2135583515574,1,0,"evening",1.94591014905531,6,"1"
3.23,19.5,5,2.28,18.8833333333333,6,1,2.27,4,-0.707106781186547,0.99144486137381,0.80024025480597,0.120741394527802,0.0423781247028757,1.44220199305819,1.18784342239605,22.4304432929121,1,0,"evening",1.94591014905531,6,"1"
5.47,9.5,1,11.88,27.8666666666667,1,1,5.6,6,-0.965925826289068,-0.923879532511287,0.30081062548045,0.426315789473684,0.0107946396703511,1.86717610851281,2.55567572067621,71.2181634161771,1,1,"afternoon",0.693147180559945,1,"1"
6.16,9,5,5.53,27.1166666666667,1,1,4.24,6,-1,-0.965925826289068,2.4097683543831,0.203933620159803,0.0888666879305384,1.96850998097255,1.87640694328834,50.8819016121689,1,1,"afternoon",0.693147180559945,1,"1"
3.82,21,4,1.59,8.51666666666667,6,1,2.22,5,-1,0.965925826289068,2.12011988539912,0.186692759295499,0.248937755624163,1.57277392806251,0.951657875711446,8.10495290814249,1,1,"night",1.94591014905531,6,"1"
7.48,13,6,4.94,25,6,1,5.59,4,0.5,-0.258819045102521,1.60541661232093,0.1976,0.0642166644928373,2.13771044980381,1.78170913337455,44.5427283343638,1,0,"afternoon",1.94591014905531,6,"1"
7.13,0,4,7,29.9666666666667,2,2,7.04,5,0,0.5,2.54875316275923,0.233592880978865,0.0850529420275604,2.09556092355972,2.07944154167984,62.3139315323391,1,1,"night",1.09861228866811,4,"2"
1,18,4,1.97,20.8166666666667,6,1,6.04,8,3.67394039744206e-16,0.866025403784439,1.13782603168101,0.0946357085668535,0.0546593770223062,0.693147180559945,1.08856195281461,22.6602313177575,1,1,"evening",1.94591014905531,6,"1"
10.5,12,3,19.63,49.1666666666667,6,2,18.12,6,-2.44929359829471e-16,-0.5,12.8696646767247,0.399254237288136,0.261755891729995,2.4423470353692,3.02674632708316,148.815027748255,1,1,"afternoon",1.94591014905531,12,"2"
6.91,19,0,1.38,10.2,6,1,2.5,8,-0.499999999999999,0.965925826289068,0.611988681981821,0.135294117647059,0.0599988903903746,2.06812778177956,0.867100487683383,8.84442497437051,1,1,"evening",1.94591014905531,6,"1"
1.5,20.5,6,3.7,20.8,6,1,7.51,4,-0.965925826289068,0.99144486137381,2.05650317981387,0.177884615384615,0.0988703451833591,0.916290731874155,1.54756250871601,32.1893001812931,1,0,"evening",1.94591014905531,6,"1"
2,20.5,1,3.95,18.25,6,1,3.04,5,-0.965925826289068,0.99144486137381,1.41175414387978,0.216438356164384,0.0773563914454673,1.09861228866811,1.5993875765806,29.1888232725959,1,1,"evening",1.94591014905531,6,"1"
4.99,17.5,1,2.66,18.9,6,1,3.02,4,0.258819045102521,0.793353340291235,1.62703420648905,0.140740740740741,0.0860864659518016,1.79009141212736,1.29746314741327,24.5220534861109,1,0,"evening",1.94591014905531,6,"1"
10.44,19.5,2,1.22,23.2333333333333,6,1,3.07,4,-0.707106781186547,0.99144486137381,0.294363032534977,0.0525107604017217,0.0126698579283347,2.43711598595165,0.797507195884188,18.5287505177093,1,0,"evening",1.94591014905531,6,"1"
6.05,19,4,0.22,8.3,6,1,2.34,8,-0.499999999999999,0.965925826289068,0.699220252044196,0.0265060240963855,0.0842434038607465,1.95302761682418,0.198850858745165,1.65046212758487,1,1,"evening",1.94591014905531,6,"1"
7,7,4,2.74,13.5166666666667,1,1,8.05,5,-0.5,-0.965925826289068,1.01845724237515,0.202712700369914,0.0753482546763367,2.07944154167984,1.31908561142644,17.8296405144474,1,1,"afternoon",0.693147180559945,1,"1"
6,19,6,12.54,53.5666666666667,12,2,10.75,8,-0.499999999999999,0.965925826289068,7.96599325378866,0.234100808960796,0.14871175956046,1.94591014905531,2.60564826748413,139.5758921949,1,1,"evening",2.56494935746154,24,"2"
3,22.5,1,1.06,9.86666666666667,1,1,3.04,6,-0.707106781186547,0.793353340291235,0.264155355320514,0.107432432432432,0.0267725022284305,1.38629436111989,0.72270598280149,7.13069903030804,1,1,"night",0.693147180559945,1,"1"
1,10,4,6.86,25.25,1,1,7.03,3,-0.866025403784439,-0.866025403784439,2.04573039119464,0.271683168316832,0.0810190253938469,0.693147180559945,2.06178660644112,52.0601118126382,1,0,"afternoon",0.693147180559945,1,"1"
15.21,23.5,1,2.67,19.2,1,1,2.47,3,-0.258819045102521,0.608761429008721,1.71966233395119,0.1390625,0.089565746559958,2.78562833574758,1.30019166206648,24.9636799116764,1,0,"night",0.693147180559945,1,"1"
7.3,9,5,11.16,29.6166666666667,1,1,4.73,5,-1,-0.965925826289068,1.84541293829565,0.376814856499719,0.0623099472694086,2.11625551480255,2.49815187653802,73.9869314101345,1,1,"afternoon",0.693147180559945,1,"1"
3,8,2,3.1,26.7666666666667,1,1,3.2,6,-0.866025403784438,-1,1.12414482643568,0.115815691158157,0.0419979387211338,1.38629436111989,1.41098697371026,37.7674179963114,1,1,"afternoon",0.693147180559945,1,"1"
18.55,17.5,2,14.04,55.7333333333333,18,3,31.68,9,0.258819045102521,0.793353340291235,10.8110645695707,0.251913875598086,0.193978431272202,2.97297528643137,2.71071331852169,151.077088952276,1,1,"evening",2.94443897916644,54,"3"
1,21.5,6,3.79,14.4833333333333,1,1,4.01,9,-0.965925826289068,0.923879532511287,1.78781086413985,0.261680092059839,0.123439185095962,0.693147180559945,1.56653041142282,22.6885821254405,1,1,"night",0.693147180559945,1,"1"
4,15.5,0,1.74,17.8,1,1,3.09,8,0.965925826289068,0.38268343236509,1.21286916751354,0.097752808988764,0.0681387172760417,1.6094379124341,1.00795792039998,17.9416509831196,1,1,"afternoon",0.693147180559945,1,"1"
7.49,16,4,5.06,29.5166666666667,2,1,6.57,8,0.866025403784439,0.5,2.82756076594362,0.171428571428571,0.0957953957970734,2.13888900032326,1.80170980008122,53.1804675990642,1,1,"evening",1.09861228866811,2,"1"
4.05,8,2,3.53,19.85,1,1,3.6,5,-0.866025403784438,-1,2.38226405697382,0.177833753148615,0.120013302618328,1.61938824328727,1.51072193949494,29.9878304989746,1,1,"afternoon",0.693147180559945,1,"1"
4.05,10.5,3,4.25,19.2833333333333,1,1,3.22,5,-0.707106781186548,-0.793353340291235,0.994855322789841,0.220397579948142,0.0515914601273902,1.61938824328727,1.65822807660353,31.9761647438381,1,1,"afternoon",0.693147180559945,1,"1"
3,18,2,0.99,10.25,6,1,2.54,8,3.67394039744206e-16,0.866025403784439,0.228342568829836,0.0965853658536585,0.0222773237882767,1.38629436111989,0.688134638736401,7.05338004704811,1,1,"evening",1.94591014905531,6,"1"
8.72,22.5,6,2.94,37.9333333333333,2,2,7.51,8,-0.707106781186547,0.793353340291235,0.710323159314194,0.0775043936731107,0.0187255665900051,2.27418561847235,1.37118072330984,52.0134554375533,1,1,"night",1.09861228866811,4,"2"
4,8.5,1,11.72,28.4,1,1,5.26,7,-0.965925826289068,-0.99144486137381,7.72633828730889,0.412676056338028,0.272054165046088,1.6094379124341,2.54317555791198,72.2261858447001,1,1,"afternoon",0.693147180559945,1,"1"
1,17.5,3,2.23,18.65,6,1,4.4,5,0.258819045102521,0.793353340291235,0.789177868272726,0.119571045576408,0.04231516719961,0.693147180559945,1.17248213723457,21.8667918594246,1,1,"evening",1.94591014905531,6,"1"
11.45,10,6,3.97,29.5166666666667,1,1,3.33,8,-0.866025403784439,-0.866025403784439,1.14592976572443,0.134500282326369,0.0388231428252207,2.52172062291072,1.60341984010854,47.3276089472037,1,1,"afternoon",0.693147180559945,1,"1"
3.7,21,5,1.4,12.1,6,1,2.85,9,-1,0.965925826289068,0.264579267226434,0.115702479338843,0.0218660551426805,1.54756250871601,0.8754687373539,10.5931717219822,1,1,"night",1.94591014905531,6,"1"
3,17,2,2.85,20.6,6,1,4.07,8,0.5,0.707106781186548,1.5605351839754,0.138349514563107,0.0757541351444368,1.38629436111989,1.34807314829969,27.7703068549737,1,1,"evening",1.94591014905531,6,"1"
3,22.5,5,3.84,36.4166666666667,1,1,8.66,8,-0.707106781186547,0.793353340291235,3.0164700590605,0.105446224256293,0.0828321297682516,1.38629436111989,1.57691472072854,57.4259777465311,1,1,"night",0.693147180559945,1,"1"
6.58,12,5,5.14,24.6833333333333,3,1,3.52,7,-2.44929359829471e-16,-0.5,1.61303776037826,0.208237677245105,0.0653492678073568,2.02551319965428,1.81482474215905,44.7959240522925,1,1,"afternoon",1.38629436111989,3,"1"
7.78,18.5,5,3.33,31.4833333333333,12,1,6.38,5,-0.25881904510252,0.923879532511287,1.82842977777508,0.105770248808894,0.0580761178753333,2.17247640764703,1.4655675420144,46.1409514477533,1,1,"evening",2.56494935746154,12,"1"
5,14,6,3.41,15.25,3,1,3.37,3,0.866025403784438,6.12323399573677e-17,1.14465400349094,0.223606557377049,0.075059278917439,1.79175946922805,1.48387468945875,22.629089014246,1,0,"afternoon",1.38629436111989,3,"1"
3.87,19.5,4,0.59,13.6,6,1,3.22,8,-0.707106781186547,0.99144486137381,0.461015959381907,0.0433823529411765,0.0338982323074931,1.5830939370945,0.46373401623214,6.3067826207571,1,1,"evening",1.94591014905531,6,"1"
1,23,5,2.65,31.2,1,1,3.03,4,-0.500000000000001,0.707106781186548,1.91444281978889,0.0849358974358974,0.0613603467881054,0.693147180559945,1.2947271675944,40.3954876289453,1,0,"night",0.693147180559945,1,"1"
11.27,19.5,0,1.12,17.3,6,1,3.05,8,-0.707106781186547,0.99144486137381,2.23032308941185,0.0647398843930636,0.128920409792593,2.50715725872282,0.751416088683921,12.9994983342318,1,1,"evening",1.94591014905531,6,"1"
6.01,19,5,17.93,58.5833333333333,18,2,20.52,5,-0.499999999999999,0.965925826289068,9.68568585448323,0.306059743954481,0.165331764230155,1.9473377010465,2.94074796522123,172.278818295877,1,1,"evening",2.94443897916644,36,"2"
3,13.5,6,2.44,26.1666666666667,3,1,4.55,8,0.707106781186547,-0.130526192220052,1.71878261877569,0.0932484076433121,0.0656859599532112,1.38629436111989,1.23547147138531,32.3281701679156,1,1,"afternoon",1.38629436111989,3,"1"
4.74,9.5,4,6.22,33.8,1,1,4.61,3,-0.965925826289068,-0.923879532511287,3.80221026662484,0.184023668639053,0.112491428006652,1.74745921033147,1.97685495290473,66.81769740818,1,0,"afternoon",0.693147180559945,1,"1"
4.74,23,1,1.71,22.1333333333333,1,1,2.46,9,-0.500000000000001,0.707106781186548,1.20872269073311,0.0772590361445783,0.054610964942761,1.74745921033147,0.99694863489161,22.0657964522676,1,1,"night",0.693147180559945,1,"1"
14.3,18.5,6,1.48,12.2,6,1,3.07,7,-0.25881904510252,0.923879532511287,2.64653600560417,0.121311475409836,0.216929180787227,2.72785282839839,0.908258560176891,11.0807544341581,1,1,"evening",1.94591014905531,6,"1"
3,0.5,1,1.66,14.0666666666667,1,1,3.19,7,0.258819045102521,0.382683432365089,1.0476648336701,0.118009478672986,0.0744785426779693,1.38629436111989,0.978326122793608,13.7617874606301,1,1,"night",0.693147180559945,1,"1"
5.96,1,4,2.97,18.5666666666667,1,1,2.48,3,0.5,0.25881904510252,1.66299982363425,0.159964093357271,0.0895691107882001,1.94017947434633,1.3787660946991,25.59909049158,1,0,"night",0.693147180559945,1,"1"
3,12,2,1.96,14.9333333333333,3,1,4.63,5,-2.44929359829471e-16,-0.5,0.905470640145275,0.13125,0.0606341946525854,1.38629436111989,1.08518926833597,16.2054930738171,1,1,"afternoon",1.38629436111989,3,"1"
3,0,4,3.81,24.1,1,1,4.07,3,0,0.5,0.876280611258252,0.158091286307054,0.0363601913385167,1.38629436111989,1.57069708411767,37.8537997272358,1,0,"night",0.693147180559945,1,"1"
2,12,3,3.07,15.6833333333333,3,1,6.01,7,-2.44929359829471e-16,-0.5,1.96364857019322,0.195749202975558,0.125206072488409,1.09861228866811,1.4036429994545,22.0138010414448,1,1,"afternoon",1.38629436111989,3,"1"
5.23,19.5,1,1.26,21.7833333333333,6,1,2.45,6,-0.707106781186547,0.99144486137381,0.18455957000164,0.0578423871461362,0.00847251277742798,1.82937633279936,0.815364813284194,17.7613635160407,1,1,"evening",1.94591014905531,6,"1"
4.19,22.5,3,2.2,26.9333333333333,1,1,3.06,9,-0.707106781186547,0.793353340291235,1.21286916751354,0.0816831683168317,0.0450322710710473,1.6467336971778,1.16315080980568,31.327528477433,1,1,"night",0.693147180559945,1,"1"
8.21,17.5,2,2.17,16.95,6,1,3.85,7,0.258819045102521,0.793353340291235,2.62095608181512,0.128023598820059,0.154628677393223,2.22028985026722,1.15373158788919,19.5557504147218,1,1,"evening",1.94591014905531,6,"1"
7,11.5,3,6,31.9166666666667,0,1,3.57,9,-0.258819045102522,-0.608761429008721,3.33119215424486,0.18798955613577,0.104371555746575,2.07944154167984,1.94591014905531,62.1069655906821,1,1,"afternoon",0,0,"1"
8.88,8,6,2.7,10.6166666666667,1,1,3.01,8,-0.866025403784438,-1,1.56708244310721,0.254317111459969,0.147605881611354,2.29051251175978,1.30833281965018,13.8901334352861,1,1,"afternoon",0.693147180559945,1,"1"
11.51,17,5,4.16,22.9833333333333,6,1,5.09,4,0.5,0.707106781186548,1.37554660019548,0.181000725163162,0.059849743300746,2.52652832447882,1.64093657949347,37.7141923853582,1,0,"evening",1.94591014905531,6,"1"
2,1.5,6,9.06,39.6333333333333,2,2,17.17,3,0.707106781186547,0.130526192220051,1.7915176799858,0.228595458368377,0.0452022963831573,1.09861228866811,2.30856716467159,91.4962119598174,1,0,"night",1.09861228866811,4,"2"
13.93,22.5,1,13.03,34.4666666666667,2,2,7.75,7,-0.707106781186547,0.793353340291235,8.73002898381964,0.378046421663443,0.253289042083742,2.7033726115511,2.64119789411437,91.033287417142,1,1,"night",1.09861228866811,4,"2"
3,9.5,4,4.24,15.55,1,1,3.69,3,-0.965925826289068,-0.923879532511287,0.89615597728338,0.272668810289389,0.0576306094716,1.38629436111989,1.65632149833295,25.7557992990774,1,0,"afternoon",0.693147180559945,1,"1"
17.44,18,1,4.52,17.6666666666667,6,1,3.76,8,3.67394039744206e-16,0.866025403784439,3.57881790579584,0.255849056603774,0.202574598441274,2.91452221812845,1.708377860289,30.1813421984391,1,1,"evening",1.94591014905531,6,"1"
7.32,15.5,4,7.05,35.1833333333333,2,2,11.53,8,0.965925826289068,0.38268343236509,4.53668487779913,0.200378967314069,0.128944146218829,2.11866225483312,2.08567209143047,73.3808964168287,1,1,"afternoon",1.09861228866811,4,"2"
3,10.5,2,5.07,28.4333333333333,4,2,11.08,8,-0.707106781186548,-0.793353340291235,5.8302177073835,0.17831184056272,0.205048688419115,1.38629436111989,1.80335860507141,51.2754963375303,1,1,"afternoon",1.6094379124341,8,"2"
7.55,2,4,4.27,48.4,2,2,7.16,5,0.866025403784439,-1.83697019872103e-16,1.25955784331131,0.0882231404958678,0.0260239223824651,2.14593128294867,1.66203036255327,80.4422695475783,1,1,"night",1.09861228866811,4,"2"
7.11,0,5,0.74,15.6666666666667,1,1,2.91,9,0,0.5,0.326548221340515,0.0472340425531915,0.0208435034898201,2.09309786812732,0.553885113226438,8.67753344054754,1,1,"night",0.693147180559945,1,"1"
17.39,13,6,9.74,41.1666666666667,3,1,8.45,7,0.5,-0.258819045102521,7.06994131612336,0.236599190283401,0.171739465168988,2.91180703861623,2.37397508908072,97.7286411671563,1,1,"afternoon",1.38629436111989,3,"1"
2,23.5,1,2.18,13.1,1,1,5.09,9,-0.258819045102521,0.608761429008721,0.792707943848186,0.166412213740458,0.0605120567823042,1.09861228866811,1.15688119679209,15.1551436779763,1,1,"night",0.693147180559945,1,"1"
8.84,17.5,6,4.43,21.6,12,2,5.2,5,0.258819045102521,0.793353340291235,2.02962097404981,0.205092592592593,0.0939639339837874,2.28645571106416,1.69193913394584,36.5458852932302,1,1,"evening",2.56494935746154,24,"2"
4,0.5,1,2.96,18.95,1,1,4.03,5,0.258819045102521,0.382683432365089,1.50095494575995,0.156200527704486,0.0792060657393115,1.6094379124341,1.37624402526639,26.0798242787981,1,1,"night",0.693147180559945,1,"1"
9.52,2.5,6,2.21,26.2,1,1,3.02,7,0.965925826289068,-0.130526192220052,2.75776428524039,0.0843511450381679,0.105258178825969,2.35327820730956,1.16627093714192,30.5562985531184,1,1,"night",0.693147180559945,1,"1"
6.72,0.5,5,5.38,26.4833333333333,1,1,3.96,8,0.258819045102521,0.382683432365089,3.34153991833959,0.20314663310258,0.126175201447688,2.04381436403668,1.8531680973567,49.0780684449965,1,1,"night",0.693147180559945,1,"1"
8.18,1,3,4.22,19.15,1,1,3.32,6,0.5,0.25881904510252,1.821851210675,0.220365535248042,0.0951358334556136,2.2170272046324,1.65249740189455,31.6453252462806,1,1,"night",0.693147180559945,1,"1"
9.09,16.5,3,6.8,33.9666666666667,12,2,9.99,8,0.707106781186547,0.608761429008721,2.89600841111075,0.200196270853778,0.0852603065096392,2.31154483436552,2.05412373369555,69.7717361545255,1,1,"evening",2.56494935746154,24,"2"
7.76,7.5,6,9.43,31.9333333333333,1,1,3.82,8,-0.707106781186547,-0.99144486137381,4.75318072403694,0.295302713987474,0.148846995533516,2.1701959049483,2.34468626901268,74.8736481904715,1,1,"afternoon",0.693147180559945,1,"1"
3,21,0,0.56,28.8666666666667,1,1,2.3,6,-1,0.965925826289068,0.243956020157495,0.0193995381062356,0.00845113233801947,1.38629436111989,0.444685821261446,12.8365973737471,1,1,"night",0.693147180559945,1,"1"
3,14.5,0,3.61,24.9,1,1,7.54,7,0.965925826289068,0.130526192220052,2.23373950686724,0.144979919678715,0.0897084139304113,1.38629436111989,1.52822785700856,38.0528736395131,1,1,"afternoon",0.693147180559945,1,"1"
5,9.5,4,1.51,19.0333333333333,1,1,4.07,4,-0.965925826289068,-0.923879532511287,9.05594118588786,0.0793345008756567,0.475793757577295,1.79175946922805,0.920282753143692,17.5160484015016,1,0,"afternoon",0.693147180559945,1,"1"
26.57,18.5,4,8.19,26.45,6,1,4.13,5,-0.25881904510252,0.923879532511287,4.62243600533302,0.309640831758034,0.174761285645861,3.31672822503571,2.2181159363676,58.6691665169229,1,1,"evening",1.94591014905531,6,"1"
7.8,19,3,8.65,32,12,2,14.53,8,-0.499999999999999,0.965925826289068,6.64715078236445,0.2703125,0.207723461948889,2.17475172148416,2.26695791535089,72.5426532912286,1,1,"evening",2.56494935746154,24,"2"
8,19.5,0,9.8,28.9833333333333,12,2,13.48,5,-0.707106781186547,0.99144486137381,4.71585221951107,0.338125359401955,0.162709104755989,2.19722457733622,2.37954613413017,68.9671787875395,1,1,"evening",2.56494935746154,24,"2"
5.51,18,6,3.13,13.3,6,1,3.51,8,3.67394039744206e-16,0.866025403784439,2.54502717677951,0.235338345864662,0.191355426825527,1.87333945622048,1.41827740697294,18.8630895127401,1,1,"evening",1.94591014905531,6,"1"
2,11,0,4.92,21.2333333333333,3,1,6.07,5,-0.5,-0.707106781186547,2.02711988204525,0.23171114599686,0.0954687542564483,1.09861228866811,1.77833644889591,37.7600105982232,1,1,"afternoon",1.38629436111989,3,"1"
4,11,3,17.6,60,3,1,19.61,8,-0.5,-0.707106781186547,7.24613915991808,0.293333333333333,0.120768985998635,1.6094379124341,2.92316158071916,175.389694843149,1,1,"afternoon",1.38629436111989,3,"1"
5.45,19,2,3.96,25.4833333333333,6,1,3.63,4,-0.499999999999999,0.965925826289068,8.85906798442191,0.155395683453237,0.347641647524731,1.86408013080768,1.60140574073684,40.8091562931103,1,0,"evening",1.94591014905531,6,"1"
11.5,23,4,7.22,36.3333333333333,2,2,6.14,8,-0.500000000000001,0.707106781186548,2.50110440290149,0.198715596330275,0.0688377358596739,2.52572864430826,2.10657020906809,76.5387175961405,1,1,"night",1.09861228866811,4,"2"
8.02,20.5,3,4.02,36.5333333333333,6,1,6.69,8,-0.965925826289068,0.99144486137381,2.23774459971049,0.110036496350365,0.0612521332037542,2.19944433407453,1.61342993370364,58.9439735779728,1,1,"evening",1.94591014905531,6,"1"
3.8,10.5,4,5.53,32.4833333333333,2,2,10.78,8,-0.707106781186548,-0.793353340291235,1.21279118524557,0.170241149307337,0.0373357984170007,1.56861591791385,1.87640694328834,60.9519522078162,1,1,"afternoon",1.09861228866811,4,"2"
17.33,22,4,9.34,44.4,2,2,9.78,5,-0.866025403784439,0.866025403784439,3.40621021217047,0.21036036036036,0.0767164462200556,2.90853906185161,2.33601986908028,103.719282187165,1,1,"night",1.09861228866811,4,"2"
3.6,8.5,1,2.41,36.4,1,1,2.82,7,-0.965925826289068,-0.99144486137381,1.56143545774994,0.0662087912087912,0.0428965785096137,1.52605630349505,1.22671229129543,44.6523274031535,1,1,"afternoon",0.693147180559945,1,"1"
8,2,6,10.23,33.9833333333333,3,2,15.49,3,0.866025403784439,-1.83697019872103e-16,0.895742886808271,0.301029916625797,0.0263582997589486,2.19722457733622,2.41858876875035,82.1917083246994,1,0,"night",1.38629436111989,6,"2"
16.77,19,3,12.19,58,0,3,15.53,9,-0.499999999999999,0.965925826289068,5.33591873555877,0.210172413793103,0.0919985988889443,2.87751164216656,2.57945896672922,149.608620070295,1,1,"evening",0,0,"3"
15.42,23,2,5.33,24.4666666666667,1,1,3.57,7,-0.500000000000001,0.707106781186548,2.70844921181879,0.217847411444142,0.110699559066163,2.79850010402428,1.84530023615608,45.1483457779523,1,1,"night",0.693147180559945,1,"1"
9.44,1.5,4,5.06,19.65,2,1,7.64,5,0.707106781186547,0.130526192220051,1.658699587818,0.257506361323155,0.0844121927642748,2.34564458245449,1.80170980008122,35.403597571596,1,1,"night",1.09861228866811,2,"1"
6,23.5,4,3.49,26.8333333333333,1,1,4.08,4,-0.258819045102521,0.608761429008721,1.96151026340607,0.130062111801242,0.0730997613691703,1.94591014905531,1.50185270175416,40.2997141637367,1,0,"night",0.693147180559945,1,"1"
5.43,17,4,3.34,25.6166666666667,6,1,4.02,9,0.5,0.707106781186548,2.3981398424591,0.130383864671438,0.0936163894258594,1.86097453824953,1.46787434811231,37.6020478841438,1,1,"evening",1.94591014905531,6,"1"
4,8.5,3,7.76,28.5833333333333,1,1,8.48,6,-0.965925826289068,-0.99144486137381,2.74323739342903,0.271486880466472,0.0959733198867299,1.6094379124341,2.1701959049483,62.0314329497722,1,1,"afternoon",0.693147180559945,1,"1"
2,0,6,0.83,6.21666666666667,1,1,3.63,6,0,0.5,0.0945345762502291,0.133512064343164,0.0152066342493666,1.09861228866811,0.60431596685333,3.75683092727153,1,1,"night",0.693147180559945,1,"1"
10,20,3,3.92,22.1833333333333,6,1,3.18,6,-0.866025403784439,1,1.06089672885453,0.176709241172051,0.0478240448769884,2.39789527279837,1.59330853050422,35.3448942350185,1,1,"evening",1.94591014905531,6,"1"
4.09,18,5,4.22,22.5666666666667,6,1,4.92,4,3.67394039744206e-16,0.866025403784439,3.10331522920806,0.187001477104874,0.13751766156018,1.62727783056243,1.65249740189455,37.291358036087,1,0,"evening",1.94591014905531,6,"1"
12.25,2,6,4.25,29.9333333333333,2,2,4.5,3,0.866025403784439,-1.83697019872103e-16,2.6343882657691,0.141982182628062,0.0880085166738007,2.58399755243223,1.65822807660353,49.6362937596657,1,0,"night",1.09861228866811,4,"2"
1.1,10,5,2.77,16.9833333333333,1,1,5.99,8,-0.866025403784439,-0.866025403784439,1.63969253581588,0.163101079489696,0.0965471561815042,0.741937344729377,1.32707500145992,22.5381571081276,1,1,"afternoon",0.693147180559945,1,"1"
10.79,12,1,4.26,36.5666666666667,3,1,3.5,7,-2.44929359829471e-16,-0.5,1.00369158999181,0.116499544211486,0.0274482659067951,2.46725171454928,1.66013102674962,60.7054578781444,1,1,"afternoon",1.38629436111989,3,"1"
6.05,0.5,4,4.58,13.1666666666667,1,1,3.44,8,0.258819045102521,0.382683432365089,0.698472252327142,0.347848101265823,0.0530485254932006,1.95302761682418,1.71918877639322,22.6359855558441,1,1,"night",0.693147180559945,1,"1"
5.42,20.5,0,2.2,8.9,6,1,2.86,4,-0.965925826289068,0.99144486137381,0.804690937639064,0.247191011235955,0.0904147120942769,1.85941811770187,1.16315080980568,10.3520422072706,1,0,"evening",1.94591014905531,6,"1"
8.18,10,4,11.25,36.75,1,1,5.83,5,-0.866025403784439,-0.866025403784439,7.14906157734886,0.306122448979592,0.194532287819016,2.2170272046324,2.50552593699074,92.0780781844095,1,1,"afternoon",0.693147180559945,1,"1"
5.11,21.5,5,2.45,33.2,1,1,3.56,7,-0.965925826289068,0.923879532511287,2.33432788375067,0.0737951807228916,0.0703110808358634,1.8099267731835,1.23837423104327,41.1140244706365,1,1,"night",0.693147180559945,1,"1"
8.4,21.5,4,4.2,21.0333333333333,1,1,3.02,4,-0.965925826289068,0.923879532511287,1.59052589330629,0.199683042789223,0.075619297621535,2.24070968927596,1.64865862558738,34.6767864248545,1,0,"night",0.693147180559945,1,"1"
4,1.5,2,5.22,31.8333333333333,1,1,10.07,4,0.707106781186547,0.130526192220051,2.26882884852546,0.163979057591623,0.0712721104248835,1.6094379124341,1.82776990675109,58.1840086982429,1,0,"night",0.693147180559945,1,"1"
1.09,10.5,5,4.18,25.9166666666667,3,1,4.94,4,-0.707106781186548,-0.793353340291235,0.897286745419844,0.16128617363344,0.0346219966078396,0.73716406597672,1.64480505627139,42.6278643750336,1,0,"afternoon",1.38629436111989,3,"1"
15.55,18,0,4.91,36.9,12,2,7.26,9,3.67394039744206e-16,0.866025403784439,2.48602381875481,0.133062330623306,0.0673719192074475,2.80638610182307,1.77664583141801,65.5582311793245,1,1,"evening",2.56494935746154,24,"2"
6.5,2,3,14.76,45.95,2,2,16.56,7,0.866025403784439,-1.83697019872103e-16,12.1186100374595,0.321218715995647,0.263734712458314,2.01490302054226,2.75747508442973,126.705980129546,1,1,"night",1.09861228866811,4,"2"
4.24,22,5,5.41,20.5666666666667,1,1,3.79,4,-0.866025403784439,0.866025403784439,0.56748456341337,0.263047001620746,0.0275924423053502,1.65632149833295,1.85785927093258,38.2099723388468,1,0,"night",0.693147180559945,1,"1"
5,3,6,9.12,28.2,3,2,15.27,3,1,-0.258819045102521,0.16538416915781,0.323404255319149,0.00586468684956774,1.79175946922805,2.31451366385932,65.2692853208328,1,0,"night",1.38629436111989,6,"2"
2,1,3,1.48,13.45,1,1,4.52,7,0.5,0.25881904510252,0.882421262402313,0.11003717472119,0.0656075288031459,1.09861228866811,0.908258560176891,12.2160776343792,1,1,"night",0.693147180559945,1,"1"
7.63,12.5,3,0.92,6.3,0,1,2.47,9,0.258819045102521,-0.38268343236509,0.298433880037976,0.146031746031746,0.0473704571488851,2.15524450509534,0.65232518603969,4.10964867205005,1,1,"afternoon",0,0,"1"
4.29,0.5,5,3.29,20.4166666666667,1,1,3.12,5,0.258819045102521,0.382683432365089,2.70315773275791,0.161142857142857,0.132399562420795,1.66581824587021,1.45628673293993,29.7325207975235,1,1,"night",0.693147180559945,1,"1"
1.5,3,5,7.33,26.6666666666667,1,1,14.51,3,1,-0.258819045102521,1.84011143760074,0.274875,0.0690041789100276,0.916290731874155,2.11986345617875,56.5296921647668,1,0,"night",0.693147180559945,1,"1"
2,22.5,4,3.16,16.3833333333333,1,1,4.54,4,-0.707106781186547,0.793353340291235,1.47247471649683,0.192878942014242,0.0898763814748829,1.09861228866811,1.42551507427317,23.3546886335088,1,0,"night",0.693147180559945,1,"1"
5.38,15.5,4,14.2,49.8333333333333,2,2,14.69,5,0.965925826289068,0.38268343236509,7.51980762583715,0.28494983277592,0.150899149682351,1.8531680973567,2.72129542785223,135.611222154636,1,1,"afternoon",1.09861228866811,4,"2"
6.25,15,1,2.94,19.9333333333333,1,1,3.17,5,1,0.258819045102521,1.94781687242183,0.147491638795987,0.0977165655061117,1.98100146886658,1.37118072330984,27.3322024179762,1,1,"afternoon",0.693147180559945,1,"1"
5,1.5,5,4.65,29.2166666666667,1,1,9.07,9,0.707106781186547,0.130526192220051,1.02605272172298,0.159155733029093,0.0351187468929714,1.79175946922805,1.73165554515835,50.5932028443765,1,1,"night",0.693147180559945,1,"1"
5,19,5,2.97,28.6833333333333,6,1,3.33,6,-0.499999999999999,0.965925826289068,1.38348127854013,0.103544450900639,0.0482329324302195,1.79175946922805,1.3787660946991,39.5476074829525,1,1,"evening",1.94591014905531,6,"1"
12.5,11,6,10.57,52.1666666666667,6,2,12.51,8,-0.5,-0.707106781186547,3.96859652060406,0.202619808306709,0.0760753326633365,2.60268968544438,2.44841554120559,127.725677399558,1,1,"afternoon",1.94591014905531,12,"2"
8.6,0.5,1,10.55,22.75,1,1,6.03,3,0.258819045102521,0.382683432365089,7.34639591625931,0.463736263736264,0.322918501813596,2.26176309847379,2.4466854369678,55.6620936910175,1,0,"night",0.693147180559945,1,"1"
13.94,21,2,3.2,20.4,2,2,4.9,7,-1,0.965925826289068,1.658699587818,0.156862745098039,0.0813088033244117,2.70404217970467,1.43508452528932,29.2757243159022,1,1,"night",1.09861228866811,4,"2"
6,13.5,3,1.26,17.0333333333333,3,1,2.6,7,0.707106781186547,-0.130526192220052,0.608457480232422,0.073972602739726,0.0357215741819426,1.94591014905531,0.815364813284194,13.8883806529408,1,1,"afternoon",1.38629436111989,3,"1"
7.29,19,6,0.98,10.35,6,1,2.31,4,-0.499999999999999,0.965925826289068,0.669479008511431,0.0946859903381643,0.0646839621750175,2.1150499691472,0.683096844706444,7.07005234271169,1,0,"evening",1.94591014905531,6,"1"
7.88,21,5,2.96,40.4166666666667,13,3,59.27,4,-1,0.965925826289068,1.88336921155823,0.0732371134020619,0.0465988258529872,2.18380155700408,1.37624402526639,55.6231960211833,1,0,"night",2.63905732961526,39,"3"
16.96,20,2,3.53,20.3333333333333,6,1,3.02,5,-0.866025403784439,1,3.07109671032987,0.173606557377049,0.151037543130977,2.88814706287405,1.51072193949494,30.7180127697304,1,1,"evening",1.94591014905531,6,"1"
4,13.5,2,4.57,28.1666666666667,3,1,6.8,7,0.707106781186547,-0.130526192220052,0.504463688444761,0.162248520710059,0.0179099534359087,1.6094379124341,1.71739505393919,48.3732940192873,1,1,"afternoon",1.38629436111989,3,"1"
4.19,17.5,6,18.06,8,6,1,8.01,8,0.258819045102521,0.793353340291235,9.50943362495344,2.2575,1.18867920311918,1.6467336971778,2.94759189822606,23.5807351858084,1,1,"evening",1.94591014905531,6,"1"
4.04,3.5,6,11.45,28.7666666666667,1,1,10.57,7,0.965925826289068,-0.38268343236509,2.70345458888454,0.398030127462341,0.0939787226726953,1.61740608208328,2.52172062291072,72.5414965857317,1,1,"night",0.693147180559945,1,"1"
5.28,12.5,6,2.18,15.7166666666667,3,1,3.32,6,0.258819045102521,-0.38268343236509,1.78608445617441,0.138706256627784,0.113642701347259,1.83736998048011,1.15688119679209,18.1823161429156,1,1,"afternoon",1.38629436111989,3,"1"
8.93,12,6,8.13,2,9,3,17.76,4,-2.44929359829471e-16,-0.5,1.48647603858514,4.065,0.74323801929257,2.29556047805708,2.21156569460688,4.42313138921375,1,0,"afternoon",2.30258509299405,27,"3"
6.96,9.5,2,11.74,24.4,1,1,6.11,5,-0.965925826289068,-0.923879532511287,10.2350560039944,0.481147540983607,0.419469508360428,2.07442899985629,2.54474665014402,62.091818263514,1,1,"afternoon",0.693147180559945,1,"1"
8,19.5,5,6.43,45.7166666666667,6,1,7.61,4,-0.707106781186547,0.99144486137381,3.3839577923715,0.14064892453518,0.0740202214882575,2.19722457733622,2.00552585872967,91.6859571749247,1,0,"evening",1.94591014905531,6,"1"
4,7.5,3,6.8,22.9166666666667,1,1,19.46,8,-0.707106781186547,-0.99144486137381,0.0684390321811697,0.296727272727273,0.00298643049517831,1.6094379124341,2.05412373369555,47.0736688971897,1,1,"afternoon",0.693147180559945,1,"1"
3,8,0,2.46,10.0333333333333,1,1,3.07,4,-0.866025403784438,-1,1.06512495932233,0.245182724252492,0.106158633819501,1.38629436111989,1.24126858906963,12.4540615103319,1,0,"afternoon",0.693147180559945,1,"1"
8.14,0.5,6,3.38,20.5333333333333,1,1,3.12,7,0.258819045102521,0.382683432365089,1.44189569214776,0.16461038961039,0.0702221927994037,2.21266038546606,1.47704872438835,30.3287338074408,1,1,"night",0.693147180559945,1,"1"
5,18.5,2,5.36,23.2333333333333,6,1,5.8,7,-0.25881904510252,0.923879532511287,1.17128742476155,0.230703012912482,0.0504140928878717,1.79175946922805,1.85002837735203,42.9823259671454,1,1,"evening",1.94591014905531,6,"1"
5,18.5,4,3.82,20.8166666666667,6,1,3.41,6,-0.25881904510252,0.923879532511287,2.1911496850313,0.183506805444356,0.105259392395419,1.79175946922805,1.57277392806251,32.7399106025013,1,1,"evening",1.94591014905531,6,"1"
2,0,5,2.59,23.6,2,1,5.93,3,0,0.5,1.30732232041586,0.109745762711864,0.0553950135769431,1.09861228866811,1.27815220250019,30.1643919790044,1,0,"night",1.09861228866811,2,"1"
10.41,21.5,5,9.07,33.3333333333333,2,2,8.67,8,-0.965925826289068,0.923879532511287,7.64508113761048,0.2721,0.229352434128314,2.43449016387398,2.30956070673047,76.9853568910156,1,1,"night",1.09861228866811,4,"2"
10.14,18,2,6.27,36.6833333333333,12,2,11.51,9,3.67394039744206e-16,0.866025403784439,2.54975295319029,0.170922308041799,0.0695071227584815,2.41054223449914,1.98375629154543,72.7707932948581,1,1,"evening",2.56494935746154,24,"2"
5,20.5,6,4.94,21.9333333333333,6,1,7.02,8,-0.965925826289068,0.99144486137381,2.57699350086831,0.225227963525836,0.117492104902811,1.79175946922805,1.78170913337455,39.0788203253485,1,1,"evening",1.94591014905531,6,"1"
5,16,6,1.45,23.7166666666667,1,1,2.25,8,0.866025403784439,0.5,0.363644453560422,0.0611384399156711,0.015332865223911,1.79175946922805,0.896088024556636,21.2522209824016,1,1,"evening",0.693147180559945,1,"1"
6,17.5,5,3.44,26.0166666666667,12,1,6.32,9,0.258819045102521,0.793353340291235,1.07026006798133,0.132222934016656,0.0411374785899293,1.94591014905531,1.49065437644413,38.7818580271549,1,1,"evening",2.56494935746154,12,"1"
12.8,11.5,6,3.81,29.7,6,2,6.24,6,-0.258819045102522,-0.608761429008721,1.95508890802365,0.128282828282828,0.0658279093610658,2.62466859216316,1.57069708411767,46.6497033982948,1,1,"afternoon",1.94591014905531,12,"2"
