date,time,fare,tip,earnings,distance,duration,restaurant_address,points,deliveries_count,dropoff_latitude,dropoff_longitude,restaurant_latitude,restaurant_longitude,weekday,weekday_name,is_weekend,is_holiday,duration_min,speed_mph,part_of_day,earnings_per_mile,earnings_per_hour,tip_pct,driver_binary
2025-06-08,20.0,12.3,1.0,13.3,5.57,26m 24s,McDonald's (146 S Fairview Ave),12,1,34.40967543920838,-119.84433283463753,34.4368539,-119.8301947,6,Sunday,True,False,26.4,12.65909090909091,Evening,2.3877917414721725,30.22727272727273,0.075187969924812,0
2025-03-08,0.0,5.93,2.0,7.93,2.59,23 min 36 s,"McDonald's, Cliff Dr",2,1,34.4085594,-119.7008271,34.402100060532526,-119.72235496282632,5,Saturday,True,False,23.6,6.584745762711863,Night,3.0617760617760617,20.16101694915254,0.2522068095838587,1
2025-06-09,11.0,2.640000000000001,3.84,6.48,2.3,25m 18s,Su’s Bowl (Isla Vista),3,1,34.4146025,-119.84581,34.4129772,-119.857419,0,Monday,False,False,25.3,5.454545454545454,Lunch,2.8173913043478267,15.367588932806324,0.5925925925925926,0
2025-06-09,11.5,5.0,0.0,5.0,5.84,40m 50s,Kaiju Ramen and Curry (Isla Vista),6,2,34.4146025,-119.84581,34.4129239,-119.8573375,0,Monday,False,False,40.833333333333336,8.581224489795918,Lunch,0.8561643835616438,7.346938775510204,0.0,0
2025-03-09,1.0,2.6499999999999995,6.44,9.09,1.59,12 min 05 s,"Taco Bell, 821 N Milpas St",1,1,34.4226438,-119.6893009,34.4295465,-119.6900785,6,Sunday,True,False,12.083333333333334,7.895172413793103,Night,5.716981132075471,45.13655172413793,0.7084708470847085,1
2025-03-09,1.5,13.869999999999996,16.67,30.54,9.95,50 min 00 s,Jack in the Box (501 N Milpas St),3,3,34.4388515,-119.7268707,34.4262994,-119.6856795,6,Sunday,True,False,50.0,11.94,Night,3.069346733668342,36.648,0.5458415193189261,1
2025-04-01,7.5,4.08,3.0,7.08,6.47,15m 37s,McDonald's (3940 State St),1,1,34.4908062,-119.7956362,34.440895,-119.753051,1,Tuesday,False,False,15.616666666666667,24.858057630736393,Morning,1.0942812982998456,27.2017075773746,0.423728813559322,0
2025-08-01,0.5,3.4400000000000004,6.05,9.49,4.58,13 min 10 sec,McDonald's (29 N Milpas St),1,1,34.428047,-119.6686846,34.42374070774889,-119.67975739730134,4,Friday,False,False,13.166666666666666,20.870886075949368,Night,2.072052401746725,43.24556962025317,0.6375131717597471,1
2025-08-01,1.0,4.18,11.24,15.42,3.37,32 min 10 sec,"Taco Bell, 821 N Milpas St",2,2,34.4127903,-119.690689,34.4295465,-119.6900785,4,Friday,False,False,32.166666666666664,6.286010362694301,Night,4.57566765578635,28.762694300518135,0.728923476005188,1
2025-08-01,7.5,3.0199999999999996,6.99,10.01,2.04,13m 7s,Banda Burrito (3614 State St),1,1,34.4256715,-119.7637962,34.440811051331245,-119.7409175039498,4,Friday,False,False,13.116666666666667,9.33163913595934,Morning,4.906862745098039,45.789072426937736,0.6983016983016983,0
2025-08-01,8.5,4.379999999999999,15.0,19.38,5.43,23m 28s,Vons (3326),1,1,34.4469638,-119.7997762,34.43816605878102,-119.79012608785088,4,Friday,False,False,23.466666666666665,13.883522727272728,Morning,3.569060773480663,49.55113636363637,0.7739938080495357,0
2025-08-01,10.5,5.5,2.0,7.5,5.05,19m 54s,Super Cuca's (626 W Micheltorena St),3,1,34.4260186,-119.6810988,34.4193402,-119.7158748,4,Friday,False,False,19.9,15.226130653266331,Morning,1.4851485148514851,22.61306532663317,0.2666666666666666,0
2025-08-01,14.5,7.670000000000002,17.22,24.89,13.0,46m 31s,"Sally Beauty - Goleta, CA",2,2,34.4279799,-119.7211213,34.4406893,-119.8267996,4,Friday,False,False,46.516666666666666,16.768183446793266,Lunch,1.9146153846153848,32.10462199928342,0.6918441141020489,0
2025-08-01,19.0,2.3400000000000007,6.05,8.39,0.22,8m 18s,Corazon Cocina (Santa Barbara),6,1,34.4149116,-119.7134866,34.4234746,-119.7069745,4,Friday,False,False,8.3,1.5903614457831323,Evening,38.13636363636364,60.65060240963856,0.7210965435041715,0
2025-08-01,19.5,3.22,3.87,7.09,0.59,13m 36s,"Panda Express, 605 Paseo Nuevo",6,1,34.4217036,-119.7073816,34.4187049,-119.7001661,4,Friday,False,False,13.6,2.6029411764705883,Evening,12.016949152542374,31.279411764705884,0.5458392101551481,0
2025-08-01,19.5,9.150000000000002,20.11,29.26,10.12,45 min 3 sec,Chipotle Mexican Grill (3851 State St),18,3,34.4241684,-119.6416418,34.439698635958216,-119.74914917511413,4,Friday,False,False,45.05,13.478357380688124,Evening,2.8913043478260874,38.97003329633741,0.6872863978127135,1
2025-08-01,20.0,3.390000000000001,7.93,11.32,3.6,25m 14s,Los Arroyos - Santa Barbara,6,1,34.4400968,-119.6299482,34.4217114,-119.6413115,4,Friday,False,False,25.233333333333334,8.56010568031704,Evening,3.1444444444444444,26.91677675033025,0.700530035335689,0
2025-08-01,20.5,3.1999999999999993,4.36,7.56,1.5,20 min 16 sec,The Win-Dow (Santa Barbara),6,1,34.424974,-119.7027632,34.4175894,-119.6994583,4,Friday,False,False,20.266666666666666,4.440789473684211,Evening,5.04,22.381578947368418,0.5767195767195767,1
2025-08-01,21.0,5.589999999999998,13.65,19.24,11.94,38m 54s,Flavor of India,6,1,34.435102,-119.5818624,34.44082532974802,-119.729410919293,4,Friday,False,False,38.9,18.416452442159382,Evening,1.6113902847571189,29.676092544987146,0.7094594594594595,0
2025-07-01,0.0,4.2700000000000005,7.79,12.06,1.23,22m 10s,"Taco Bell, 821 N Milpas St",2,1,34.4215118,-119.6941699,34.4295465,-119.6900785,1,Tuesday,False,False,22.166666666666668,3.329323308270677,Night,9.804878048780488,32.64360902255639,0.6459369817578773,1
2025-07-01,10.0,2.55,3.88,6.43,3.25,21m 02s,Starbucks (888 Embarcadero del Norte),1,1,34.412469305188615,-119.86825297985683,34.4133556,-119.8551797,1,Tuesday,False,False,21.033333333333335,9.270998415213946,Morning,1.9784615384615385,18.342313787638663,0.6034214618973561,0
2025-07-01,12.0,3.5,10.79,14.29,4.26,36m 34s,Luna Grill - Santa Barbara,3,1,34.4507812,-119.7643075,34.4401289,-119.7523599,1,Tuesday,False,False,36.56666666666667,6.9899726526891515,Lunch,3.3544600938967135,23.447584320875112,0.755073477956613,1
2025-07-01,13.5,4.05,3.0,7.05,5.64,20m 49s,Chipotle Mexican Grill (3851 State St),3,1,34.4062031,-119.6946365,34.439698635958216,-119.74914917511413,1,Tuesday,False,False,20.816666666666663,16.25620496397118,Lunch,1.25,20.320256204963975,0.425531914893617,1
2025-07-01,21.0,7.02,2.22,9.24,17.27,45m 59s,Szechuan Restaurant (Cliff Dr),1,1,34.4284992,-119.8774035,34.4024127,-119.7235134,1,Tuesday,False,False,45.983333333333334,22.53425154041319,Evening,0.535031847133758,12.056542225444002,0.2402597402597402,0
2025-07-01,22.5,7.75,13.93,21.68,13.03,34m 28s,Super Cuca’s no3,2,2,34.424974,-119.7027632,34.412309,-119.854985,1,Tuesday,False,False,34.46666666666667,22.682785299806575,Night,1.6638526477359938,37.74081237911025,0.6425276752767528,0
2025-06-01,1.5,2.5900000000000007,5.79,8.38,1.18,21m 42s,"Taco Bell, 821 N Milpas St",1,1,34.4209307,-119.7024531,34.4295465,-119.6900785,6,Sunday,True,False,21.7,3.262672811059908,Night,7.101694915254238,23.1705069124424,0.6909307875894988,1
2025-06-01,1.5,4.74,3.34,8.08,2.43,24m 50s,"Taco Bell, 821 N Milpas St",1,1,34.4215118,-119.6941699,34.4295465,-119.6900785,6,Sunday,True,False,24.833333333333332,5.871140939597316,Night,3.325102880658436,19.522147651006712,0.4133663366336633,1
2025-06-01,2.0,3.1899999999999995,4.82,8.01,5.58,33m 34s,"Taco Bell, 821 N Milpas St",1,1,34.4217036,-119.7073816,34.4295465,-119.6900785,6,Sunday,True,False,33.56666666666667,9.974180734856006,Night,1.4354838709677418,14.317775571002976,0.6017478152309613,1
2025-06-01,3.0,3.17,4.0,7.17,1.63,28m 24s,Jack in the Box (501 N Milpas St),1,1,34.4315262,-119.7014581,34.4262994,-119.6856795,6,Sunday,True,False,28.4,3.4436619718309855,Night,4.398773006134969,15.147887323943662,0.5578800557880056,1
2025-06-01,7.5,4.050000000000001,7.0,11.05,5.01,19m 29s,IHOP (State St),1,1,34.4365191,-119.7429162,34.4279962,-119.7111691,6,Sunday,True,False,19.483333333333334,15.428571428571429,Morning,2.2055888223552897,34.02908468776732,0.6334841628959276,0
2025-06-01,8.5,4.0600000000000005,5.0,9.06,5.2,24m 47s,Starbucks (Hollister & Storke-Goleta),1,1,34.4306314,-119.8579762,34.42963227133667,-119.87246797090242,6,Sunday,True,False,24.783333333333335,12.589105581708138,Morning,1.7423076923076923,21.934095494283795,0.5518763796909492,0
2025-06-01,15.5,9.41,1.0,10.41,9.14,39m 56s,"Uniboil Phresh Teas Co. (Goleta), El Colegio Rd, Goleta",1,1,34.4358295,-119.8276389,34.435421,-119.820377,6,Sunday,True,False,39.93333333333333,13.732888146911522,Afternoon,1.1389496717724288,15.641068447412357,0.0960614793467819,0
2025-06-01,20.5,2.84,6.51,9.35,1.49,17m 59s,Chili’s Grill & Bar (6950 Marketplace Dr),6,1,34.418602629230854,-119.8692936743689,34.429857713333135,-119.87060291929336,6,Sunday,True,False,17.983333333333334,4.97126969416126,Evening,6.275167785234899,31.19555143651529,0.6962566844919786,1
2025-05-01,0.5,3.4599999999999995,3.6,7.06,4.28,18m 02s,Taco Bell (1840 Cliff Dr),1,1,34.4217832,-119.7268474,34.4018453,-119.7217806,3,Thursday,False,False,18.033333333333335,14.240295748613676,Night,1.6495327102803736,23.489833641404804,0.509915014164306,1
2025-05-01,7.0,6.56,1.0,7.56,2.69,25 min 25 sec,"Starbucks (State & Victoria, Santa Barbara)",1,1,34.4359554,-119.704894,34.42407225156649,-119.70583674302095,3,Thursday,False,False,25.416666666666668,6.350163934426229,Morning,2.8104089219330852,17.84655737704918,0.1322751322751323,0
2025-05-01,18.0,13.47,15.42,28.89,18.79,1 hr 0 min,St. Bibiana,12,2,34.42586574610503,-119.86969091756649,34.41828329545669,-119.69861404998004,3,Thursday,False,False,60.0,18.79,Evening,1.5375199574241618,28.89,0.5337487019730011,0
2025-09-01,0.5,3.990000000000001,6.06,10.05,4.49,17m 37s,McDonald's (29 N Milpas St),1,1,34.4011196,-119.7200647,34.4222683,-119.6802254,0,Monday,False,True,17.616666666666667,15.292336802270578,Night,2.2383073496659245,34.22894985808893,0.6029850746268656,1
2025-09-01,8.5,17.71,5.0,22.71,19.7,55m 52s,Albertsons (0354),2,1,34.4555956,-119.6994425,34.44249063680539,-119.82547960064971,0,Monday,False,True,55.86666666666667,21.157517899761334,Morning,1.152791878172589,24.39021479713604,0.2201673271686481,0
2025-09-01,10.0,3.22,4.34,7.56,2.97,12m 47s,The Patio Cafe,1,1,34.4418142,-119.7489223,34.4388272,-119.728855,0,Monday,False,True,12.783333333333331,13.9400260756193,Morning,2.545454545454545,35.48370273794003,0.5740740740740741,0
2025-09-01,11.0,2.16,3.0,5.16,1.39,13m 1s,Hummus Republic – Isla Vista,3,1,34.417430743473545,-119.85865276455183,34.4132955,-119.8559139,0,Monday,False,True,13.016666666666667,6.407170294494237,Lunch,3.7122302158273386,23.784891165172855,0.5813953488372093,0
2025-09-01,11.5,4.36,7.71,12.07,3.91,30m 5s,Hana Kitchen (Goleta),6,2,34.435435,-119.8580618,34.4132625,-119.856487,0,Monday,False,True,30.083333333333332,7.798337950138505,Lunch,3.0869565217391304,24.07313019390582,0.6387738193869097,0
2025-09-01,19.0,7.02,5.0,12.02,4.36,30m 22s,Nick the Greek (Santa Barbara),12,2,34.4011196,-119.7200647,34.4171204,-119.6957341,0,Monday,False,True,30.366666666666667,8.61470911086718,Evening,2.756880733944954,23.74972557628979,0.415973377703827,0
2025-09-01,20.0,3.0600000000000005,4.99,8.05,1.97,12m 37s,Indian Tandoori Kingdom Inc (W Gutierrez St),6,1,34.4221319,-119.702667,34.4223121,-119.7025417,0,Monday,False,True,12.616666666666667,9.368560105680316,Evening,4.086294416243655,38.282694848084546,0.6198757763975155,1
2025-09-01,20.0,6.300000000000001,10.73,17.03,2.57,21m 51s,Hana Kitchen - State Street,12,2,34.4211771,-119.5937541,34.4167916,-119.6958944,0,Monday,False,True,21.85,7.057208237986269,Evening,6.626459143968872,46.764302059496565,0.630064591896653,1
2025-09-01,20.5,3.1700000000000004,3.86,7.03,4.36,14m 38s,Taco Bell (5980 Hollister Ave),6,1,34.4263627,-119.8856178,34.4362939,-119.8304545,0,Monday,False,True,14.633333333333333,17.87699316628702,Evening,1.6123853211009174,28.8246013667426,0.5490753911806543,0
2025-04-10,7.5,2.41,3.0,5.41,1.85,13m 22s,"McDonald's, Cliff Dr",1,1,34.4031769,-119.703819,34.40277756928841,-119.7224755809584,3,Thursday,False,False,13.366666666666667,8.30423940149626,Morning,2.924324324324324,24.28428927680798,0.5545286506469501,0
2025-04-10,10.0,7.06,0.0,7.06,6.26,29m 27s,Panda Express (University Center Bldg 558),1,1,34.417430743473545,-119.85865276455183,34.41173583955495,-119.84744970395124,3,Thursday,False,False,29.45,12.753820033955856,Morning,1.1277955271565494,14.383701188455008,0.0,0
2025-04-10,11.0,4.460000000000001,4.0,8.46,1.9,27m 18s,Zocalo,6,2,34.41376080815238,-119.85642849723656,34.41304813774897,-119.85733879045844,3,Thursday,False,False,27.3,4.175824175824175,Lunch,4.452631578947369,18.593406593406595,0.4728132387706855,0
2025-04-10,13.0,7.6,7.89,15.49,13.06,37m 30s,Kyle’s Kitchen - Calle Real,6,2,34.4222054,-119.6874234,34.4409167,-119.8240939,3,Thursday,False,False,37.5,20.896,Lunch,1.186064318529862,24.784,0.5093608779857972,0
2025-04-10,19.0,6.5600000000000005,13.51,20.07,7.07,26m 21s,Bruxie (Santa Barbara),12,2,34.4400968,-119.6299482,34.4192199,-119.6999292,3,Thursday,False,False,26.35,16.098671726755217,Evening,2.8387553041018387,45.70018975332068,0.6731439960139511,0
2025-04-10,20.0,3.0299999999999994,8.76,11.79,1.65,16m 37s,"Panda Express, 605 Paseo Nuevo",6,1,34.4252023,-119.7147203,34.4187049,-119.7001661,3,Thursday,False,False,16.616666666666667,5.957873620862587,Evening,7.1454545454545455,42.57171514543631,0.7430025445292622,1
2025-04-10,21.0,3.96,4.12,8.08,4.52,24m 20s,"Taco Bell, 821 N Milpas St",1,1,34.4493705,-119.7173299,34.4295465,-119.6900785,3,Thursday,False,False,24.333333333333332,11.145205479452054,Evening,1.7876106194690269,19.923287671232877,0.5099009900990099,1
2025-04-10,22.0,7.250000000000002,11.85,19.1,5.5,42m 07s,"Taco Bell, 821 N Milpas St",2,2,34.4297268,-119.599877,34.4295465,-119.6900785,3,Thursday,False,False,42.11666666666667,7.835377918480411,Night,3.472727272727273,27.210130589631977,0.6204188481675392,1
2025-08-10,6.5,3.21,3.0,6.21,8.66,26m 07s,Starbucks (Five Points Center),1,1,34.4402041,-119.7836422,34.43911270835084,-119.75283467693296,6,Sunday,True,False,26.116666666666667,19.895341416719848,Morning,0.7170900692840646,14.266751754945757,0.4830917874396135,0
2025-08-10,9.0,10.06,2.0,12.06,13.73,41m 22s,Cajé,1,1,34.4331106,-119.7100105,34.425317675129044,-119.7066449776383,6,Sunday,True,False,41.36666666666667,19.914585012087027,Morning,0.8783685360524399,17.492344883158744,0.165837479270315,0
2025-08-10,12.0,4.23,9.99,14.22,5.83,22m 30s,"Taco Bell, 821 N Milpas St",3,2,34.4010963,-119.7304916,34.4295465,-119.6900785,6,Sunday,True,False,22.5,15.546666666666669,Lunch,2.4391080617495713,37.92,0.7025316455696202,0
2025-08-10,18.5,5.770000000000003,37.73,43.5,3.21,39 min 29 sec,Sachi Ramen (Santa Barbara),18,3,34.4231777,-119.6610121,34.4179964,-119.7000379,6,Sunday,True,False,39.483333333333334,4.878007598142676,Evening,13.551401869158878,66.10384128324186,0.8673563218390804,1
2025-08-10,19.5,11.06,22.2,33.26,9.86,42 min 13 sec,Poke House (Santa Barbara),12,3,34.4392804,-119.6295856,34.4196536,-119.7001077,6,Sunday,True,False,42.21666666666667,14.013422818791945,Evening,3.3732251521298173,47.27043031977891,0.6674684305472038,1
2025-08-10,20.5,7.02,5.0,12.02,4.94,21 min 56 sec,Uncle Rocco’s Famous New York Pizza (437 State St),6,1,34.4403683,-119.7302801,34.416613,-119.695486,6,Sunday,True,False,21.933333333333337,13.513677811550153,Evening,2.433198380566801,32.88145896656534,0.415973377703827,1
2025-07-10,0.0,2.55,4.0,6.55,1.72,20m 43s,"Taco Bell, 821 N Milpas St",1,1,34.4256257,-119.7088716,34.4295465,-119.6900785,3,Thursday,False,False,20.716666666666665,4.981496379726469,Night,3.808139534883721,18.970233306516494,0.6106870229007634,1
2025-07-10,12.0,6.01,2.0,8.01,3.07,15m 41s,BEST BBQ,3,1,34.4399304,-119.721851,34.419127,-119.6984324,3,Thursday,False,False,15.683333333333334,11.744952178533474,Lunch,2.6091205211726387,30.643995749202976,0.2496878901373283,1
2025-07-10,19.5,2.49,9.81,12.3,1.07,12m 11s,Saigon Vietnamese Restaurant,6,1,34.4113252,-119.6932087,34.41801199900006,-119.70004461545196,3,Thursday,False,False,12.183333333333334,5.269493844049247,Evening,11.495327102803738,60.57455540355677,0.7975609756097561,1
2025-07-10,19.5,3.17,11.17,14.34,1.71,11m 15s,Asie Dumpling House (Santa Barbara),6,1,34.424974,-119.7027632,34.416844,-119.696258,3,Thursday,False,False,11.25,9.12,Evening,8.385964912280702,76.48,0.7789400278940027,1
2025-07-10,20.0,3.01,4.0,7.01,2.19,22m 33s,The Win-Dow (Santa Barbara),6,1,34.4279799,-119.7211213,34.4175894,-119.6994583,3,Thursday,False,False,22.55,5.827050997782704,Evening,3.200913242009132,18.651884700665185,0.5706134094151213,1
2025-07-10,21.5,13.250000000000002,7.85,21.1,8.69,42m 48s,SB Liquor and Crafts,3,2,34.4233907,-119.671102,34.4178635,-119.6946673,3,Thursday,False,False,42.8,12.182242990654206,Evening,2.428078250863061,29.579439252336453,0.3720379146919431,0
2025-07-10,22.0,2.51,4.51,7.02,2.47,11m 10s,"Taco Bell, 821 N Milpas St",1,1,34.424974,-119.7027632,34.4295465,-119.6900785,3,Thursday,False,False,11.166666666666666,13.27164179104478,Night,2.8421052631578942,37.71940298507463,0.6424501424501424,1
2025-06-10,8.5,5.45,4.69,10.14,4.69,14m 49s,Spudnuts Donuts,1,1,34.4284992,-119.8774035,34.41522297202897,-119.85615521855476,1,Tuesday,False,False,14.816666666666666,18.99212598425197,Morning,2.162046908315565,41.06186726659168,0.4625246548323471,0
2025-06-10,9.0,2.53,3.14,5.67,1.71,12m 30s,Starbucks (888 Embarcadero del Norte),1,1,34.412469305188615,-119.86825297985683,34.4133556,-119.8551797,1,Tuesday,False,False,12.5,8.208,Morning,3.3157894736842106,27.216,0.5537918871252205,0
2025-06-10,11.0,5.57,1.5,7.07,4.23,25m 13s,McDonald's (146 S Fairview Ave),3,1,34.40967543920838,-119.84433283463753,34.4368539,-119.8301947,1,Tuesday,False,False,25.216666666666665,10.064771976206217,Lunch,1.6713947990543734,16.822207534699274,0.2121640735502121,0
2025-06-10,11.5,5.01,1.0,6.01,4.05,28m 09s,Panda Express (131 N Fairview Ave),3,1,34.4320597,-119.8741797,34.4416296,-119.8327241,1,Tuesday,False,False,28.15,8.632326820603907,Lunch,1.4839506172839507,12.809946714031971,0.1663893510815308,0
2025-06-10,18.5,3.49,5.59,9.08,2.91,24m 21s,7‑Eleven (Montecito St),6,1,34.4187276,-119.7237773,34.41226742768558,-119.6977621609164,1,Tuesday,False,False,24.35,7.170431211498973,Evening,3.120274914089347,22.37371663244353,0.6156387665198237,1
2025-06-10,19.0,6.06,0.0,6.06,1.66,13m 50s,Bruxie (Santa Barbara),6,1,34.4267969,-119.714442,34.4192199,-119.6999292,1,Tuesday,False,False,13.833333333333334,7.199999999999999,Evening,3.6506024096385543,26.284337349397585,0.0,1
2025-06-10,20.5,5.02,0.0,5.02,3.93,22m 02s,"Wingstop, 3849 State St #163",6,1,34.4265681,-119.7101531,34.4394324768876,-119.749171197512,1,Tuesday,False,False,22.033333333333335,10.70196671709531,Evening,1.2773536895674298,13.67019667170953,0.0,1
2025-06-10,22.5,3.04,3.0,6.04,1.06,9m 52s,McDonald's (29 N Milpas St),1,1,34.4260186,-119.6810988,34.4222683,-119.6802254,1,Tuesday,False,False,9.866666666666667,6.4459459459459465,Night,5.69811320754717,36.729729729729726,0.4966887417218543,1
2025-06-10,22.5,2.7600000000000007,6.29,9.05,1.92,21m 41s,"Taco Bell, 821 N Milpas St",1,1,34.424078,-119.669489,34.4295465,-119.6900785,1,Tuesday,False,False,21.683333333333337,5.31283627978478,Night,4.713541666666667,25.04227517294389,0.6950276243093922,1
2025-06-10,23.0,3.5500000000000007,5.84,9.39,1.97,12m 57s,Jack in the Box (501 N Milpas St),1,1,34.4209307,-119.7024531,34.4262994,-119.6856795,1,Tuesday,False,False,12.95,9.127413127413128,Night,4.766497461928934,43.505791505791514,0.6219382321618743,1
2025-03-10,1.0,5.750000000000001,2.3,8.05,2.28,8 min 18 s,7‑Eleven (Montecito St),1,1,34.4085594,-119.7008271,34.410811253670914,-119.69700129542034,0,Monday,False,False,8.3,16.481927710843372,Night,3.5307017543859653,58.19277108433735,0.2857142857142856,1
2025-03-10,2.0,8.23,5.82,14.05,6.23,26 min 01 s,McDonald's (3940 State St),1,1,34.4477564,-119.7601859,34.44129325868341,-119.75329320130238,0,Monday,False,False,26.016666666666666,14.367713004484306,Night,2.2552166934189404,32.40230621396541,0.4142348754448398,1
2025-03-10,21.5,3.1599999999999997,3.89,7.05,5.07,21 min 19 s,Taco Bell (1840 Cliff Dr),1,1,34.4381388,-119.7437195,34.4018453,-119.7217806,0,Monday,False,False,21.316666666666663,14.270523846755282,Evening,1.3905325443786982,19.84362783424551,0.5517730496453901,1
2025-05-10,8.0,4.07,8.01,12.08,3.42,14 min 7 sec,Starbucks (Montecito),1,1,34.4181263,-119.6715671,34.42171,-119.65018,5,Saturday,True,False,14.116666666666667,14.536009445100351,Morning,3.5321637426900585,51.34356552538371,0.6630794701986755,0
2025-05-10,8.5,6.289999999999999,7.08,13.37,6.58,41 min 19 sec,Santa Barbara Roasting Company,2,2,34.4430395,-119.7584313,34.4151156,-119.6943257,5,Saturday,True,False,41.31666666666667,9.555465913674867,Morning,2.0319148936170213,19.41589350544574,0.5295437546746448,0
2025-05-10,19.5,2.2700000000000005,6.81,9.08,1.31,25 min 54 sec,Su’s Bowl (Isla Vista),6,1,34.4146025,-119.84581,34.4129772,-119.857419,5,Saturday,True,False,25.9,3.034749034749035,Evening,6.931297709923664,21.034749034749037,0.75,0
2025-05-10,20.0,2.04,4.0,6.04,0.42,18m 01s,Taqueria La Unica,6,1,34.4403683,-119.7302801,34.4401724,-119.7458228,5,Saturday,True,False,18.016666666666666,1.3987049028677152,Evening,14.38095238095238,20.11470860314524,0.6622516556291391,1
2025-05-10,20.5,16.65,10.05,26.7,5.42,25m 37s,Taco Bell (5980 Hollister Ave),12,2,34.417430743473545,-119.85865276455183,34.4362939,-119.8304545,5,Saturday,True,False,25.616666666666667,12.694860117111254,Evening,4.92619926199262,62.537410540013006,0.3764044943820225,0
2025-09-10,11.0,5.04,0.0,5.04,3.55,14m 46s,Subway (6831 Hollister Ave Ste J),0,1,34.43376110083814,-119.89789477511442,34.429467,-119.8670702,2,Wednesday,False,False,14.766666666666667,14.424379232505643,Lunch,1.419718309859155,20.478555304740407,0.0,0
2025-09-10,12.0,3.0599999999999996,4.53,7.59,2.58,18m 51s,Luna Grill - Santa Barbara,0,1,34.4320903,-119.7827147,34.4401289,-119.7523599,2,Wednesday,False,False,18.85,8.212201591511935,Lunch,2.941860465116279,24.15915119363395,0.5968379446640316,0
2025-09-10,18.0,9.09,5.0,14.09,12.11,30m 27s,Taco Bell (1840 Cliff Dr),6,1,34.4490182,-119.8111496,34.4018453,-119.7217806,2,Wednesday,False,False,30.45,23.86206896551724,Evening,1.1635012386457473,27.76354679802956,0.35486160397445,1
2025-09-10,19.0,3.09,4.0,7.09,4.44,20m 20s,Luna Grill - Santa Barbara,6,1,34.4113252,-119.6932087,34.4401289,-119.7523599,2,Wednesday,False,False,20.333333333333332,13.101639344262296,Evening,1.5968468468468466,20.921311475409837,0.5641748942172073,1
2025-09-10,20.5,5.010000000000002,12.34,17.35,2.98,33m 50s,CVS (222 West Carrillo St),6,1,34.414603,-119.6898905,34.4190104,-119.7052095,2,Wednesday,False,False,33.833333333333336,5.284729064039409,Evening,5.822147651006712,30.768472906403943,0.7112391930835734,1
2025-09-10,21.0,5.07,3.0,8.07,13.24,36m 5s,Chipotle Mexican Grill (270 Storke Rd Ste F),0,1,34.4220828,-119.6795356,34.4291769,-119.8694057,2,Wednesday,False,False,36.083333333333336,22.01570438799076,Evening,0.6095166163141994,13.4189376443418,0.3717472118959107,0
2025-09-10,23.0,6.09,2.0,8.09,2.52,13m 12s,Hana Kitchen - State Street,1,1,34.4270827,-119.6992472,34.4168496,-119.6958222,2,Wednesday,False,False,13.2,11.454545454545457,Night,3.2103174603174605,36.77272727272727,0.2472187886279357,1
2025-09-10,0.0,4.779999999999999,9.25,14.03,3.83,25m 10s,"Taco Bell, 821 N Milpas St",2,1,34.4279799,-119.7211213,34.4295465,-119.6900785,2,Wednesday,False,False,25.166666666666668,9.13112582781457,Night,3.6631853785900783,33.449006622516556,0.6593014967925873,1
2025-04-11,10.5,4.52,4.0,8.52,2.09,24m 12s,Cajé,2,2,34.41354471709212,-119.85871043763863,34.425317675129044,-119.7066449776383,4,Friday,False,False,24.2,5.181818181818182,Morning,4.076555023923445,21.12396694214876,0.4694835680751174,0
2025-04-11,14.5,3.08,2.0,5.08,1.29,12m 42s,7-Eleven (5810 Hollister),1,1,34.4375034,-119.8174529,34.4361697,-119.8269452,4,Friday,False,False,12.7,6.094488188976379,Lunch,3.937984496124031,24.000000000000004,0.3937007874015747,1
2025-04-11,18.5,10.05,14.0,24.05,19.81,47m 32s,Vons:3329,12,2,34.4260186,-119.6810988,34.40306188258483,-119.72368951303754,4,Friday,False,False,47.53333333333333,25.005610098176717,Evening,1.214033316506815,30.357643758765786,0.5821205821205822,0
2025-04-11,19.0,3.049999999999999,10.14,13.19,4.31,11m 59s,Luna Grill - Santa Barbara,6,1,34.4391992,-119.8509255,34.4401289,-119.7523599,4,Friday,False,False,11.983333333333333,21.57997218358831,Evening,3.060324825986079,66.04172461752434,0.7687642153146323,1
2025-04-11,19.5,2.37,7.11,9.48,1.41,7m 44s,China Palace,6,1,34.4214132,-119.6398725,34.42186627540789,-119.6496213058011,4,Friday,False,False,7.733333333333333,10.939655172413794,Evening,6.723404255319149,73.55172413793105,0.75,1
2025-04-11,20.0,3.28,3.32,6.6,2.24,12m 44s,Jack in the Box (3747 State St),6,1,34.4279799,-119.7211213,34.4401877,-119.7441611,4,Friday,False,False,12.733333333333333,10.554973821989533,Evening,2.946428571428571,31.09947643979058,0.503030303030303,0
2025-04-11,21.5,3.0199999999999996,8.4,11.42,4.2,21m 2s,Little Caesars (21 N Milpas St),1,1,34.4313392,-119.7050663,34.421832,-119.679684,4,Friday,False,False,21.033333333333335,11.980982567353408,Evening,2.7190476190476187,32.57686212361331,0.7355516637478109,0
2025-08-11,7.5,3.04,4.0,7.04,1.51,8m 08s,Santa Barbara Roasting Company,1,1,34.4252023,-119.7147203,34.4151156,-119.6943257,0,Monday,False,False,8.133333333333333,11.139344262295085,Morning,4.662251655629139,51.934426229508205,0.5681818181818182,0
2025-08-11,8.0,5.220000000000001,9.0,14.22,2.58,21m 04s,Starbucks (Hollister & Storke-Goleta),2,1,34.4302899,-119.8601508,34.42963227133667,-119.87246797090242,0,Monday,False,False,21.066666666666663,7.348101265822787,Morning,5.511627906976744,40.50000000000001,0.6329113924050632,0
2025-08-11,9.5,3.049999999999999,9.99,13.04,2.26,15m 13s,"Crushcakes & Cafe, E Arrellaga St",1,1,34.4347678,-119.7920835,34.4353401,-119.812357,0,Monday,False,False,15.216666666666669,8.911281489594742,Morning,5.769911504424779,51.41730558598028,0.7661042944785277,0
2025-08-11,17.0,2.390000000000001,7.1,9.49,1.13,11 min 32 sec,Mesa Burger (315 Meigs Road),6,1,34.4045375,-119.7112893,34.4009025,-119.7225921,0,Monday,False,False,11.533333333333331,5.878612716763007,Afternoon,8.398230088495577,49.3699421965318,0.7481559536354057,1
2025-08-11,20.5,3.4800000000000004,5.0,8.48,2.07,25 min 36 sec,Nick the Greek (Santa Barbara),6,1,34.422518860893874,-119.67210506261556,34.4171204,-119.6957341,0,Monday,False,False,25.6,4.851562499999999,Evening,4.096618357487923,19.875,0.5896226415094339,1
2025-08-11,21.0,3.54,7.72,11.26,4.37,20 min 39 sec,"Taco Bell, 821 N Milpas St",6,1,34.4366449,-119.6368237,34.4295465,-119.6900785,0,Monday,False,False,20.65,12.697336561743343,Evening,2.5766590389016018,32.71670702179177,0.6856127886323268,1
2025-07-11,20.5,3.0299999999999994,7.0,10.03,1.63,14m 09s,The Win-Dow (Santa Barbara),6,1,34.4403683,-119.7302801,34.4175894,-119.6994583,4,Friday,False,False,14.15,6.911660777385158,Evening,6.153374233128835,42.53003533568904,0.6979062811565304,1
2025-07-11,21.0,17.150000000000002,15.23,32.38,12.38,39m 31s,Asie Dumpling House (Santa Barbara),12,2,34.4227998,-119.6522982,34.416844,-119.696258,4,Friday,False,False,39.516666666666666,18.797132011809364,Evening,2.615508885298869,49.1640657950232,0.4703520691785052,1
2025-07-11,22.0,4.020000000000001,10.86,14.88,3.97,22m 18s,Chipotle Mexican Grill (3851 State St),1,1,34.424974,-119.7027632,34.439698635958216,-119.74914917511413,4,Friday,False,False,22.3,10.681614349775783,Night,3.748110831234257,40.035874439461885,0.7298387096774193,1
2025-07-11,23.5,3.4899999999999984,11.05,14.54,2.06,9m 56s,"Taco Bell, 821 N Milpas St",1,1,34.4403683,-119.7302801,34.4295465,-119.6900785,4,Friday,False,False,9.933333333333334,12.442953020134228,Night,7.058252427184465,87.82550335570468,0.7599724896836314,1
2025-06-11,8.0,2.54,1.5,4.04,1.53,13m 41s,Cajé,1,1,34.4146025,-119.84581,34.425317675129044,-119.7066449776383,2,Wednesday,False,False,13.683333333333334,6.708891595615103,Morning,2.6405228758169934,17.71498172959805,0.3712871287128713,0
2025-06-11,8.5,13.420000000000002,3.0,16.42,7.47,30m 54s,Albertsons (0354),1,1,34.42170722627843,-119.86434566162224,34.44249063680539,-119.82547960064971,2,Wednesday,False,False,30.9,14.50485436893204,Morning,2.198125836680054,31.88349514563107,0.1827040194884287,0
2025-06-11,9.5,10.03,6.04,16.07,19.06,51m 19s,Wendy's (5724 Hollister Ave),1,1,34.4145364,-119.6911071,34.4359505,-119.824232,2,Wednesday,False,False,51.31666666666667,22.285157518674893,Morning,0.8431269674711438,18.789217278337123,0.3758556316116988,0
2025-06-11,11.5,6.750000000000001,6.97,13.72,7.88,49m 05s,KFC (5697 Calle Real),6,2,34.4333709,-119.868483,34.4407896,-119.823381,2,Wednesday,False,False,49.083333333333336,9.632597623089982,Lunch,1.7411167512690355,16.771477079796263,0.5080174927113702,0
2025-06-11,12.5,20.05,5.05,25.1,21.49,1h 06m,Peet’s Coffee – Santa Barbara (1040),9,3,34.4202466,-119.710054,34.4402556,-119.7515615,2,Wednesday,False,False,6.0,214.9,Lunch,1.1679851093531877,251.0,0.2011952191235059,0
2025-06-11,17.5,8.01,4.0,12.01,13.04,45m 52s,"Jersey Mike’s (199 South Turnpike Road, Suite 102)",6,1,34.410031666777655,-119.86178711574163,34.436867,-119.7899229,2,Wednesday,False,False,45.86666666666667,17.05813953488372,Afternoon,0.9210122699386504,15.710755813953488,0.3330557868442964,0
2025-06-11,18.0,10.75,0.34,11.09,4.8,28m 17s,Gopuff Delivery,6,1,34.412941958748334,-119.86265480580153,34.440715206830504,-119.73035170394978,2,Wednesday,False,False,28.283333333333335,10.182675309369476,Evening,2.310416666666667,23.52622274602239,0.0306582506762849,0
2025-06-11,18.0,2.8,4.24,7.04,1.35,15m 55s,7‑Eleven (Montecito St),6,1,34.4403683,-119.7302801,34.41226742768558,-119.6977621609164,2,Wednesday,False,False,15.916666666666666,5.0890052356020945,Evening,5.214814814814814,26.53821989528796,0.6022727272727273,1
2025-06-11,18.5,6.379999999999999,17.94,24.32,10.33,35m 36s,Kyoto Japanese Restaurant,12,3,34.4520359,-119.8323309,34.44066623137493,-119.73383312633293,2,Wednesday,False,False,35.6,17.41011235955056,Evening,2.3543078412391094,40.98876404494382,0.7376644736842106,1
2025-06-11,19.5,3.08,9.63,12.71,2.52,15m 40s,Los Arroyos (Goleta),6,1,34.4335058,-119.7471141,34.4416881,-119.825346,2,Wednesday,False,False,15.666666666666666,9.651063829787232,Evening,5.043650793650794,48.67659574468085,0.7576711250983478,1
2025-06-11,19.5,3.42,1.0,4.42,1.93,22m 54s,Zocalo,6,1,34.414563931478845,-119.85694661990028,34.41304813774897,-119.85733879045844,2,Wednesday,False,False,22.9,5.056768558951965,Evening,2.290155440414508,11.580786026200874,0.2262443438914027,0
2025-03-11,1.0,3.2399999999999993,6.78,10.02,4.11,21 min 19 s,McDonald's (29 N Milpas St),1,1,34.4158583,-119.6767938,34.4222683,-119.6802254,1,Tuesday,False,False,21.316666666666663,11.568412822517596,Night,2.437956204379562,28.20328381548085,0.6766467065868264,1
2025-03-11,9.0,3.49,4.84,8.33,5.22,32m 07s,Starbucks (Five Points Center),1,1,34.4260668,-119.7401955,34.43911270835084,-119.75283467693296,1,Tuesday,False,False,32.11666666666667,9.7519460300986,Morning,1.595785440613027,15.562013492475351,0.581032412965186,0
2025-03-11,11.5,4.08,0.0,4.08,7.22,37m 18s,Nothing Bundt Cakes (Santa Barbara-Goleta),3,1,34.4418142,-119.7489223,34.442132307258994,-119.82547332569555,1,Tuesday,False,False,37.3,11.613941018766758,Lunch,0.5650969529085873,6.563002680965148,0.0,0
2025-03-11,12.5,3.0599999999999996,3.0,6.06,1.63,12m 30s,McDonald's (3940 State St),3,1,34.4359068,-119.7451944,34.4413310771689,-119.75288234257756,1,Tuesday,False,False,12.5,7.823999999999999,Lunch,3.7177914110429446,29.087999999999997,0.4950495049504951,0
2025-05-11,7.5,4.029999999999999,10.14,14.17,9.2,34m 23s,Bloom Haus by Ralphs,1,1,34.4509558,-119.8070742,34.43615599272794,-119.80412465357024,6,Sunday,True,False,34.38333333333333,16.054289869122638,Morning,1.540217391304348,24.727096461463887,0.7155963302752294,0
2025-05-11,18.5,3.09,4.0,7.09,2.96,14m 17s,Chipotle Mexican Grill (3851 State St),6,1,34.4477564,-119.7601859,34.439698635958216,-119.74914917511413,6,Sunday,True,False,14.283333333333331,12.4340723453909,Evening,2.39527027027027,29.782963827304556,0.5641748942172073,1
2025-09-11,7.0,12.07,7.01,19.08,9.76,31m 38s,7‑Eleven (Montecito St),0,1,34.4384679,-119.6066926,34.41226742768558,-119.6977621609164,3,Thursday,False,False,31.633333333333333,18.512118018967332,Morning,1.9549180327868851,36.18967334035827,0.3674004192872118,0
2025-09-11,8.0,7.9,4.11,12.01,5.42,17m 35s,Starbucks (Five Points Center),0,1,34.4401788,-119.7601391,34.43911270835084,-119.75283467693296,3,Thursday,False,False,17.583333333333332,18.49478672985782,Morning,2.215867158671587,40.98199052132702,0.3422148209825146,0
2025-09-11,8.0,7.5,0.0,7.5,5.36,23m 23s,McDonald's (3940 State St),0,1,34.413398,-119.6968314,34.440895,-119.753051,3,Thursday,False,False,23.383333333333333,13.75338560228083,Morning,1.3992537313432836,19.24447612259444,0.0,0
2025-09-11,11.5,3.5700000000000003,7.0,10.57,6.0,31m 55s,Luna Grill - Santa Barbara,0,1,34.3968567,-119.7267368,34.4401289,-119.7523599,3,Thursday,False,False,31.916666666666668,11.279373368146214,Lunch,1.7616666666666667,19.870496083550915,0.662251655629139,0
2025-09-11,12.5,2.47,7.63,10.1,0.92,6m 18s,Sushi Teri (1013 Bath Street),0,1,34.4201485,-119.7009996,34.4185869,-119.7058751,3,Thursday,False,False,6.3,8.761904761904763,Lunch,10.978260869565217,96.1904761904762,0.7554455445544555,0
2025-09-11,19.0,15.529999999999998,16.77,32.3,12.19,58m 0s,L'Antica Pizzeria Da Michele Santa Barbara,0,3,34.4276687,-119.7963832,34.42217,-119.7031019,3,Thursday,False,False,58.0,12.610344827586207,Evening,2.6497128794093516,33.41379310344827,0.5191950464396285,0
2025-09-11,20.0,4.96,5.11,10.07,4.45,32m 05s,7‑Eleven (Montecito St),12,1,34.423928,-119.6743966,34.41226742768558,-119.6977621609164,3,Thursday,False,False,32.083333333333336,8.322077922077922,Evening,2.262921348314607,18.832207792207793,0.5074478649453823,1
2025-09-11,20.5,15.5,2.0,17.5,9.64,37m 35s,Vons (3326),0,1,34.417430743473545,-119.85865276455183,34.43816605878102,-119.79012608785088,3,Thursday,False,False,37.583333333333336,15.38980044345898,Evening,1.8153526970954357,27.93791574279379,0.1142857142857142,0
2025-09-11,21.0,9.66,5.0,14.66,4.6,25m 56s,"Taco Bell, 821 N Milpas St",2,2,34.4254937,-119.6635159,34.4295465,-119.6900785,3,Thursday,False,False,25.933333333333337,10.642673521850895,Evening,3.186956521739131,33.91773778920308,0.3410641200545702,1
2025-09-11,22.5,8.399999999999999,14.89,23.29,4.42,23m 28s,Jack in the Box (501 N Milpas St),2,2,34.4252023,-119.7147203,34.4262994,-119.6856795,3,Thursday,False,False,23.466666666666665,11.301136363636363,Night,5.269230769230769,59.54829545454546,0.639330184628596,1
2025-09-11,23.5,8.41,0.0,8.41,4.92,26m 04s,"Taco Bell, 821 N Milpas St",1,1,34.4202466,-119.710054,34.4295465,-119.6900785,3,Thursday,False,False,26.066666666666663,11.324808184143224,Night,1.709349593495935,19.358056265984654,0.0,1
2025-04-12,11.0,8.889999999999999,1.15,10.04,11.03,29m 44s,"Baskin‑Robbins, 3611 1/2 State St",3,1,34.40967543920838,-119.84433283463753,34.4400725,-119.7408156,5,Saturday,True,False,29.733333333333334,22.257847533632283,Lunch,0.9102447869446962,20.260089686098652,0.1145418326693227,0
2025-04-12,16.0,7.029999999999999,5.0,12.03,5.59,28m 15s,St. Bibiana,1,1,34.4513182,-119.7426961,34.41828329545669,-119.69861404998004,5,Saturday,True,False,28.25,11.872566371681415,Afternoon,2.152057245080501,25.550442477876107,0.4156275976724854,1
2025-04-12,16.5,4.43,2.0,6.43,3.44,17m 43s,"Wingstop, 3849 State St #163",6,1,34.4215118,-119.6941699,34.43951324301522,-119.74909193080344,5,Saturday,True,False,17.716666666666665,11.650047036688616,Afternoon,1.869186046511628,21.776105362182506,0.3110419906687403,1
2025-04-12,17.0,13.91,14.11,28.02,7.88,31m 03s,Corazon Cocina (Santa Barbara),6,1,34.4254266,-119.6140326,34.4234746,-119.7069745,5,Saturday,True,False,31.05,15.227053140096618,Afternoon,3.5558375634517767,54.14492753623189,0.5035688793718772,1
2025-04-12,18.0,4.92,4.09,9.01,4.22,22m 34s,"Taco Bell, 821 N Milpas St",6,1,34.432788,-119.6358268,34.4295465,-119.6900785,5,Saturday,True,False,22.566666666666663,11.220088626292467,Evening,2.1350710900473935,23.95568685376662,0.4539400665926748,1
2025-04-12,18.5,4.619999999999999,6.0,10.62,0.87,16m 26s,Vons:3329,6,1,34.4059048,-119.7195461,34.40306188258483,-119.72368951303754,5,Saturday,True,False,16.433333333333334,3.176470588235294,Evening,12.206896551724135,38.77484787018255,0.5649717514124294,0
2025-04-12,20.0,3.47,6.21,9.68,5.62,26m 7s,McDonald's (6900 Market Place Drive),6,1,34.4347247,-119.8508645,34.4290307,-119.870121,5,Saturday,True,False,26.116666666666667,12.91129546904914,Evening,1.7224199288256228,22.2386726228462,0.6415289256198348,0
2025-08-12,11.0,3.700000000000003,60.0,63.7,2.77,26m 46s,California Pizza Kitchen (719 Paseo Nuevo),3,1,34.414603,-119.6898905,34.4189859772096,-119.70039951917866,1,Tuesday,False,False,26.766666666666666,6.209215442092155,Lunch,22.99638989169675,142.7895392278954,0.9419152276295132,0
2025-08-12,19.5,9.94,3.0,12.94,6.58,32m 02s,Cold Stone Creamery (5718 Calle Real),12,2,34.4297055,-119.8696173,34.441603,-119.8242842,1,Tuesday,False,False,32.03333333333333,12.324661810613945,Evening,1.966565349544073,24.2372528616025,0.231839258114374,0
2025-07-12,1.0,3.1800000000000006,7.06,10.24,3.82,23m 19s,McDonald's (29 N Milpas St),1,1,34.4084015,-119.6935198,34.42374070774889,-119.67975739730134,5,Saturday,True,False,23.316666666666663,9.82987848463188,Night,2.680628272251309,26.35025017869907,0.689453125,1
2025-07-12,12.0,6.699999999999999,7.0,13.7,10.92,28m 59s,Thai Bistro,6,2,34.417430743473545,-119.85865276455183,34.440842418961715,-119.7322697886068,5,Saturday,True,False,28.983333333333334,22.606095457159284,Lunch,1.2545787545787546,28.361127084531336,0.5109489051094891,0
2025-07-12,12.5,3.040000000000001,5.01,8.05,1.39,10m 29s,Sams To Go (6560 Pardall Rd),3,1,34.410942,-119.853391,34.4132623,-119.8567025,5,Saturday,True,False,10.483333333333333,7.955484896661368,Lunch,5.791366906474821,46.07313195548491,0.6223602484472048,0
2025-07-12,18.5,6.02,5.5,11.52,14.67,42m 26s,"Uniboil Phresh Teas Co. (Goleta), El Colegio Rd, Goleta",12,2,34.417430743473545,-119.85865276455183,34.435421,-119.820377,5,Saturday,True,False,42.43333333333333,20.743126472898663,Evening,0.7852760736196319,16.289080911233306,0.4774305555555556,0
2025-06-12,1.5,4.1499999999999995,5.88,10.03,4.85,25m 17s,Jack in the Box (501 N Milpas St),1,1,34.4403683,-119.7302801,34.4262994,-119.6856795,3,Thursday,False,False,25.283333333333335,11.50955833882663,Night,2.0680412371134023,23.802241265655898,0.5862412761714856,1
2025-06-12,2.5,3.0199999999999996,5.0,8.02,3.32,40m 13s,Banda Burrito (3614 State St),1,1,34.4282052,-119.7221634,34.440811051331245,-119.7409175039498,3,Thursday,False,False,40.21666666666667,4.953170327393286,Night,2.4156626506024095,11.965188561956069,0.6234413965087282,1
2025-06-12,8.5,8.48,4.0,12.48,7.76,28m 35s,Vons:3329,1,1,34.4418643,-119.7134855,34.40314595353998,-119.72389330095226,3,Thursday,False,False,28.583333333333332,16.28921282798834,Morning,1.6082474226804124,26.197084548104957,0.3205128205128205,0
2025-06-12,10.0,5.7299999999999995,4.3,10.03,12.54,1h 11m,Nothing Bundt Cakes (Santa Barbara-Goleta),3,1,34.410031666777655,-119.86178711574163,34.442132307258994,-119.82547332569555,3,Thursday,False,False,11.0,68.4,Morning,0.7998405103668261,54.70909090909091,0.4287138584247258,0
2025-06-12,12.0,9.47,10.28,19.75,4.97,40m 36s,Cajé,9,2,34.4146025,-119.84581,34.425317675129044,-119.7066449776383,3,Thursday,False,False,40.6,7.344827586206897,Lunch,3.9738430583501008,29.1871921182266,0.520506329113924,0
2025-06-12,19.0,4.1000000000000005,7.97,12.07,4.16,22m 12s,Broad Street Oyster Company (Santa Barbara),6,1,34.4501531,-119.7134276,34.41652699999999,-119.6945756,3,Thursday,False,False,22.2,11.243243243243244,Evening,2.9014423076923075,32.62162162162162,0.660314830157415,1
2025-06-12,20.0,5.579999999999998,11.66,17.24,8.19,28m 29s,Luna Grill - Santa Barbara,12,1,34.4222054,-119.6874234,34.4401289,-119.7523599,3,Thursday,False,False,28.483333333333334,17.252194265652427,Evening,2.105006105006105,36.31597425394968,0.6763341067285383,1
2025-06-12,20.0,3.1799999999999997,10.0,13.18,3.92,22m 11s,Super Cuca’s (2030 Cliff Dr),6,1,34.4149116,-119.7134866,34.4024978,-119.7244041,3,Thursday,False,False,22.183333333333337,10.602554470323064,Evening,3.3622448979591835,35.64838467317806,0.7587253414264037,0
2025-06-12,22.0,3.3200000000000003,5.0,8.32,7.16,28m 05s,McDonald's (29 N Milpas St),1,1,34.4361265,-119.6338543,34.4222683,-119.6802254,3,Thursday,False,False,28.083333333333332,15.2973293768546,Night,1.1620111731843576,17.77566765578635,0.6009615384615384,1
2025-03-12,0.5,14.18,1.0,15.18,8.45,41 min 22 s,Jack in the Box (501 N Milpas St),2,2,34.4081276,-119.7065475,34.4262994,-119.6856795,2,Wednesday,False,False,41.36666666666667,12.25624496373892,Night,1.796449704142012,22.017727639000807,0.0658761528326745,1
2025-03-12,1.0,8.07,7.0,15.07,5.45,21 min 47 s,7‑Eleven (Montecito St),2,2,34.414603,-119.6898905,34.414603,-119.6898905,2,Wednesday,False,False,21.783333333333335,15.011476664116296,Night,2.765137614678899,41.50879877582249,0.46449900464499,1
2025-03-12,2.0,8.6,3.0,11.6,8.73,20 min 53 s,Jack in the Box (501 N Milpas St),1,1,34.4432953,-119.7696806,34.4262994,-119.6856795,2,Wednesday,False,False,20.883333333333333,25.08220271348763,Night,1.3287514318442153,33.32801276935355,0.2586206896551724,1
2025-03-12,9.0,2.0,8.76,10.76,2.99,10m 14s,"Starbucks (1990 Cliff Drive, Santa Barbara)",1,1,34.4007027,-119.7296199,34.4023846,-119.7234177,2,Wednesday,False,False,10.233333333333333,17.53094462540717,Morning,3.5986622073578594,63.08794788273616,0.8141263940520446,0
2025-03-12,11.5,3.2399999999999993,5.45,8.69,3.71,24m 59s,Super Cuca’s no3,3,1,34.4246172,-119.8794837,34.412309,-119.854985,2,Wednesday,False,False,24.983333333333334,8.909939959973315,Lunch,2.3423180592991915,20.869913275517007,0.6271576524741083,0
2025-03-12,12.5,6.930000000000001,5.2,12.13,5.83,28m 33s,L&L Hawaiian Barbecue (7127 Hollister Ave),6,2,34.4316393,-119.8709695,34.4283741,-119.8765902,2,Wednesday,False,False,28.55,12.252189141856393,Lunch,2.0806174957118353,25.49211908931699,0.4286892003297609,0
2025-05-12,19.0,8.01,0.0,8.01,5.85,17m 57s,KFC (515 N Milpas St),6,1,34.4197648,-119.7162541,34.4265852,-119.6860595,0,Monday,False,False,17.95,19.55431754874652,Evening,1.3692307692307693,26.77437325905293,0.0,0
2025-05-12,19.5,7.770000000000003,24.93,32.7,17.58,46m 02s,Himalayan Kitchen (Santa Barbara),12,2,34.4302899,-119.8601508,34.4165003,-119.69537,0,Monday,False,False,46.03333333333333,22.913830557566985,Evening,1.860068259385666,42.621288921071695,0.7623853211009174,0
2025-05-12,21.0,2.75,4.25,7.0,1.32,15m 11s,Wingstop (888 Embarcadero del Norte),1,1,34.4297055,-119.8696173,34.4133272,-119.8551152,0,Monday,False,False,15.183333333333334,5.216245883644348,Evening,5.303030303030303,27.661909989023055,0.6071428571428571,0
2025-05-12,22.0,32.51,7.43,39.94,8.8,43m 41s,Wingstop (888 Embarcadero del Norte),2,2,34.4325261,-119.8735212,34.4133272,-119.8551152,0,Monday,False,False,43.68333333333333,12.086989698588328,Night,4.538636363636363,54.85845097291111,0.186029043565348,0
2025-09-12,7.5,3.03,2.0,5.03,2.19,23m 36s,Santa Barbara Roasting Company,0,1,34.4270827,-119.6992472,34.4151156,-119.6943257,4,Friday,False,False,23.6,5.5677966101694905,Morning,2.2968036529680367,12.78813559322034,0.3976143141153081,0
2025-04-13,9.0,4.07,7.0,11.07,3.23,22m 21s,Albertsons (0354),1,1,34.4263627,-119.8856178,34.44249063680539,-119.82547960064971,6,Sunday,True,False,22.35,8.671140939597315,Morning,3.4272445820433437,29.71812080536913,0.6323396567299007,0
2025-04-13,10.0,6.879999999999999,10.23,17.11,7.23,40m 45s,Zocalo,2,2,34.4302899,-119.8601508,34.41304813774897,-119.85733879045844,6,Sunday,True,False,40.75,10.645398773006136,Morning,2.366528354080221,25.192638036809814,0.597895967270602,0
2025-04-13,11.5,6.870000000000001,8.19,15.06,16.44,1h 15m,Su’s Bowl (Isla Vista),6,2,34.42625841853701,-119.73226045977174,34.4129772,-119.857419,6,Sunday,True,False,15.0,65.76,Lunch,0.916058394160584,60.24,0.5438247011952191,0
2025-04-13,18.5,20.26,6.34,26.6,12.52,49m 38s,Thai Bistro,12,2,34.414563931478845,-119.85694661990028,34.440842418961715,-119.7322697886068,6,Sunday,True,False,49.63333333333333,15.134989926124916,Evening,2.124600638977636,32.15580926796508,0.2383458646616541,1
2025-04-13,19.5,6.36,5.69,12.05,5.03,24m 30s,Chipotle Mexican Grill (3851 State St),6,1,34.4132387,-119.6924564,34.439698635958216,-119.74914917511413,6,Sunday,True,False,24.5,12.318367346938777,Evening,2.395626242544731,29.510204081632654,0.4721991701244813,1
2025-04-13,20.0,3.04,3.0,6.04,1.26,15m 49s,Nick the Greek (Santa Barbara),6,1,34.4085594,-119.7008271,34.4171204,-119.6957341,6,Sunday,True,False,15.816666666666666,4.77976817702845,Evening,4.7936507936507935,22.91253951527924,0.4966887417218543,1
2025-08-13,7.5,3.630000000000001,8.68,12.31,2.68,27m 06s,Chick-fil-A (3707 State St),1,1,34.4496182,-119.7598258,34.44029719326225,-119.7429107309353,2,Wednesday,False,False,27.1,5.9335793357933575,Morning,4.593283582089552,27.25461254612546,0.7051177904142972,0
2025-08-13,9.0,3.5700000000000003,5.0,8.57,5.87,16m 57s,Subway (6831 Hollister Ave Ste J),1,1,34.4611532,-119.7798802,34.429467,-119.8670702,2,Wednesday,False,False,16.95,20.778761061946906,Morning,1.4599659284497444,30.336283185840713,0.5834305717619603,0
2025-08-13,9.5,11.18,5.11,16.29,7.43,50m 40s,Cajé,2,1,34.4302899,-119.8601508,34.425317675129044,-119.7066449776383,2,Wednesday,False,False,50.666666666666664,8.798684210526316,Morning,2.1924629878869446,19.29078947368421,0.3136893799877225,0
2025-08-13,10.5,11.08,3.0,14.08,5.07,28m 26s,Little Caesars (109 S Fairview Ave),4,2,34.4232175,-119.7304239,34.437549,-119.831125,2,Wednesday,False,False,28.433333333333337,10.698710433763187,Morning,2.777120315581854,29.711606096131295,0.2130681818181818,0
2025-08-13,19.5,5.140000000000001,10.44,15.58,8.37,37m 12s,Hana Kitchen - State Street,12,2,34.4505848,-119.7361165,34.4168496,-119.6958222,2,Wednesday,False,False,37.2,13.499999999999998,Evening,1.861409796893668,25.129032258064516,0.6700898587933247,0
2025-07-13,0.5,3.119999999999999,8.14,11.26,3.38,20m 32s,McDonald's (29 N Milpas St),1,1,34.4132397,-119.7015861,34.42374070774889,-119.67975739730134,6,Sunday,True,False,20.533333333333335,9.876623376623376,Night,3.331360946745562,32.9025974025974,0.7229129662522203,1
2025-07-13,1.5,8.43,10.73,19.16,4.35,31m 47s,"Taco Bell, 821 N Milpas St",2,1,34.4451096,-119.7337075,34.4295465,-119.6900785,6,Sunday,True,False,31.783333333333335,8.21185107498689,Night,4.4045977011494255,36.1699003670687,0.5600208768267223,1
2025-07-13,2.5,3.0199999999999996,9.52,12.54,2.21,26m 12s,McDonald's (29 N Milpas St),1,1,34.4015435,-119.721509,34.4222683,-119.6802254,6,Sunday,True,False,26.2,5.061068702290076,Night,5.6742081447963795,28.717557251908396,0.759170653907496,1
2025-07-13,3.5,17.56,2.0,19.56,11.39,28m 25s,Banda Burrito (3614 State St),1,1,34.4448302,-119.8185414,34.440811051331245,-119.7409175039498,6,Sunday,True,False,28.416666666666668,24.04926686217009,Night,1.7172958735733097,41.29970674486803,0.1022494887525562,1
2025-07-13,3.5,10.57,4.04,14.61,11.45,28m 46s,McDonald's (29 N Milpas St),1,1,34.4011196,-119.7200647,34.4222683,-119.6802254,6,Sunday,True,False,28.766666666666666,23.88180764774044,Night,1.2759825327510916,30.472769409038236,0.2765229295003422,1
2025-07-13,18.5,2.37,5.22,7.59,2.08,21m 53s,Sachi Ramen (Santa Barbara),6,1,34.4172537,-119.7018411,34.4179964,-119.7000379,6,Sunday,True,False,21.883333333333333,5.702970297029703,Evening,3.649038461538461,20.81035795887281,0.6877470355731226,1
2025-07-13,19.0,4.06,2.0,6.06,3.15,26m 40s,Nick the Greek (Santa Barbara),6,1,34.4184543,-119.6697483,34.4171204,-119.6957341,6,Sunday,True,False,26.666666666666668,7.0874999999999995,Evening,1.9238095238095236,13.634999999999998,0.33003300330033,1
2025-07-13,21.0,9.75,11.32,21.07,4.09,25m 47s,"Wingstop, 3849 State St #163",8,1,34.4270827,-119.6992472,34.43947818939986,-119.79069758568194,6,Sunday,True,False,25.783333333333335,9.517776341305751,Evening,5.15158924205379,49.0316742081448,0.5372567631703844,1
2025-06-13,1.0,2.0,5.01,7.01,0.7,19m 39s,"Taco Bell, 821 N Milpas St",1,1,34.424974,-119.7027632,34.4295465,-119.6900785,4,Friday,False,False,19.65,2.137404580152672,Night,10.014285714285714,21.40458015267176,0.7146932952924394,1
2025-06-13,10.5,9.4,6.0,15.4,16.52,54m 43s,Albertsons (0354),6,2,34.4403683,-119.7302801,34.44249063680539,-119.82547960064971,4,Friday,False,False,54.71666666666667,18.115138592750533,Morning,0.9322033898305084,16.886993603411515,0.3896103896103896,0
2025-06-13,11.5,4.32,5.23,9.55,6.33,29m 59s,Rudy’s Restaurant,3,1,34.4398086,-119.6615897,34.42309814966597,-119.6982640466514,4,Friday,False,False,29.983333333333334,12.667037242912729,Lunch,1.5086887835703002,19.110617009449697,0.5476439790575917,0
2025-06-13,15.5,3.2699999999999996,5.07,8.34,1.57,22m 56s,Chick-fil-A (3707 State St),1,1,34.4403683,-119.7302801,34.44029719326225,-119.7429107309353,4,Friday,False,False,22.933333333333337,4.107558139534883,Afternoon,5.312101910828025,21.81976744186046,0.6079136690647482,1
2025-06-13,16.0,8.48,9.82,18.3,5.5,44m 38s,Chipotle Mexican Grill (3851 State St),2,2,34.4257134,-119.713349,34.439698635958216,-119.74914917511413,4,Friday,False,False,44.63333333333333,7.393577296489918,Afternoon,3.3272727272727276,24.600448095593727,0.5366120218579234,1
2025-06-13,18.0,6.020000000000001,14.6,20.62,4.96,43m 20s,"Wingstop, 3849 State St #163",12,3,34.4264238,-119.7034847,34.4394324768876,-119.749171197512,4,Friday,False,False,43.333333333333336,6.867692307692308,Evening,4.157258064516129,28.55076923076923,0.7080504364694471,1
2025-06-13,18.5,3.41,5.0,8.41,3.82,20m 49s,Chipotle Mexican Grill (3851 State St),6,1,34.4095297,-119.7608582,34.439698635958216,-119.74914917511413,4,Friday,False,False,20.816666666666663,11.01040832666133,Evening,2.201570680628272,24.240192153722983,0.5945303210463734,0
2025-06-13,19.0,2.6999999999999993,12.49,15.19,2.77,24m 44s,St. Bibiana,6,2,34.4063585,-119.7141052,34.41828329545669,-119.69861404998004,4,Friday,False,False,24.733333333333334,6.7196765498652296,Evening,5.483754512635379,36.84905660377358,0.8222514812376563,1
2025-06-13,19.5,3.3100000000000005,6.0,9.31,5.83,28m 19s,Taco Bell (5980 Hollister Ave),6,1,34.4364333,-119.8760032,34.4362939,-119.8304545,4,Friday,False,False,28.316666666666663,12.353148911124192,Evening,1.5969125214408233,19.726898175397295,0.6444683136412459,0
2025-03-13,9.5,6.24,5.0,11.24,14.38,47m 13s,"Hook & Press Donuts, E Mission St, Santa Barbara",1,1,34.42168487699799,-119.86221625977193,34.4229668,-119.7028071,3,Thursday,False,False,47.21666666666667,18.273208612777974,Morning,0.7816411682892906,14.283092128485704,0.4448398576512455,0
2025-05-13,8.0,3.1500000000000004,14.65,17.8,1.84,28m 02s,"Starbucks (State & Victoria, Santa Barbara)",1,1,34.4166005,-119.6900215,34.42407225156649,-119.70583674302095,1,Tuesday,False,False,28.033333333333335,3.938168846611177,Morning,9.673913043478262,38.0975029726516,0.8230337078651685,0
2025-05-13,10.0,2.9599999999999995,3.1,6.06,1.39,23m 14s,Cajé,1,1,33.4815038,-119.0296635,34.425317675129044,-119.7066449776383,1,Tuesday,False,False,23.233333333333334,3.589670014347202,Morning,4.359712230215828,15.64992826398852,0.5115511551155116,0
2025-05-13,11.5,3.870000000000005,28.72,32.59,3.05,24m 22s,Nick the Greek (Santa Barbara),3,2,34.4289143,-119.7236716,34.4171204,-119.6957341,1,Tuesday,False,False,24.366666666666667,7.510259917920656,Lunch,10.685245901639346,80.24897400820794,0.8812519177661858,0
2025-05-13,18.0,3.5700000000000003,4.48,8.05,3.6,13m 20s,Sachi Ramen (Santa Barbara),6,1,34.4260668,-119.7401955,34.4179964,-119.7000379,1,Tuesday,False,False,13.333333333333334,16.2,Evening,2.236111111111111,36.225,0.5565217391304348,0
2025-09-13,8.0,6.83,8.51,15.34,10.58,37m 5s,IHOP (State St),0,2,34.4405927,-119.8046658,34.4279962,-119.7111691,5,Saturday,True,False,37.083333333333336,17.11820224719101,Morning,1.449905482041588,24.81977528089887,0.5547588005215124,0
2025-09-13,9.0,9.63,13.37,23.0,7.09,45m 4s,Breakfast Beauties (6553 Pardall Rd),0,3,34.431483,-119.9037005,34.4129186,-119.8564074,5,Saturday,True,False,45.06666666666667,9.439349112426036,Morning,3.2440056417489425,30.621301775147927,0.581304347826087,0
2025-09-13,17.0,8.14,24.17,32.31,10.1,43m 00s,Los Arroyos - Santa Barbara,12,3,34.4294959,-119.6012308,34.4217114,-119.6413115,5,Saturday,True,False,43.0,14.093023255813954,Afternoon,3.199009900990099,45.08372093023256,0.748065614360879,1
2025-09-13,18.0,8.77,5.93,14.7,7.97,23m 03s,Asie Dumpling House (Santa Barbara),6,1,34.4370279,-119.8137234,34.416844,-119.696258,5,Saturday,True,False,23.05,20.746203904555315,Evening,1.8444165621079045,38.2646420824295,0.4034013605442177,1
2025-09-13,18.5,3.03,3.0,6.03,1.52,10m 09s,McDonald's (3940 State St),6,1,34.4496182,-119.7598258,34.440895,-119.753051,5,Saturday,True,False,10.15,8.985221674876847,Evening,3.9671052631578942,35.645320197044335,0.4975124378109452,1
2025-09-13,19.0,5.219999999999999,10.93,16.15,4.55,26m 29s,Mandarin Palace,12,2,34.4464822,-119.8013294,34.43908353739146,-119.75253219045725,5,Saturday,True,False,26.483333333333334,10.308370044052865,Evening,3.5494505494505493,36.58904971680302,0.676780185758514,1
2025-09-13,19.5,13.439999999999998,17.71,31.15,15.71,58m 08s,Via Maestra 42 (Santa Barbara),18,3,34.4218692,-119.5965247,34.4400076,-119.7366335,5,Saturday,True,False,58.13333333333333,16.214449541284406,Evening,1.9828134945894331,32.15022935779816,0.5685393258426967,1
2025-09-13,21.0,2.8499999999999996,3.7,6.55,1.4,12m 06s,McDonald's (29 N Milpas St),6,1,34.4260186,-119.6810988,34.4222641,-119.6802126,5,Saturday,True,False,12.1,6.9421487603305785,Evening,4.678571428571429,32.47933884297521,0.5648854961832062,1
2025-09-13,23.0,7.84,14.18,22.02,6.57,41m 46s,Jack in the Box (501 N Milpas St),2,2,34.4036384,-119.725294,34.4262994,-119.6856795,5,Saturday,True,False,41.766666666666666,9.438148443735036,Night,3.3515981735159817,31.632881085395052,0.6439600363306085,1
2025-09-13,0.0,3.13,4.96,8.09,4.31,14m 31s,Uncle Rocco’s Famous New York Pizza (437 State St),1,1,34.4313392,-119.7050663,34.416613,-119.695486,5,Saturday,True,False,14.516666666666667,17.814006888633752,Night,1.8770301624129933,33.43742824339839,0.6131025957972805,1
2025-04-14,7.5,7.08,0.0,7.08,6.21,22m 28s,7-Eleven (3430 State St),1,1,34.4403683,-119.7302801,34.440708,-119.737845,0,Monday,False,False,22.466666666666665,16.584569732937688,Morning,1.140096618357488,18.908011869436205,0.0,0
2025-04-14,8.0,3.03,2.0,5.03,1.8,13 min 19 sec,McDonald's (3940 State St),1,1,34.4335058,-119.7471141,34.440895,-119.753051,0,Monday,False,False,13.316666666666666,8.110137672090113,Morning,2.7944444444444447,22.663329161451816,0.3976143141153081,0
2025-04-14,18.0,3.04,3.99,7.03,3.43,14 min 05 sec,McDonald's (29 N Milpas St),6,1,34.4177913,-119.7122866,34.42374070774889,-119.67975739730134,0,Monday,False,False,14.083333333333334,14.61301775147929,Evening,2.0495626822157433,29.950295857988166,0.5675675675675675,0
2025-04-14,18.5,3.4800000000000004,10.18,13.66,2.49,19m 39s,Los Arroyos - Santa Barbara,6,1,34.4169133,-119.7282931,34.4217114,-119.6413115,0,Monday,False,False,19.65,7.603053435114505,Evening,5.485943775100401,41.709923664122144,0.7452415812591507,1
2025-08-14,8.5,3.08,2.0,5.08,2.44,20m 24s,"Yet’z Bagels, Kellogg Way, Goleta, CA",1,1,34.42315907404361,-119.86424950580091,34.4128726,-119.8572217,3,Thursday,False,False,20.4,7.176470588235294,Morning,2.081967213114754,14.941176470588236,0.3937007874015747,0
2025-08-14,9.5,9.31,4.13,13.439999999999998,12.22,45m 28s,Cajé,1,1,34.4128664,-119.7628171,34.425317675129044,-119.7066449776383,3,Thursday,False,False,45.46666666666667,16.12609970674487,Morning,1.0998363338788868,17.73607038123167,0.3072916666666667,0
2025-07-14,8.5,7.039999999999999,3.0,10.04,4.22,22m 01s,Vons:3329,1,1,34.4495935,-119.7961875,34.40314595353998,-119.72389330095226,0,Monday,False,False,22.016666666666666,11.500378501135504,Morning,2.3791469194312795,27.361090083270252,0.298804780876494,0
2025-07-14,19.5,13.409999999999998,10.63,24.04,13.74,48m 07s,Habit Burger & Grill (216 South Milpas Street),12,1,34.3868781,-119.4923912,34.41959759586662,-119.6759707192938,0,Monday,False,False,48.11666666666667,17.13335642535504,Evening,1.749636098981077,29.977138898510564,0.4421797004991681,0
2025-06-14,8.0,2.5800000000000005,3.57,6.15,1.39,17m 35s,7‑Eleven (Montecito St),1,1,34.4279799,-119.7211213,34.41226742768558,-119.6977621609164,5,Saturday,True,False,17.583333333333332,4.743127962085309,Morning,4.424460431654677,20.985781990521332,0.5804878048780487,0
2025-06-14,9.0,4.24,6.16,10.4,5.53,27m 07s,"McDonald's, Cliff Dr",1,1,34.4222054,-119.6874234,34.40277756928841,-119.7224755809584,5,Saturday,True,False,27.116666666666667,12.2360172095882,Morning,1.8806509945750451,23.011677934849416,0.5923076923076923,0
2025-06-14,18.0,4.42,11.15,15.57,5.23,45m 32s,Los Agaves Restaurant (Milpas),6,1,34.4524615,-119.7154712,34.427538,-119.686577,5,Saturday,True,False,45.53333333333333,6.891654465592973,Evening,2.9770554493307837,20.516837481698392,0.7161207450224791,0
2025-06-14,19.5,11.62,10.0,21.62,11.05,39m 39s,Los Agaves (Goleta),12,3,34.4187276,-119.7237773,34.4295883,-119.8722792,5,Saturday,True,False,39.65,16.721311475409838,Evening,1.9565610859728504,32.71626733921816,0.4625346901017576,1
2025-06-14,20.5,3.25,5.42,8.67,2.07,15m 18s,Apna Indian Kitchen (Santa Barbara),6,1,34.4140897,-119.7188449,34.4191948,-119.6985613,5,Saturday,True,False,15.3,8.117647058823529,Evening,4.188405797101449,34.0,0.6251441753171857,1
2025-06-14,21.5,4.02,7.0,11.02,6.9,28m 51s,Banda Burrito (3614 State St),1,1,34.4158583,-119.6767938,34.440811051331245,-119.7409175039498,5,Saturday,True,False,28.85,14.350086655112651,Evening,1.597101449275362,22.91854419410745,0.6352087114337568,1
2025-03-14,0.5,2.45,3.0,5.45,1.47,19 min 19 s,Taco Bell (1840 Cliff Dr),1,1,34.4011196,-119.7200647,34.4018453,-119.7217806,4,Friday,False,False,19.316666666666663,4.566005176876619,Night,3.7074829931972793,16.928386540120798,0.5504587155963303,1
2025-03-14,0.5,13.01,2.0,15.01,1.93,8 min 47 s,"McDonald's, Cliff Dr",1,1,34.4252023,-119.7147203,34.40409692791592,-119.72213349130357,4,Friday,False,False,8.783333333333333,13.18406072106262,Night,7.77720207253886,102.5351043643264,0.1332445036642238,1
2025-03-14,1.0,5.03,0.0,5.03,1.09,12 min 06 s,7‑Eleven (Montecito St),1,1,34.4403683,-119.7302801,34.41075322198859,-119.6969716758971,4,Friday,False,False,12.1,5.404958677685951,Night,4.614678899082569,24.942148760330586,0.0,1
2025-03-14,2.0,3.01,2.0,5.01,1.69,7 min 07 s,7‑Eleven (Montecito St),1,1,34.4011196,-119.7200647,34.41075322198859,-119.6969716758971,4,Friday,False,False,7.116666666666666,14.24824355971897,Night,2.964497041420118,42.23887587822014,0.3992015968063872,1
2025-03-14,2.0,5.869999999999999,15.65,21.52,3.78,50 min 08 s,"Taco Bell, 821 N Milpas St",2,2,34.4427111,-119.7346919,34.4295465,-119.6900785,4,Friday,False,False,50.13333333333333,4.523936170212766,Night,5.693121693121693,25.75531914893617,0.7272304832713755,1
2025-03-14,9.0,4.43,15.0,19.43,5.83,25m 43s,Starbucks (Montecito),1,1,34.4446996,-119.6459157,34.42171,-119.65018,4,Friday,False,False,25.716666666666665,13.60207388204796,Morning,3.3327615780445967,45.33246921581335,0.7720020586721564,0
2025-03-14,9.5,3.69,3.0,6.69,4.24,15m 33s,"McDonald's, Cliff Dr",1,1,34.4149116,-119.7134866,34.40409692791592,-119.72213349130357,4,Friday,False,False,15.55,16.360128617363344,Morning,1.5778301886792454,25.813504823151128,0.4484304932735425,0
2025-03-14,0.0,7.66,4.0,11.66,3.27,18 min 04 s,"McDonald's, Cliff Dr",2,1,34.4085594,-119.7008271,34.40201266791004,-119.72230856189908,4,Friday,False,False,18.066666666666663,10.85977859778598,Night,3.5657492354740064,38.72324723247233,0.3430531732418524,1
2025-05-14,12.0,4.63,3.0,7.63,1.96,14m 56s,Chick-fil-A (3707 State St),3,1,34.4430395,-119.7584313,34.44029719326225,-119.7429107309353,2,Wednesday,False,False,14.933333333333334,7.875,Lunch,3.892857142857143,30.65625,0.3931847968545216,0
2025-05-14,18.0,4.010000000000001,6.12,10.13,8.28,37m 12s,BEST BBQ,6,1,34.4291581,-119.6520134,34.419127,-119.6984324,2,Wednesday,False,False,37.2,13.354838709677418,Evening,1.2234299516908214,16.338709677419356,0.6041461006910167,0
2025-05-14,19.0,3.17,4.9,8.07,0.92,7m 31s,California Pizza Kitchen (719 Paseo Nuevo),6,1,34.4119172,-119.6914365,34.4189859772096,-119.70039951917866,2,Wednesday,False,False,7.516666666666667,7.343680709534369,Evening,8.771739130434783,64.41685144124169,0.6071871127633209,0
2025-05-14,20.5,8.68,18.22,26.9,3.55,22m 47s,Indian Tandoori Kingdom Inc (W Gutierrez St),12,2,34.4398949,-119.6984653,34.4223121,-119.7025417,2,Wednesday,False,False,22.783333333333335,9.348939283101682,Evening,7.577464788732394,70.84125822970006,0.6773234200743494,0
2025-04-15,13.0,6.039999999999999,2.0,8.04,5.04,21 min 42 sec,"Uniboil Phresh Teas Co. (Goleta), El Colegio Rd, Goleta",3,1,34.41376080815238,-119.85642849723656,34.435421,-119.820377,1,Tuesday,False,False,21.7,13.935483870967744,Lunch,1.5952380952380951,22.23041474654378,0.2487562189054726,0
2025-04-15,18.5,3.1499999999999995,7.55,10.7,2.3,17 min 42 sec,Gopuff Delivery,6,1,34.4473305,-119.7410636,34.440715206830504,-119.73035170394978,1,Tuesday,False,False,17.7,7.796610169491525,Evening,4.6521739130434785,36.271186440677965,0.705607476635514,0
2025-04-15,20.0,8.750000000000002,14.85,23.6,19.41,49 min 34 sec,Mission Street Ice Cream and Yogurt,12,2,34.428687,-119.8823688,34.428328,-119.716679,1,Tuesday,False,False,49.56666666666667,23.495628782784127,Evening,1.2158681092220505,28.567585743106928,0.6292372881355932,0
2025-04-15,21.5,5.03,0.0,5.03,2.59,13 min 43 sec,Wingstop (888 Embarcadero del Norte),1,1,34.4320597,-119.8741797,34.4133272,-119.8551152,1,Tuesday,False,False,13.716666666666669,11.329283110571078,Evening,1.9420849420849424,22.00243013365735,0.0,0
2025-08-15,12.5,3.13,4.94,8.07,2.51,19 min 36 sec,Taco Bell (140 N. Fairview),3,1,34.4399823,-119.811251,34.4422877,-119.8303351,4,Friday,False,False,19.6,7.683673469387753,Lunch,3.215139442231076,24.704081632653057,0.6121437422552665,1
2025-08-15,14.5,3.0500000000000007,5.0,8.05,1.22,14 min 11 sec,McDonald's (6900 Market Place Drive),1,1,34.4294752,-119.8816108,34.4290307,-119.870121,4,Friday,False,False,14.183333333333334,5.160987074030552,Lunch,6.5983606557377055,34.054054054054056,0.6211180124223602,1
2025-08-15,19.0,2.609999999999999,15.84,18.45,1.5,14 min 12 sec,L'Antica Pizzeria Da Michele Santa Barbara,6,1,34.43035981253556,-119.7057079616219,34.42217,-119.7031019,4,Friday,False,False,14.2,6.338028169014085,Evening,12.3,77.95774647887323,0.8585365853658536,1
2025-08-15,19.5,5.68,4.84,10.52,3.34,23 min 23 sec,"Taco Bell, 821 N Milpas St",12,3,34.4190563,-119.6680414,34.4295465,-119.6900785,4,Friday,False,False,23.383333333333333,8.570206699928724,Evening,3.1497005988023954,26.993585174625803,0.4600760456273764,1
2025-08-15,20.0,3.24,4.59,7.83,3.81,11 min 16 sec,Habit Burger & Grill (216 South Milpas Street),6,1,34.4274007,-119.7160809,34.41952679236872,-119.67594926149704,4,Friday,False,False,11.266666666666667,20.289940828402365,Evening,2.0551181102362204,41.698224852071,0.5862068965517241,1
2025-08-15,20.5,6.0600000000000005,7.0,13.06,4.83,27 min 0 sec,Craft Ramen (436 State St),12,2,34.4428583,-119.7433588,34.4168205,-119.6952235,4,Friday,False,False,27.0,10.733333333333333,Evening,2.7039337474120084,29.022222222222226,0.5359877488514548,1
2025-08-15,22.5,9.59,2.5,12.09,12.6,24 min 48 sec,Dave’s Dogs,1,1,34.430898,-119.6258787,34.4377222,-119.7896712,4,Friday,False,False,24.8,30.483870967741936,Night,0.9595238095238096,29.25,0.2067824648469809,1
2025-07-15,0.5,3.1900000000000004,3.0,6.19,1.66,14m 04s,Jack in the Box (501 N Milpas St),1,1,34.4119172,-119.6914365,34.4262994,-119.6856795,1,Tuesday,False,False,14.066666666666666,7.080568720379147,Night,3.728915662650603,26.40284360189574,0.4846526655896607,1
2025-07-15,1.0,12.05,8.0,20.05,10.25,27m 01s,Banda Burrito (3614 State St),2,1,34.4132397,-119.7015861,34.440811051331245,-119.7409175039498,1,Tuesday,False,False,27.016666666666666,22.763726095003083,Night,1.9560975609756095,44.528069093152375,0.399002493765586,1
2025-07-15,18.0,4.299999999999999,15.03,19.33,3.48,26m 08s,California Pizza Kitchen (719 Paseo Nuevo),6,1,34.4441292,-119.6724541,34.4188553,-119.7005545,1,Tuesday,False,False,26.133333333333333,7.9897959183673475,Evening,5.554597701149425,44.380102040816325,0.7775478530781169,1
2025-07-15,19.0,6.439999999999998,33.74,40.18,5.45,35m 15s,Apna Indian Kitchen (Santa Barbara),12,1,34.4062677,-119.70619,34.4191948,-119.6985613,1,Tuesday,False,False,35.25,9.27659574468085,Evening,7.372477064220183,68.39148936170213,0.8397212543554008,1
2025-06-15,1.5,18.08,2.0,20.08,12.88,37m 48s,McDonald's (146 S Fairview Ave),1,1,34.4374179,-119.8168,34.43872014995132,-119.83069700725405,6,Sunday,True,False,37.8,20.444444444444446,Night,1.559006211180124,31.87301587301587,0.099601593625498,1
2025-06-15,10.0,4.58,5.48,10.06,5.62,20m 00s,"Crushcakes & Cafe, E Arrellaga St",1,1,34.4542158,-119.7895153,34.4353401,-119.812357,6,Sunday,True,False,20.0,16.860000000000003,Morning,1.7900355871886122,30.180000000000003,0.5447316103379721,0
2025-06-15,10.5,6.13,5.88,12.01,12.73,30m 07s,Little Caesars (109 S Fairview Ave),1,1,34.4220828,-119.6795356,34.437549,-119.831125,6,Sunday,True,False,30.116666666666667,25.361372440509133,Morning,0.9434406912804398,23.926950747094633,0.4895920066611157,0
2025-06-15,11.5,6.239999999999998,12.8,19.04,3.81,29m 42s,"Crushcakes & Cafe, E Arrellaga St",6,2,34.4233907,-119.671102,34.4257107,-119.7052518,6,Sunday,True,False,29.7,7.696969696969697,Lunch,4.997375328083989,38.464646464646464,0.6722689075630253,0
2025-06-15,12.0,2.17,4.13,6.3,0.71,8m 14s,Backyard Bowls - Motor Way,3,1,34.4217036,-119.7073816,34.415181,-119.6944264,6,Sunday,True,False,8.233333333333333,5.174089068825911,Lunch,8.873239436619718,45.91093117408907,0.6555555555555556,0
2025-06-15,18.0,3.01,11.21,14.22,9.48,34m 39s,BEST BBQ,6,2,34.4242808,-119.6668805,34.419127,-119.6984324,6,Sunday,True,False,34.65,16.415584415584416,Evening,1.5,24.623376623376625,0.7883263009845288,1
2025-06-15,20.5,2.8100000000000005,6.25,9.06,2.35,7m 55s,"Jersey Mike’s (199 South Turnpike Road, Suite 102)",6,2,34.4437537,-119.805514,34.436867,-119.7899229,6,Sunday,True,False,7.916666666666667,17.810526315789474,Evening,3.8553191489361702,68.66526315789474,0.6898454746136865,1
2025-06-15,21.0,4.41,5.09,9.5,8.53,26m 53s,The Win-Dow (Santa Barbara),6,1,34.4357523,-119.7969116,34.4175894,-119.6994583,6,Sunday,True,False,26.883333333333333,19.037817730936144,Evening,1.1137162954279016,21.20272783632982,0.5357894736842105,0
2025-03-15,0.5,4.52,3.0,7.52,3.52,20 min 40 s,Taco Bell (1840 Cliff Dr),1,1,34.4279799,-119.7211213,34.4018453,-119.7217806,5,Saturday,True,False,20.666666666666668,10.219354838709677,Night,2.136363636363636,21.83225806451613,0.398936170212766,1
2025-03-15,0.5,8.91,13.0,21.91,5.46,27 min 34 s,"Taco Bell, 821 N Milpas St",2,2,34.4320312,-119.7264412,34.4295465,-119.6900785,5,Saturday,True,False,27.566666666666663,11.88391777509069,Night,4.012820512820513,47.68802902055624,0.5933363760839799,1
2025-03-15,1.0,4.29,2.0,6.29,3.19,17 min 02 s,McDonald's (29 N Milpas St),1,1,34.4221319,-119.702667,34.42251152915107,-119.68051188177492,5,Saturday,True,False,17.033333333333335,11.23679060665362,Night,1.9717868338557991,22.15655577299413,0.3179650238473768,1
2025-03-15,1.0,5.6,3.0,8.6,1.87,21 min 34 s,7-Eleven (3430 State St),1,1,34.4459919,-119.7604577,34.440708,-119.737845,5,Saturday,True,False,21.566666666666663,5.202472952086555,Night,4.598930481283422,23.925811437403404,0.3488372093023256,1
2025-03-15,1.5,5.449999999999999,6.0,11.45,7.36,25 min 51 s,Jack in the Box (501 N Milpas St),1,1,34.4335058,-119.7471141,34.4262994,-119.6856795,5,Saturday,True,False,25.85,17.083172147001935,Night,1.5557065217391304,26.57640232108317,0.5240174672489083,1
2025-03-15,2.0,3.47,3.0,6.47,2.81,21 min 36 s,McDonald's (3940 State St),1,1,34.4358295,-119.8276389,34.4413310771689,-119.75288234257756,5,Saturday,True,False,21.6,7.805555555555555,Night,2.302491103202847,17.972222222222218,0.463678516228748,1
2025-03-15,9.0,4.539999999999999,7.98,12.52,2.8,24m 30s,McDonald's (6900 Market Place Drive),2,2,34.41438724793922,-119.86268019230872,34.4290307,-119.870121,5,Saturday,True,False,24.5,6.857142857142857,Morning,4.4714285714285715,30.661224489795917,0.6373801916932907,0
2025-03-15,9.5,3.1500000000000004,1.0,4.15,4.64,22m 07s,McDonald's (6900 Market Place Drive),1,1,34.417430743473545,-119.85865276455183,34.4290307,-119.870121,5,Saturday,True,False,22.116666666666667,12.587792012057273,Morning,0.8943965517241381,11.258477769404672,0.2409638554216867,0
2025-03-15,18.0,5.29,6.8,12.09,10.8,27 min 57 s,"Baskin‑Robbins, 3611 1/2 State St",6,1,34.4384679,-119.6066926,34.4400725,-119.7408156,5,Saturday,True,False,27.95,23.184257602862257,Evening,1.1194444444444445,25.953488372093023,0.5624483043837882,1
2025-03-15,23.0,7.08,2.0,9.08,5.24,19 min 12 s,McDonald's (6900 Market Place Drive),1,1,34.4221319,-119.702667,34.42919620206102,-119.87028977010377,5,Saturday,True,False,19.2,16.375,Night,1.732824427480916,28.375,0.2202643171806167,1
2025-03-15,0.0,5.92,3.0,8.92,6.13,18 min 24 s,Jack in the Box (6875 Hollister Ave),1,1,34.4358295,-119.8276389,34.4299362,-119.8687794,5,Saturday,True,False,18.4,19.98913043478261,Night,1.4551386623164764,29.086956521739133,0.336322869955157,1
2025-05-15,9.0,4.26,5.77,10.03,5.85,40m 09s,Taco Bell (140 N. Fairview),1,1,34.43376110083814,-119.89789477511442,34.4422877,-119.8303351,3,Thursday,False,False,40.15,8.742216687422166,Morning,1.7145299145299144,14.988792029887918,0.5752741774675972,0
2025-05-15,11.0,3.209999999999999,5.4,8.61,4.54,20m 36s,Chick-fil-A (3707 State St),3,1,34.4282052,-119.7221634,34.44029719326225,-119.7429107309353,3,Thursday,False,False,20.6,13.223300970873783,Lunch,1.89647577092511,25.077669902912618,0.6271777003484321,0
2025-05-15,17.5,4.4,1.0,5.4,2.23,18m 39s,Apna Indian Kitchen (Santa Barbara),6,1,34.4177913,-119.7122866,34.4191948,-119.6985613,3,Thursday,False,False,18.65,7.174262734584452,Afternoon,2.4215246636771304,17.372654155495983,0.1851851851851851,1
2025-05-15,18.0,5.84,10.21,16.05,5.12,23m 05s,Nick the Greek (Santa Barbara),12,2,34.4403683,-119.7302801,34.4171204,-119.6957341,3,Thursday,False,False,23.083333333333332,13.308303249097474,Evening,3.134765625,41.71841155234657,0.6361370716510903,0
2025-05-15,19.0,9.87,14.43,24.3,12.14,53m 31s,Mandarin Palace,18,2,34.4144573,-119.86453,34.43908353739146,-119.75253219045725,3,Thursday,False,False,53.516666666666666,13.61071317346621,Evening,2.00164744645799,27.243849268140767,0.5938271604938271,0
2025-05-15,19.5,2.4299999999999997,10.0,12.43,1.35,10m 39s,"Wingstop, 3849 State St #163",6,1,34.4314606,-119.7491544,34.43951324301522,-119.74909193080344,3,Thursday,False,False,10.65,7.605633802816901,Evening,9.207407407407407,70.0281690140845,0.8045052292839904,1
2025-05-15,20.0,8.079999999999998,7.36,15.439999999999998,4.93,46m 13s,Target (Santa Barbara Galleria),12,2,34.4217036,-119.7073816,34.4401136,-119.7506709,3,Thursday,False,False,46.21666666666667,6.400288496213486,Evening,3.1318458417849895,20.04471691309051,0.4766839378238343,1
2025-09-15,18.0,7.259999999999998,15.55,22.81,4.91,36m 54s,The Win-Dow (Santa Barbara),12,2,34.4495877,-119.7192998,34.4175894,-119.6994583,0,Monday,False,False,36.9,7.983739837398375,Evening,4.645621181262729,37.08943089430894,0.6817185444980273,1
2025-09-15,18.5,5.640000000000001,9.87,15.51,5.83,36m 00s,Presto Pasta,12,2,34.3987888,-119.7145773,34.4372423191789,-119.72606260395004,0,Monday,False,False,36.0,9.716666666666669,Evening,2.660377358490566,25.85,0.6363636363636364,1
2025-09-15,20.0,3.42,7.59,11.01,2.46,10m 35s,Eureka! (Santa Barbara),6,1,34.4399304,-119.721851,34.41881513514415,-119.70021517696546,0,Monday,False,False,10.583333333333334,13.946456692913385,Evening,4.475609756097561,62.41889763779527,0.6893732970027248,1
2025-04-16,10.5,4.35,9.23,13.58,5.76,31 min 49 sec,Backyard Bowls - Motor Way,3,1,34.432788,-119.6358268,34.415181,-119.6944264,2,Wednesday,False,False,31.816666666666663,10.862231534834992,Morning,2.357638888888889,25.609219486642225,0.6796759941089838,0
2025-04-16,11.0,3.38,3.0,6.38,3.08,15 min 01 sec,Starbucks (Montecito),3,1,34.4158583,-119.6767938,34.42171,-119.65018,2,Wednesday,False,False,15.016666666666667,12.30632630410655,Lunch,2.071428571428571,25.49167591564928,0.4702194357366771,0
2025-08-16,7.5,6.24,9.0,15.24,8.14,31m 48s,Albertsons (0354),2,1,34.41182343943442,-119.86450526162282,34.44249063680539,-119.82547960064971,5,Saturday,True,False,31.8,15.358490566037736,Morning,1.872235872235872,28.754716981132074,0.5905511811023622,0
2025-08-16,8.5,2.25,4.73,6.98,1.16,28m 48s,Starbucks (888 Embarcadero del Norte),1,1,34.417430743473545,-119.85865276455183,34.4133556,-119.8551797,5,Saturday,True,False,28.8,2.4166666666666665,Morning,6.017241379310345,14.541666666666666,0.6776504297994269,0
2025-08-16,9.5,11.56,4.13,15.689999999999998,12.26,36m 16s,Cajé,1,1,34.4215118,-119.6941699,34.425317675129044,-119.7066449776383,5,Saturday,True,False,36.266666666666666,20.283088235294116,Morning,1.2797716150081564,25.95772058823529,0.2632249840662843,0
2025-08-16,17.0,3.09,13.0,16.09,1.66,15 min 4 sec,California Pizza Kitchen (719 Paseo Nuevo),6,1,34.4025223,-119.7050748,34.4188553,-119.7005545,5,Saturday,True,False,15.066666666666666,6.610619469026548,Afternoon,9.69277108433735,64.07522123893806,0.8079552517091361,1
2025-08-16,18.0,5.140000000000001,10.51,15.65,2.26,29 min 50 sec,The Win-Dow (Santa Barbara),12,3,34.4359799,-119.7027872,34.4175894,-119.6994583,5,Saturday,True,False,29.833333333333332,4.545251396648045,Evening,6.924778761061948,31.474860335195533,0.6715654952076677,1
2025-08-16,19.5,9.409999999999998,8.65,18.06,8.59,41 min 41 sec,McConnell's Fine Ice Creams (728 State St.),12,2,34.4510382,-119.7812059,34.4194219,-119.698832,5,Saturday,True,False,41.68333333333333,12.364654138344664,Evening,2.1024447031431897,25.99600159936026,0.4789590254706534,1
2025-08-16,20.5,6.869999999999999,8.17,15.04,7.31,39m 22s,Edomasa,12,3,34.4248015,-119.671787,34.43619233892461,-119.72536888860704,5,Saturday,True,False,39.36666666666667,11.141405588484336,Evening,2.057455540355677,22.9229466553768,0.543218085106383,0
2025-08-16,21.5,2.7,3.0,5.7,0.67,13 min 58 sec,Mandarin Palace,1,1,34.4403683,-119.7302801,34.43918971776994,-119.75258583463608,5,Saturday,True,False,13.966666666666669,2.8782816229116945,Evening,8.507462686567164,24.48687350835322,0.5263157894736842,1
2025-08-16,22.0,7.58,0.0,7.58,4.7,21 min 12 sec,Jack in the Box (3747 State St),1,1,34.4289143,-119.7236716,34.4401877,-119.7441611,5,Saturday,True,False,21.2,13.30188679245283,Night,1.6127659574468085,21.452830188679247,0.0,1
2025-08-16,22.5,8.66,3.0,11.66,3.84,36 min 25 sec,"Taco Bell, 821 N Milpas St",1,1,34.4330791,-119.7427765,34.4295465,-119.6900785,5,Saturday,True,False,36.416666666666664,6.326773455377575,Night,3.0364583333333335,19.210983981693367,0.2572898799313893,1
2025-07-16,9.0,6.58,2.0,8.58,12.66,32m 15s,Albertsons (0354),1,1,34.4263607,-119.7274059,34.44249063680539,-119.82547960064971,2,Wednesday,False,False,32.25,23.553488372093025,Morning,0.6777251184834123,15.96279069767442,0.2331002331002331,0
2025-07-16,10.0,4.02,1.0,5.02,3.97,12m 31s,Taco Bell (1840 Cliff Dr),1,1,34.4172537,-119.7018411,34.4018453,-119.7217806,2,Wednesday,False,False,12.516666666666667,19.030625832223706,Morning,1.26448362720403,24.063914780292937,0.199203187250996,0
2025-06-16,1.5,9.02,0.0,9.02,1.44,17m 36s,"Taco Bell, 821 N Milpas St",1,1,34.4202466,-119.710054,34.4295465,-119.6900785,0,Monday,False,False,17.6,4.909090909090909,Night,6.263888888888888,30.75,0.0,1
2025-06-16,6.5,5.02,3.0,8.02,3.7,23m 07s,"McDonald's, Cliff Dr",1,1,34.4149116,-119.7134866,34.40199183394763,-119.7223161290166,0,Monday,False,False,23.116666666666667,9.603460706560924,Morning,2.167567567567567,20.816149963950977,0.3740648379052369,0
2025-06-16,9.0,2.99,4.09,7.08,1.98,17m 20s,Cajé,1,1,34.4302899,-119.8601508,34.425317675129044,-119.7066449776383,0,Monday,False,False,17.333333333333332,6.853846153846154,Morning,3.5757575757575757,24.50769230769231,0.577683615819209,0
2025-06-16,9.5,4.059999999999999,6.23,10.29,6.81,58m 11s,Breakfast Beauties (6553 Pardall Rd),1,1,34.4315544,-119.7921874,34.4129186,-119.8564074,0,Monday,False,False,58.18333333333333,7.022629619020338,Morning,1.5110132158590308,10.611286164422802,0.6054421768707484,0
2025-06-16,11.5,8.56,8.76,17.32,14.44,1h 24m,Hummus Republic – Isla Vista,6,2,34.4220828,-119.6795356,34.4132955,-119.8559139,0,Monday,False,False,24.0,36.099999999999994,Lunch,1.1994459833795017,43.3,0.5057736720554272,0
2025-03-16,0.5,5.869999999999999,4.0,9.87,3.83,24 min 55 s,"Taco Bell, 821 N Milpas St",1,1,34.4221319,-119.702667,34.4295465,-119.6900785,6,Sunday,True,False,24.916666666666668,9.222742474916387,Night,2.577023498694517,23.767224080267557,0.4052684903748734,1
2025-03-16,1.0,13.010000000000002,4.0,17.01,5.64,27 min 12 s,McDonald's (146 S Fairview Ave),2,2,34.4221319,-119.702667,34.43692021059231,-119.83021865921248,6,Sunday,True,False,27.2,12.441176470588236,Night,3.0159574468085113,37.52205882352942,0.2351557907113462,1
2025-03-16,2.0,15.489999999999998,8.0,23.49,10.23,33 min 59 s,Jack in the Box (501 N Milpas St),3,2,34.427996,-119.6701153,34.4262994,-119.6856795,6,Sunday,True,False,33.983333333333334,18.061794997547818,Night,2.296187683284457,41.47327121137812,0.3405704555129842,1
2025-03-16,3.0,15.27,5.0,20.27,9.12,28 min 12 s,McDonald's (146 S Fairview Ave),3,2,34.4358295,-119.8276389,34.43692021059231,-119.83021865921248,6,Sunday,True,False,28.2,19.404255319148938,Night,2.2225877192982457,43.12765957446808,0.246669955599408,1
2025-03-16,8.0,6.4399999999999995,9.78,16.22,5.71,25m 18s,Starbucks (Montecito),2,2,34.4366449,-119.6368237,34.42171,-119.65018,6,Sunday,True,False,25.3,13.541501976284584,Morning,2.8406304728546408,38.46640316205533,0.6029593094944513,0
2025-03-16,12.0,6.1,5.0,11.1,3.91,31m 28s,Asia 101,6,2,34.4320597,-119.8741797,34.4129247,-119.855609,6,Sunday,True,False,31.466666666666665,7.455508474576272,Lunch,2.838874680306905,21.16525423728814,0.4504504504504504,0
2025-03-16,14.0,3.369999999999999,5.0,8.37,3.41,15m 15s,Jersey Mike's Subs (3325 State Street),3,1,34.4495877,-119.7192998,34.44026089331222,-119.7358754039498,6,Sunday,True,False,15.25,13.416393442622953,Lunch,2.454545454545454,32.9311475409836,0.5973715651135006,0
2025-03-16,15.5,2.55,3.0,5.55,0.85,13 min 55 s,McDonald's (3940 State St),1,1,34.4418142,-119.7489223,34.440895,-119.753051,6,Sunday,True,False,13.916666666666666,3.664670658682635,Afternoon,6.529411764705882,23.92814371257485,0.5405405405405406,1
2025-05-16,7.0,8.05,7.0,15.05,2.74,13m 31s,Vons:3329,1,1,34.4064551,-119.7412823,34.40314595353998,-119.72389330095226,4,Friday,False,False,13.516666666666667,12.16276202219482,Morning,5.492700729927007,66.80641183723797,0.4651162790697674,0
2025-05-16,7.0,3.5100000000000007,5.05,8.56,3.53,20m 30s,"Starbucks (State & Victoria, Santa Barbara)",1,1,34.424974,-119.7027632,34.42407225156649,-119.70583674302095,4,Friday,False,False,20.5,10.33170731707317,Morning,2.424929178470255,25.053658536585367,0.5899532710280373,0
2025-05-16,8.0,7.0600000000000005,2.0,9.06,8.92,22m 47s,Banda Burrito (3614 State St),1,1,34.435435,-119.8580618,34.440811051331245,-119.7409175039498,4,Friday,False,False,22.783333333333335,23.490855888807605,Morning,1.015695067264574,23.859546452084857,0.2207505518763796,0
2025-05-16,10.0,5.83,8.18,14.01,11.25,36m 45s,Nothing Bundt Cakes (Santa Barbara-Goleta),1,1,34.4221319,-119.702667,34.4417828,-119.8256887,4,Friday,False,False,36.75,18.36734693877551,Morning,1.2453333333333334,22.8734693877551,0.583868665239115,0
2025-05-16,20.5,10.970000000000002,16.88,27.85,12.47,48m 36s,Luna Grill - Santa Barbara,18,2,34.417430743473545,-119.85865276455183,34.4401289,-119.7523599,4,Friday,False,False,48.6,15.395061728395062,Evening,2.2333600641539695,34.382716049382715,0.6061041292639138,0
2025-05-16,21.5,6.52,3.5,10.02,4.18,22m 56s,Gopuff Delivery,1,1,34.41182343943442,-119.86450526162282,34.440715206830504,-119.73035170394978,4,Friday,False,False,22.933333333333337,10.936046511627904,Evening,2.397129186602871,26.21511627906976,0.3493013972055888,0
2025-04-17,8.0,3.24,2.0,5.24,3.68,14 min 25 sec,"Starbucks (1990 Cliff Drive, Santa Barbara)",1,1,34.4092812,-119.6989913,34.4023846,-119.7234177,3,Thursday,False,False,14.416666666666666,15.315606936416186,Morning,1.423913043478261,21.808092485549135,0.381679389312977,0
2025-04-17,13.5,3.0199999999999996,19.41,22.43,1.61,30m 24s,California Pizza Kitchen (719 Paseo Nuevo),3,1,34.4324226,-119.7181974,34.4188553,-119.7005545,3,Thursday,False,False,30.4,3.177631578947369,Lunch,13.93167701863354,44.26973684210527,0.8653588943379402,1
2025-04-17,14.5,3.89,5.2,9.09,4.04,36m 09s,Thai Bistro,1,1,34.414603,-119.6898905,34.440842418961715,-119.7322697886068,3,Thursday,False,False,36.15,6.70539419087137,Lunch,2.25,15.087136929460582,0.5720572057205721,1
2025-04-17,19.0,9.81,10.12,19.93,8.81,42 min 17 sec,Hana Kitchen - State Street,12,2,34.4216872,-119.5972956,34.4168496,-119.6958222,3,Thursday,False,False,42.28333333333333,12.501379582183684,Evening,2.2622020431328034,28.280646432794644,0.5077772202709483,0
2025-04-17,20.0,7.609999999999999,3.0,10.61,7.64,28 min 52 sec,China Palace,6,1,34.444463,-119.6929292,34.42186627540789,-119.6496213058011,3,Thursday,False,False,28.866666666666667,15.879907621247114,Evening,1.388743455497382,22.05311778290993,0.2827521206409048,0
2025-04-17,20.5,21.0,4.5,25.5,16.15,59 min 33 sec,Sachi Ramen (Santa Barbara),18,3,34.410031666777655,-119.86178711574163,34.4179964,-119.7000379,3,Thursday,False,False,59.55,16.272040302267,Evening,1.5789473684210529,25.692695214105797,0.1764705882352941,0
2025-04-17,21.5,2.5200000000000005,5.62,8.14,1.91,15m 21s,McDonald's (29 N Milpas St),1,1,34.4177913,-119.7122866,34.42374070774889,-119.67975739730134,3,Thursday,False,False,15.35,7.4657980456026065,Evening,4.2617801047120425,31.81758957654724,0.6904176904176904,1
2025-04-17,22.0,2.3099999999999996,3.0,5.31,1.49,16m 03s,McDonald's (29 N Milpas St),1,1,34.4025327,-119.7046555,34.42374070774889,-119.67975739730134,3,Thursday,False,False,16.05,5.5700934579439245,Night,3.5637583892617446,19.850467289719624,0.5649717514124294,1
2025-04-17,23.0,3.74,6.67,10.41,1.66,22m 27s,Jack in the Box (501 N Milpas St),1,1,34.4315262,-119.7014581,34.4262994,-119.6856795,3,Thursday,False,False,22.45,4.436525612472161,Night,6.271084337349398,27.82182628062361,0.6407300672430355,1
2025-08-17,7.5,2.4299999999999997,7.01,9.44,1.51,17m 58s,Jack in the Box (3747 State St),1,1,34.4403683,-119.7302801,34.4401877,-119.7441611,6,Sunday,True,False,17.966666666666665,5.042671614100186,Morning,6.251655629139073,31.52504638218924,0.7425847457627118,0
2025-08-17,11.0,9.41,2.0,11.41,3.47,14m 53s,"Crushcakes & Cafe, E Arrellaga St",3,1,34.4339275,-119.7779138,34.4353401,-119.812357,6,Sunday,True,False,14.883333333333333,13.988801791713326,Lunch,3.2881844380403455,45.99776035834267,0.175284837861525,0
2025-08-17,12.5,3.5199999999999996,8.99,12.51,2.26,12m 30s,McDonald's (3940 State St),3,1,34.4350604,-119.7506675,34.440895,-119.753051,6,Sunday,True,False,12.5,10.848,Lunch,5.535398230088496,60.047999999999995,0.718625099920064,0
2025-08-17,13.5,4.11,6.38,10.49,8.38,28 min 35 sec,Luna Grill - Santa Barbara,3,1,34.4249118,-119.6371854,34.4401289,-119.7523599,6,Sunday,True,False,28.583333333333332,17.590670553935862,Lunch,1.2517899761336515,22.0198250728863,0.6081982840800763,1
2025-08-17,17.5,8.009999999999998,4.19,12.2,18.06,1h 08m,Poke House (Santa Barbara),6,1,34.411962630450965,-119.86649423643634,34.4196536,-119.7001077,6,Sunday,True,False,8.0,135.45,Afternoon,0.6755260243632337,91.5,0.3434426229508197,0
2025-08-17,18.5,3.53,5.62,9.15,5.03,16 min 43 sec,Tamar,6,1,34.428777,-119.6289383,34.41605769601775,-119.68998629045824,6,Sunday,True,False,16.716666666666665,18.053838484546365,Evening,1.8190854870775348,32.841475573280164,0.614207650273224,1
2025-08-17,20.5,4.120000000000001,14.61,18.73,5.42,26 min 25 sec,Chipotle Mexican Grill (3851 State St),12,2,34.4031769,-119.703819,34.439698635958216,-119.74914917511413,6,Sunday,True,False,26.416666666666668,12.310410094637222,Evening,3.455719557195572,42.54132492113564,0.7800320341697811,1
2025-08-17,20.5,2.6999999999999993,8.91,11.61,3.68,15m 46s,"McDonald's, Cliff Dr",12,1,34.3988712,-119.71793,34.40277756928841,-119.7224755809584,6,Sunday,True,False,15.766666666666667,14.004228329809726,Evening,3.1548913043478257,44.18181818181818,0.7674418604651163,0
2025-08-17,21.0,5.16,5.5,10.66,5.27,29 min 26 sec,Taco Bell (1840 Cliff Dr),2,2,34.4389714,-119.7649853,34.4018453,-119.7217806,6,Sunday,True,False,29.433333333333337,10.74292185730464,Evening,2.0227703984819736,21.730464326160813,0.5159474671669794,1
2025-08-17,22.0,4.77,3.5,8.27,10.34,39 min 47 sec,McDonald's (146 S Fairview Ave),1,1,34.4081276,-119.7065475,34.4368539,-119.8301947,6,Sunday,True,False,39.78333333333333,15.59447004608295,Night,0.799806576402321,12.472559698366153,0.4232164449818621,1
2025-08-17,23.0,3.140000000000001,4.35,7.49,2.4,19 min 34 sec,"McDonald's, Cliff Dr",1,1,34.4403683,-119.7302801,34.40199183394763,-119.7223161290166,6,Sunday,True,False,19.566666666666663,7.359454855195912,Night,3.1208333333333336,22.96763202725724,0.5807743658210948,1
2025-06-17,8.5,4.08,5.0,9.08,4.33,27m 45s,Banda Burrito (3614 State St),1,1,34.4085594,-119.7008271,34.440811051331245,-119.7409175039498,1,Tuesday,False,False,27.75,9.362162162162162,Morning,2.096997690531178,19.63243243243243,0.5506607929515418,0
2025-06-17,9.5,5.6000000000000005,5.47,11.07,11.88,27m 52s,Oakberry Açaí (Isla Vista),1,1,34.4106950633126,-119.86198507511556,34.4132486,-119.8577182,1,Tuesday,False,False,27.866666666666667,25.578947368421055,Morning,0.9318181818181818,23.83492822966507,0.4941282746160794,0
2025-06-17,10.5,2.76,4.42,7.18,1.18,14m 58s,Subway (3967 State Street),1,1,34.43932,-119.7374563,34.4387187,-119.7518561,1,Tuesday,False,False,14.966666666666669,4.730512249443207,Morning,6.084745762711864,28.78396436525612,0.6155988857938719,0
2025-06-17,11.0,6.270000000000001,11.1,17.37,14.64,35m 03s,AH Juice Organics,3,1,34.410031666777655,-119.86178711574163,34.4217903,-119.6900163,1,Tuesday,False,False,35.05,25.061340941512128,Lunch,1.1864754098360657,29.73466476462197,0.6390328151986182,0
2025-06-17,12.0,4.659999999999999,6.38,11.04,9.76,30m 31s,"Yet’z Bagels, Kellogg Way, Goleta, CA",3,1,34.4540853,-119.7604128,34.4128726,-119.8572217,1,Tuesday,False,False,30.516666666666666,19.18951392681595,Lunch,1.1311475409836065,21.706171490988527,0.5778985507246377,0
2025-06-17,19.5,6.289999999999999,3.39,9.68,4.39,17m 04s,Taco Bell (5980 Hollister Ave),6,1,34.4151986,-119.8625524,34.4362939,-119.8304545,1,Tuesday,False,False,17.066666666666666,15.433593749999998,Evening,2.20501138952164,34.03125,0.3502066115702479,0
2025-06-17,23.5,4.03,3.0,7.03,2.9,20m 11s,7‑Eleven (Montecito St),1,1,34.4248015,-119.671787,34.41226742768558,-119.6977621609164,1,Tuesday,False,False,20.183333333333337,8.62097440132122,Night,2.424137931034483,20.898431048720063,0.4267425320056899,1
2025-03-17,10.5,8.899999999999999,5.19,14.09,1.44,7m 27s,Mesa Cafe & Bar,1,1,34.4011196,-119.7200647,34.40239286602468,-119.72345377642594,0,Monday,False,False,7.45,11.59731543624161,Morning,9.784722222222223,113.47651006711408,0.3683463449254791,0
2025-03-17,10.5,3.29,3.0,6.29,3.27,17m 54s,"McDonald's, Cliff Dr",1,1,34.4100045,-119.702745,34.402055150618835,-119.72232508382828,0,Monday,False,False,17.9,10.960893854748605,Morning,1.9235474006116209,21.083798882681567,0.4769475357710652,0
2025-03-17,21.5,4.22,2.0,6.22,6.62,20 min 37 s,Edomasa,1,1,34.4011196,-119.7200647,34.43619233892461,-119.72536888860704,0,Monday,False,False,20.616666666666667,19.26596604688763,Evening,0.9395770392749244,18.1018593371059,0.3215434083601286,1
2025-03-17,23.5,6.029999999999999,3.0,9.03,6.02,15 min 43 s,McDonald's (3940 State St),1,1,34.4221319,-119.702667,34.440871,-119.753054,0,Monday,False,False,15.716666666666669,22.981972428419933,Night,1.5,34.4729586426299,0.3322259136212624,1
2025-05-17,0.5,3.12,4.29,7.41,3.29,20m 25s,"Taco Bell, 821 N Milpas St",1,1,34.4427111,-119.7346919,34.4295465,-119.6900785,5,Saturday,True,False,20.416666666666668,9.668571428571427,Night,2.2522796352583585,21.776326530612245,0.5789473684210527,1
2025-05-17,1.5,5.039999999999999,7.0,12.04,3.97,34m 22s,Jack in the Box (6875 Hollister Ave),2,2,34.4445865,-119.8316801,34.4299362,-119.8687794,5,Saturday,True,False,34.36666666666667,6.93113482056256,Night,3.032745591939546,21.020368574199804,0.5813953488372093,1
2025-05-17,7.0,4.5,3.0,7.5,4.53,23m 36s,Jack in the Box (501 N Milpas St),1,1,34.4031769,-119.703819,34.4262994,-119.6856795,5,Saturday,True,False,23.6,11.516949152542372,Morning,1.6556291390728477,19.06779661016949,0.4,0
2025-05-17,7.5,7.52,6.21,13.73,14.3,47m 02s,Peet’s Coffee – Santa Barbara (1040),2,2,34.4248015,-119.671787,34.4402556,-119.7515615,5,Saturday,True,False,47.03333333333333,18.242381289865342,Morning,0.96013986013986,17.515237420269315,0.4522942461762563,0
2025-05-17,8.5,10.86,4.8,15.66,15.27,30m 39s,Mesa Cafe & Bar,1,1,34.4394636,-119.8889699,34.402490240763434,-119.72346450518307,5,Saturday,True,False,30.65,29.89233278955954,Morning,1.025540275049116,30.6557911908646,0.3065134099616858,0
2025-05-17,9.0,6.01,2.0,8.01,6.1,25m 21s,McDonald's (6900 Market Place Drive),1,1,34.4146025,-119.84581,34.4290307,-119.870121,5,Saturday,True,False,25.35,14.437869822485204,Morning,1.3131147540983608,18.958579881656803,0.2496878901373283,0
2025-05-17,10.0,4.02,4.0,8.02,5.61,33m 51s,Kaiju Ramen and Curry (Isla Vista),1,1,34.4358295,-119.8276389,34.4129239,-119.8573375,5,Saturday,True,False,33.85,9.943870014771049,Morning,1.4295900178253118,14.215657311669126,0.4987531172069825,0
2025-05-17,19.0,20.520000000000003,6.01,26.53,17.93,58m 35s,Poke House (Santa Barbara),18,2,34.42586574610503,-119.86969091756649,34.4196536,-119.7001077,5,Saturday,True,False,58.583333333333336,18.363584637268847,Evening,1.479643056330173,27.171550497866285,0.2265359969845457,0
2025-05-17,20.0,2.41,2.0,4.41,1.95,14m 45s,Kyoto Japanese Restaurant,6,1,34.438298,-119.7401389,34.44095850422322,-119.73380944614956,5,Saturday,True,False,14.75,7.932203389830509,Evening,2.2615384615384615,17.938983050847458,0.4535147392290249,1
2025-05-17,20.5,4.950000000000001,11.31,16.26,11.13,31m 55s,Kyoto Japanese Restaurant,6,1,34.4355677,-119.8540293,34.44095850422322,-119.73380944614956,5,Saturday,True,False,31.916666666666668,20.92323759791123,Evening,1.4609164420485174,30.567101827676243,0.6955719557195572,1
2025-05-17,21.0,6.140000000000001,15.43,21.57,6.86,28m 21s,Santa Barbara Chicken Ranch - De la Vina,12,2,34.4908062,-119.7956362,34.4351679,-119.724625,5,Saturday,True,False,28.35,14.51851851851852,Evening,3.1443148688046647,45.650793650793645,0.7153453871117292,0
2025-05-17,21.0,4.01,11.18,15.19,4.42,24m 19s,McDonald's (146 S Fairview Ave),1,1,34.4297055,-119.8696173,34.4368539,-119.8301947,5,Saturday,True,False,24.316666666666663,10.906100068540097,Evening,3.436651583710407,37.480466072652504,0.7360105332455563,1
2025-09-17,16.5,6.369999999999999,11.72,18.09,4.58,36m 50s,Mesa Pizza Co,7,1,34.4335639,-119.7069138,34.40108659219629,-119.72255717511602,2,Wednesday,False,False,36.833333333333336,7.460633484162895,Afternoon,3.949781659388646,29.46787330316742,0.6478717523493643,1
2025-09-17,17.5,31.679999999999996,18.55,50.23,14.04,55m 44s,Sephora US (Lower State),18,3,34.4265916,-119.888552,34.41942143366799,-119.69927730395088,2,Wednesday,False,False,55.733333333333334,15.114832535885167,Afternoon,3.5776353276353277,54.07535885167464,0.369301214413697,1
2025-09-17,20.5,4.779999999999999,3.25,8.03,3.35,30m 25s,Chipotle Mexican Grill (270 Storke Rd Ste F),6,1,34.41123158360512,-119.86119536347309,34.4291769,-119.8694057,2,Wednesday,False,False,30.416666666666668,6.608219178082193,Evening,2.397014925373134,15.84,0.4047322540473225,1
2025-09-17,23.0,7.749999999999999,5.79,13.54,3.74,24m 10s,Taco Bell (1840 Cliff Dr),2,2,34.4279799,-119.7211213,34.4018453,-119.7217806,2,Wednesday,False,False,24.166666666666668,9.28551724137931,Night,3.6203208556149726,33.61655172413793,0.4276218611521418,1
2025-09-17,23.5,8.69,2.0,10.69,2.13,43m 20s,"Taco Bell, 821 N Milpas St",2,2,34.4403683,-119.7302801,34.4295465,-119.6900785,2,Wednesday,False,False,43.333333333333336,2.9492307692307693,Night,5.018779342723005,14.801538461538462,0.1870907390084191,1
2025-04-18,9.5,4.34,3.73,8.07,1.93,17 min 13 sec,7‑Eleven (Montecito St),1,1,34.4270827,-119.6992472,34.41226742768558,-119.6977621609164,4,Friday,False,False,17.216666666666665,6.726040658276864,Morning,4.181347150259068,28.123910939012593,0.4622057001239157,0
2025-04-18,9.5,9.49,5.0,14.49,10.76,47 min 41 sec,Jack in the Box (501 N Milpas St),2,2,34.4442097,-119.7533145,34.4262994,-119.6856795,4,Friday,False,False,47.68333333333333,13.53932191541419,Morning,1.346654275092937,18.23278573925201,0.3450655624568668,0
2025-04-18,15.0,7.09,0.0,7.09,11.46,47m 47s,Su’s Bowl (Isla Vista),1,1,34.42630266716738,-119.73232483278632,34.4129772,-119.857419,4,Friday,False,False,47.78333333333333,14.3899546564353,Afternoon,0.618673647469459,8.902685734216952,0.0,1
2025-04-18,17.5,5.52,7.0,12.52,5.87,31 min 33 sec,Vons:3329,6,1,34.4231777,-119.6610121,34.40314595353998,-119.72389330095226,4,Friday,False,False,31.55,11.16323296354992,Afternoon,2.1328790459965927,23.80982567353407,0.5591054313099042,0
2025-04-18,20.0,6.0600000000000005,8.0,14.06,2.76,34m 17s,McDonald's (3940 State St),12,1,34.4391644,-119.7699483,34.440895,-119.753051,4,Friday,False,False,34.28333333333333,4.830335439961108,Evening,5.0942028985507255,24.606708799222172,0.5689900426742531,1
2025-08-18,11.0,5.5,6.0,11.5,13.4,52m 30s,Momma’s Soul Food,3,1,34.4009632,-119.7042387,34.41468832838109,-119.85674431175606,0,Monday,False,False,52.5,15.314285714285717,Lunch,0.8582089552238805,13.142857142857142,0.5217391304347826,0
2025-08-18,20.0,4.96,0.08,5.04,1.51,18 min 51 sec,Eureka! (Santa Barbara),6,1,34.4403683,-119.7302801,34.41881513514415,-119.70021517696546,0,Monday,False,False,18.85,4.806366047745358,Evening,3.337748344370861,16.042440318302386,0.0158730158730158,1
2025-08-18,22.0,2.51,7.77,10.28,1.56,9 min 23 sec,Broad Street Oyster Company (Santa Barbara),1,1,34.414603,-119.6898905,34.41652699999999,-119.6945756,0,Monday,False,False,9.383333333333333,9.975133214920072,Night,6.589743589743589,65.7335701598579,0.7558365758754864,1
2025-07-18,8.5,3.66,0.0,3.66,0.82,10m 01s,Starbucks (Five Points Center),1,1,34.4418142,-119.7489223,34.43911270835084,-119.75283467693296,4,Friday,False,False,10.016666666666667,4.911813643926788,Morning,4.463414634146342,21.923460898502498,0.0,0
2025-07-18,10.0,3.0699999999999994,5.22,8.29,4.1,24m 03s,McDonald's (6900 Market Place Drive),1,1,34.4371445,-119.8926342,34.4290307,-119.870121,4,Friday,False,False,24.05,10.228690228690228,Morning,2.021951219512195,20.68191268191268,0.629674306393245,0
2025-07-18,10.5,17.08,0.0,17.08,8.48,26m 15s,Apple Inc – State Street R317,3,1,34.4542158,-119.7895153,34.42159122741617,-119.70132079045804,4,Friday,False,False,26.25,19.382857142857144,Morning,2.014150943396226,39.04,0.0,0
2025-07-18,11.0,8.08,2.0,10.08,7.51,29m 47s,KFC (5697 Calle Real),3,1,34.41438724793922,-119.86268019230872,34.4407896,-119.823381,4,Friday,False,False,29.783333333333335,15.129266927811974,Lunch,1.3422103861517976,20.30665920537213,0.1984126984126984,0
2025-07-18,12.0,16.34,6.0,22.34,17.21,1h 3m,Albertsons (0354),9,3,34.3999898,-119.7266466,34.44249063680539,-119.82547960064971,4,Friday,False,False,3.0,344.2,Lunch,1.2980825101685065,446.7999999999999,0.2685765443151298,0
2025-07-18,15.0,4.06,1.03,5.09,2.0,14m 11s,Little Caesars (109 S Fairview Ave),1,1,34.4425348,-119.8359188,34.437549,-119.831125,4,Friday,False,False,14.183333333333334,8.460634547591068,Afternoon,2.545,21.53231492361927,0.2023575638506876,0
2025-07-18,19.5,4.470000000000001,10.75,15.22,4.2,26m 38s,Santa Barbara Pizza House (515 State St),6,1,34.4495877,-119.7192998,34.4170674,-119.6962842,4,Friday,False,False,26.633333333333333,9.461827284105132,Evening,3.623809523809524,34.28785982478098,0.7063074901445466,1
2025-07-18,19.5,3.5600000000000005,5.0,8.56,3.07,19m 36s,McDonald's (29 N Milpas St),6,1,34.414603,-119.6898905,34.4222641,-119.6802126,4,Friday,False,False,19.6,9.397959183673468,Evening,2.7882736156351795,26.204081632653057,0.5841121495327103,0
2025-07-18,20.0,5.85,13.26,19.11,5.04,28m 02s,Presto Pasta,12,2,34.4155208,-119.6979981,34.4372423191789,-119.72606260395004,4,Friday,False,False,28.033333333333335,10.787158145065398,Evening,3.7916666666666665,40.9013079667063,0.6938775510204082,1
2025-06-18,0.0,3.1900000000000004,5.11,8.3,1.6,23m 18s,Jack in the Box (501 N Milpas St),1,1,34.4315262,-119.7014581,34.4262994,-119.6856795,2,Wednesday,False,False,23.3,4.120171673819742,Night,5.1875,21.373390557939913,0.6156626506024097,1
2025-06-18,1.5,3.9999999999999982,12.83,16.83,4.72,21m 03s,7-Eleven (3430 State St),1,1,34.4095297,-119.7608582,34.440708,-119.737845,2,Wednesday,False,False,21.05,13.453681710213775,Night,3.565677966101694,47.971496437054626,0.76232917409388,1
2025-06-18,8.0,3.2,3.0,6.2,3.1,26m 46s,Santa Barbara Roasting Company,1,1,34.4286506,-119.6834206,34.4151156,-119.6943257,2,Wednesday,False,False,26.766666666666666,6.948941469489416,Morning,2.0,13.897882938978832,0.4838709677419354,0
2025-06-18,8.5,3.34,3.0,6.34,4.05,24m 29s,McDonald's (29 N Milpas St),1,1,34.4252023,-119.7147203,34.4222641,-119.6802126,2,Wednesday,False,False,24.483333333333334,9.92511912865895,Morning,1.5654320987654322,15.53710006807352,0.473186119873817,0
2025-06-18,11.0,3.5700000000000003,4.0,7.57,3.34,16m 29s,Nothing Bundt Cakes (Santa Barbara-Goleta),3,1,34.4444537,-119.7843282,34.4417208,-119.8256748,2,Wednesday,False,False,16.483333333333334,12.157735085945395,Lunch,2.2664670658682637,27.555106167846308,0.5284015852047556,0
2025-06-18,16.0,7.02,0.0,7.02,3.33,26m 45s,7‑Eleven (Montecito St),2,1,34.4252023,-119.7147203,34.41226742768558,-119.6977621609164,2,Wednesday,False,False,26.75,7.469158878504673,Afternoon,2.108108108108108,15.745794392523363,0.0,0
2025-06-18,20.5,4.520000000000001,9.03,13.55,3.18,24m 37s,"Taco Bell, 821 N Milpas St",12,2,34.4403683,-119.7302801,34.4295465,-119.6900785,2,Wednesday,False,False,24.616666666666667,7.750846310088017,Evening,4.261006289308176,33.026404874746106,0.666420664206642,1
2025-06-18,21.5,5.42,9.61,15.03,11.6,35m 23s,Edomasa,1,1,34.4233378,-119.8739739,34.43619233892461,-119.72536888860704,2,Wednesday,False,False,35.38333333333333,19.670277908619877,Evening,1.2956896551724135,25.486575600565235,0.6393878908848969,1
2025-03-18,0.5,6.030000000000001,8.6,14.63,10.55,22 min 45 s,McDonald's (146 S Fairview Ave),1,1,34.4221319,-119.702667,34.4368598,-119.8301855,1,Tuesday,False,False,22.75,27.82417582417583,Night,1.3867298578199052,38.58461538461539,0.5878332194121667,1
2025-03-18,1.5,5.04,2.0,7.04,8.84,27 min 45 s,Taco Bell (5980 Hollister Ave),1,1,34.4031079,-119.7335103,34.4362939,-119.8304545,1,Tuesday,False,False,27.75,19.113513513513514,Night,0.7963800904977376,15.22162162162162,0.2840909090909091,1
2025-03-18,2.0,9.07,2.0,11.07,2.92,18 min 34 s,McDonald's (29 N Milpas St),1,1,34.4221319,-119.702667,34.4222683,-119.6802254,1,Tuesday,False,False,18.566666666666663,9.436265709156196,Night,3.791095890410959,35.77378815080791,0.1806684733514001,1
2025-03-18,9.0,4.67,8.63,13.3,8.19,27m 33s,"Hook & Press Donuts, E Mission St, Santa Barbara",1,1,34.427729,-119.7906988,34.4229668,-119.7028071,1,Tuesday,False,False,27.55,17.83666061705989,Morning,1.6239316239316242,28.965517241379313,0.6488721804511278,0
2025-05-18,1.0,5.24,10.81,16.05,5.49,35m 38s,"Taco Bell, 821 N Milpas St",2,1,34.4084015,-119.6935198,34.4295465,-119.6900785,6,Sunday,True,False,35.63333333333333,9.244153414405988,Night,2.9234972677595628,27.02525724976614,0.6735202492211838,1
2025-05-18,7.5,5.4,0.0,5.4,5.49,12m 52s,McDonald's (3940 State St),1,1,34.4554367,-119.7681097,34.440895,-119.753051,6,Sunday,True,False,12.866666666666667,25.60103626943005,Morning,0.9836065573770492,25.181347150259068,0.0,0
2025-05-18,8.5,3.1799999999999997,6.0,9.18,2.23,22m 34s,Backyard Bowls - Motor Way,1,1,34.4295783,-119.6795965,34.415181,-119.6944264,6,Sunday,True,False,22.566666666666663,5.929098966026588,Morning,4.116591928251121,24.40768094534712,0.6535947712418301,0
2025-05-18,17.5,5.199999999999999,8.84,14.04,4.43,21m 36s,Apna Indian Kitchen (Santa Barbara),12,2,34.4294795,-119.7318762,34.4191948,-119.6985613,6,Sunday,True,False,21.6,12.305555555555554,Afternoon,3.1693002257336342,38.99999999999999,0.6296296296296297,0
2025-05-18,18.0,3.59,18.52,22.11,3.25,20m 19s,Thai Bistro,6,1,34.4113926,-119.7295282,34.440842418961715,-119.7322697886068,6,Sunday,True,False,20.316666666666663,9.598031173092702,Evening,6.803076923076923,65.29614438063989,0.8376300316598824,1
2025-05-18,18.0,6.120000000000001,13.14,19.26,5.76,29m 14s,Habit Burger & Grill (628 State Street),12,2,34.4303666,-119.7243836,34.4184879,-119.697435,6,Sunday,True,False,29.233333333333334,11.82212086659065,Evening,3.3437500000000004,39.53021664766249,0.6822429906542056,0
2025-05-18,19.0,2.24,3.74,5.98,0.84,11m 8s,"Panda Express, 605 Paseo Nuevo",6,1,34.4166005,-119.6900215,34.4187049,-119.7001661,6,Sunday,True,False,11.133333333333333,4.526946107784431,Evening,7.1190476190476195,32.227544910179645,0.6254180602006689,1
2025-05-18,20.5,17.4,0.0,17.4,5.67,16m 46s,McDonald's (29 N Milpas St),6,1,34.4307396,-119.7170708,34.422371479395885,-119.6802602191625,6,Sunday,True,False,16.766666666666666,20.290258449304176,Evening,3.0687830687830684,62.26640159045725,0.0,0
2025-09-18,15.5,3.789999999999999,6.57,10.36,3.41,22m 02s,Hibachi Steak House & Sushi Bar,1,1,34.44791,-119.7153759,34.416982,-119.6955376,3,Thursday,False,False,22.033333333333335,9.285930408472012,Afternoon,3.0381231671554247,28.21180030257186,0.6341698841698842,1
2025-04-19,8.5,3.0199999999999996,10.0,13.02,0.81,12 min 02 sec,Vons:3329,1,1,34.4011196,-119.7200647,34.40314595353998,-119.72389330095226,5,Saturday,True,False,12.033333333333331,4.038781163434904,Morning,16.074074074074073,64.91966759002771,0.7680491551459294,0
2025-04-19,9.0,5.5,3.0,8.5,3.35,33 min 34 sec,"Starbucks (State & Victoria, Santa Barbara)",1,1,34.4158583,-119.6767938,34.42407225156649,-119.70583674302095,5,Saturday,True,False,33.56666666666667,5.988083416087387,Morning,2.5373134328358207,15.193644488579938,0.3529411764705882,0
2025-04-19,12.5,5.779999999999999,3.84,9.62,11.92,34 min 43 sec,Breakfast Beauties (6553 Pardall Rd),3,1,34.4011196,-119.7200647,34.4129186,-119.8564074,5,Saturday,True,False,34.71666666666667,20.601056168987036,Lunch,0.8070469798657718,16.626020163226112,0.3991683991683992,0
2025-04-19,18.5,2.49,11.93,14.42,2.97,15m 47s,Mesa Burger (315 Meigs Road),6,1,34.4031079,-119.7335103,34.4009025,-119.7225921,5,Saturday,True,False,15.783333333333331,11.29039070749736,Evening,4.855218855218855,54.81731784582894,0.8273231622746186,1
2025-04-19,19.5,2.27,3.23,5.5,2.28,18m 53s,Presto Pasta,6,1,34.4281191,-119.7174374,34.4372423191789,-119.72606260395004,5,Saturday,True,False,18.883333333333333,7.244483671668137,Evening,2.412280701754386,17.475728155339805,0.5872727272727273,1
2025-04-19,19.5,2.9499999999999993,4.69,7.64,2.08,32m 44s,Apna Indian Kitchen (Santa Barbara),6,1,34.4256257,-119.7088716,34.41954879131675,-119.6986256769655,5,Saturday,True,False,32.733333333333334,3.812627291242362,Evening,3.673076923076923,14.0040733197556,0.6138743455497383,1
2025-04-19,20.0,3.67,3.34,7.01,1.85,20 min 29 sec,Hana Kitchen - State Street,6,1,34.4266298,-119.6999249,34.4167916,-119.6958944,5,Saturday,True,False,20.483333333333334,5.419039869812856,Evening,3.7891891891891887,20.533767290480064,0.4764621968616262,0
2025-04-19,21.0,4.0600000000000005,4.0,8.06,1.79,28 min 56 sec,"Panda Express, 605 Paseo Nuevo",2,1,34.4085594,-119.7008271,34.4187049,-119.7001661,5,Saturday,True,False,28.933333333333337,3.711981566820276,Evening,4.5027932960893855,16.71428571428571,0.4962779156327543,0
2025-04-19,21.5,7.109999999999999,12.2,19.31,5.06,45m 08s,Jack in the Box (501 N Milpas St),2,2,34.4127903,-119.690689,34.4262994,-119.6856795,5,Saturday,True,False,45.13333333333333,6.7267355982274735,Evening,3.816205533596838,25.67060561299852,0.6317969963749352,1
2025-04-19,22.5,4.640000000000001,3.43,8.07,4.42,12m 10s,Wendy's (5724 Hollister Ave),1,1,34.4364333,-119.8760032,34.4359505,-119.824232,5,Saturday,True,False,12.166666666666666,21.7972602739726,Night,1.82579185520362,39.79726027397261,0.4250309789343247,1
2025-04-19,23.5,2.41,5.05,7.46,0.56,14m 39s,McDonald's (146 S Fairview Ave),1,1,34.4374694,-119.8266186,34.4368539,-119.8301947,5,Saturday,True,False,14.65,2.293515358361775,Night,13.32142857142857,30.552901023890783,0.6769436997319035,1
2025-08-19,8.0,2.01,1.0,3.01,0.69,10m 18s,Starbucks (888 Embarcadero del Norte),1,1,34.41354471709212,-119.85871043763863,34.4133556,-119.8551797,1,Tuesday,False,False,10.3,4.019417475728154,Morning,4.36231884057971,17.53398058252427,0.3322259136212624,0
2025-08-19,11.5,2.66,3.0,5.66,6.81,23m 07s,Super Cuca's (626 W Micheltorena St),3,1,34.4111392,-119.7201877,34.4193402,-119.7158748,1,Tuesday,False,False,23.116666666666667,17.675558759913482,Lunch,0.8311306901615272,14.69069935111752,0.5300353356890459,0
2025-08-19,18.0,3.759999999999998,17.44,21.2,4.52,17 min 40 sec,California Pizza Kitchen (719 Paseo Nuevo),6,1,34.4196539,-119.6378426,34.4188553,-119.7005545,1,Tuesday,False,False,17.666666666666668,15.350943396226413,Evening,4.690265486725664,72.0,0.8226415094339623,1
2025-08-19,20.0,4.5,9.1,13.6,5.4,23 min 40 sec,Nick the Greek (Santa Barbara),12,2,34.4543453,-119.7362781,34.4171204,-119.6957341,1,Tuesday,False,False,23.666666666666668,13.690140845070422,Evening,2.518518518518518,34.478873239436616,0.6691176470588235,1
2025-08-19,21.5,5.57,0.0,5.57,3.81,33 min 46 sec,Chick-fil-A (3707 State St),1,1,34.4211771,-119.5937541,34.44029719326225,-119.7429107309353,1,Tuesday,False,False,33.766666666666666,6.769990128331689,Evening,1.4619422572178478,9.897334649555775,0.0,1
2025-08-19,23.5,4.15,5.99,10.14,5.34,16 min 26 sec,Jack in the Box (501 N Milpas St),1,1,34.4403255,-119.7247736,34.4262994,-119.6856795,1,Tuesday,False,False,16.433333333333334,19.496957403651113,Night,1.8988764044943824,37.022312373225155,0.5907297830374754,1
2025-07-19,6.5,10.04,2.0,12.04,5.12,19m 13s,Vons:3329,1,1,34.4064551,-119.7412823,34.40314595353998,-119.72389330095226,5,Saturday,True,False,19.216666666666665,15.986123156981789,Morning,2.3515625,37.59236773633998,0.1661129568106312,0
2025-07-19,7.5,4.16,9.23,13.39,4.33,39m 41s,Starbucks (3052 De La Vina),2,2,34.4591501,-119.7349545,34.44038463435986,-119.7294007327857,5,Saturday,True,False,39.68333333333333,6.546829063418732,Morning,3.092378752886836,20.245275094498112,0.6893203883495146,0
2025-07-19,9.0,5.06,2.0,7.06,6.86,25m 26s,7-Eleven (5810 Hollister),1,1,34.40967543920838,-119.84433283463753,34.4361697,-119.8269452,5,Saturday,True,False,25.433333333333337,16.183486238532108,Morning,1.0291545189504372,16.655307994757532,0.28328611898017,0
2025-07-19,19.0,2.4400000000000013,13.44,15.88,0.45,17m 47s,St. Bibiana,6,1,34.4279799,-119.7211213,34.41828329545669,-119.69861404998004,5,Saturday,True,False,17.783333333333335,1.5182755388940954,Evening,35.28888888888889,53.57825679475164,0.8463476070528967,1
2025-07-19,19.5,6.19,3.95,10.14,11.23,28m 46s,Gopuff Delivery,6,1,34.4106950633126,-119.86198507511556,34.440715206830504,-119.73035170394978,5,Saturday,True,False,28.766666666666666,23.422943221320978,Evening,0.9029385574354408,21.149478563151796,0.3895463510848126,0
2025-07-19,20.0,5.41,19.64,25.05,12.43,24m 33s,Thai Bistro,6,1,34.4306314,-119.8579762,34.440842418961715,-119.7322697886068,5,Saturday,True,False,24.55,30.378818737270873,Evening,2.015285599356396,61.22199592668024,0.7840319361277445,1
2025-07-19,20.5,3.09,3.0,6.09,1.82,19m 49s,Habit Burger & Grill (5735 Hollister Avenue),6,1,34.4344523,-119.8090803,34.4355801,-119.8247132,5,Saturday,True,False,19.816666666666663,5.510513036164846,Evening,3.346153846153846,18.439024390243905,0.4926108374384236,1
2025-07-19,21.5,3.5599999999999996,5.11,8.67,2.45,33m 12s,Chick-fil-A (3707 State St),1,1,34.4304021,-119.7037918,34.44029719326225,-119.7429107309353,5,Saturday,True,False,33.2,4.427710843373494,Evening,3.5387755102040814,15.66867469879518,0.5893886966551327,1
2025-06-19,0.0,14.66,6.0,20.66,5.99,18m 30s,Taco Bell (140 N. Fairview),1,1,34.4302899,-119.8601508,34.4422877,-119.8303351,3,Thursday,False,True,18.5,19.427027027027027,Night,3.4490818030050083,67.0054054054054,0.2904162633107454,1
2025-06-19,11.5,3.380000000000001,5.5,8.88,3.84,27m 20s,Kyle’s Kitchen - Calle Real,3,1,34.4295901,-119.7971672,34.4409167,-119.8240939,3,Thursday,False,True,27.333333333333332,8.429268292682927,Lunch,2.3125000000000004,19.49268292682927,0.6193693693693693,0
2025-03-19,0.5,2.22,2.0,4.22,0.42,7 min 09 s,"McDonald's, Cliff Dr",1,1,34.4221319,-119.702667,34.4018295,-119.7223439,2,Wednesday,False,False,7.15,3.524475524475524,Night,10.047619047619047,35.412587412587406,0.4739336492890995,1
2025-03-19,1.0,4.449999999999999,4.58,9.03,5.09,34 min 44 s,McDonald's (29 N Milpas St),1,1,34.4221319,-119.702667,34.4275988174044,-119.6801264375999,2,Wednesday,False,False,34.733333333333334,8.792706333973129,Night,1.774066797642436,15.598848368522072,0.5071982281284607,1
2025-03-19,2.5,2.829999999999999,7.19,10.02,1.92,15 min 59 s,Jack in the Box (6875 Hollister Ave),1,1,34.417430743473545,-119.85865276455183,34.4299362,-119.8687794,2,Wednesday,False,False,15.983333333333333,7.207507820646506,Night,5.21875,37.614181438998955,0.7175648702594811,1
2025-03-19,7.5,3.810000000000001,3.38,7.19,5.49,16m 40s,"Starbucks (1990 Cliff Drive, Santa Barbara)",1,1,34.4424424,-119.7299501,34.4023846,-119.7234177,2,Wednesday,False,False,16.666666666666668,19.764,Morning,1.3096539162112932,25.884,0.4700973574408901,0
2025-03-19,7.5,6.109999999999999,9.41,15.52,6.9,32m 19s,The Patio Cafe,2,2,34.4063585,-119.7141052,34.4388272,-119.728855,2,Wednesday,False,False,32.31666666666667,12.810727178958226,Morning,2.2492753623188406,28.81485301701908,0.6063144329896908,0
2025-05-19,2.0,8.01,0.0,8.01,7.08,26m 17s,"Taco Bell, 821 N Milpas St",1,1,34.4202466,-119.710054,34.4295465,-119.6900785,0,Monday,False,False,26.283333333333335,16.162333544705135,Night,1.1313559322033897,18.285351934051995,0.0,1
2025-05-19,9.5,2.16,4.17,6.33,0.62,9m 34s,IV Deli Mart (Goleta),1,1,34.41585243388985,-119.85631960395098,34.412926,-119.8563993,0,Monday,False,False,9.566666666666666,3.8885017421602783,Morning,10.209677419354838,39.70034843205575,0.6587677725118484,0
2025-05-19,11.5,3.3499999999999996,7.76,11.11,3.2,18m 38s,IHOP (State St),3,1,34.4264238,-119.7034847,34.4279962,-119.7111691,0,Monday,False,False,18.633333333333333,10.304114490161004,Lunch,3.471875,35.77459749552773,0.6984698469846985,0
2025-05-19,16.0,6.140000000000001,15.0,21.14,9.43,35m 38s,Mesa Burger (315 Meigs Road),1,1,34.4376644,-119.6260449,34.4009025,-119.7225921,0,Monday,False,False,35.63333333333333,15.878391019644528,Afternoon,2.241781548250265,35.595884003741816,0.7095553453169346,0
2025-05-19,18.0,4.1899999999999995,8.83,13.02,6.8,20m 31s,Corazon Cocina (Santa Barbara),6,1,34.4611532,-119.7798802,34.4234746,-119.7069745,0,Monday,False,False,20.516666666666666,19.886271324126724,Evening,1.9147058823529413,38.076360682372055,0.6781874039938557,0
2025-05-19,18.5,3.4800000000000004,16.59,20.07,6.66,22m 17s,Kyoto Japanese Restaurant,6,1,34.4664146,-119.7761123,34.44066623137493,-119.73383312633293,0,Monday,False,False,22.283333333333335,17.932685115931186,Evening,3.0135135135135136,54.04038893044128,0.8266068759342302,0
2025-05-19,19.5,13.48,8.0,21.48,9.8,28m 59s,Dave’s Dogs,12,2,34.4011196,-119.7200647,34.43783780362477,-119.7897006751142,0,Monday,False,False,28.983333333333334,20.28752156411731,Evening,2.1918367346938776,44.466935020126506,0.37243947858473,0
2025-09-19,20.5,5.039999999999999,5.0,10.04,1.42,13m 52s,McDonald's (29 N Milpas St),6,1,34.4158583,-119.6767938,34.4222641,-119.6802126,4,Friday,False,False,13.866666666666667,6.144230769230768,Evening,7.070422535211267,43.442307692307686,0.4980079681274901,1
2025-09-19,21.5,2.99,6.24,9.23,2.61,20m 26s,McConnell's Fine Ice Creams (728 State St.),1,1,34.4240478,-119.6991564,34.4194219,-119.698832,4,Friday,False,False,20.433333333333337,7.6639477977161485,Evening,3.5363984674329507,27.102773246329523,0.676056338028169,1
2025-09-19,22.5,5.489999999999998,11.57,17.06,5.9,39m 45s,"Taco Bell, 821 N Milpas St",2,2,34.4267969,-119.714442,34.4295465,-119.6900785,4,Friday,False,False,39.75,8.905660377358492,Night,2.891525423728813,25.750943396226415,0.6781946072684644,1
2025-09-19,23.5,3.849999999999998,18.12,21.97,1.61,21m 33s,"Taco Bell, 821 N Milpas St",1,1,34.4209307,-119.7024531,34.4295465,-119.6900785,4,Friday,False,False,21.55,4.482598607888631,Night,13.645962732919251,61.169373549883986,0.8247610377787894,1
2025-04-02,8.0,14.07,2.0,16.07,7.26,32m 9s,Subway (The Arbor University Center),1,1,34.4330958,-119.8088444,34.4141589,-119.8465333,2,Wednesday,False,False,32.15,13.548989113530329,Morning,2.213498622589532,29.990668740279943,0.1244555071561916,0
2025-04-02,11.0,2.28,3.0,5.28,0.81,8m 35s,Peet’s Coffee – Santa Barbara (1040),1,1,34.4403683,-119.7302801,34.4402556,-119.7515615,2,Wednesday,False,False,8.583333333333334,5.662135922330097,Lunch,6.518518518518518,36.908737864077665,0.5681818181818181,1
2025-04-02,11.5,9.04,9.0,18.04,5.64,38m 14s,Chick-fil-A (3707 State St),6,2,34.4202466,-119.710054,34.44029719326225,-119.7429107309353,2,Wednesday,False,False,38.233333333333334,8.850915431560592,Lunch,3.198581560283688,28.31037489102005,0.4988913525498891,0
2025-04-02,11.5,3.1100000000000003,5.31,8.42,3.36,27m 31s,"Jersey Mike’s (199 South Turnpike Road, Suite 102)",3,1,34.4467396,-119.8051751,34.436867,-119.7899229,2,Wednesday,False,False,27.516666666666666,7.326468806783768,Lunch,2.505952380952381,18.359781950333133,0.6306413301662708,1
2025-04-02,18.0,27.29,8.72,36.01,16.15,57m 27s,Nick the Greek (Santa Barbara),12,2,34.4146025,-119.84581,34.4171204,-119.6957341,2,Wednesday,False,False,57.45,16.866840731070493,Evening,2.2297213622291023,37.60835509138381,0.242154956956401,0
2025-04-02,19.0,2.3,4.63,6.93,0.8,12m 15s,Sachi Ramen (Santa Barbara),6,1,34.4166005,-119.6900215,34.4179964,-119.7000379,2,Wednesday,False,False,12.25,3.918367346938776,Evening,8.6625,33.94285714285714,0.6681096681096681,1
2025-04-02,20.0,3.0999999999999996,4.0,7.1,1.45,18m 33s,Habit Burger & Grill (628 State Street),6,1,34.4084015,-119.6935198,34.4184879,-119.697435,2,Wednesday,False,False,18.55,4.690026954177897,Evening,4.896551724137931,22.96495956873315,0.5633802816901409,1
2025-04-02,21.5,2.1999999999999997,3.43,5.63,1.52,12m 07s,Taco Bell (1840 Cliff Dr),1,1,34.4149116,-119.7134866,34.4018453,-119.7217806,2,Wednesday,False,False,12.116666666666667,7.526822558459422,Evening,3.7039473684210527,27.878954607977988,0.6092362344582594,1
2025-04-02,22.0,2.5200000000000005,4.13,6.65,2.9,21m 00s,Taco Bell (1840 Cliff Dr),1,1,34.414603,-119.6898905,34.4018453,-119.7217806,2,Wednesday,False,False,21.0,8.285714285714286,Night,2.293103448275862,19.000000000000004,0.6210526315789473,1
2025-08-02,7.5,2.0100000000000007,5.31,7.32,3.67,19m 48s,Starbucks (Hollister & Storke-Goleta),1,1,34.4297055,-119.8696173,34.42963227133667,-119.87246797090242,5,Saturday,True,False,19.8,11.12121212121212,Morning,1.9945504087193464,22.18181818181818,0.7254098360655737,0
2025-08-02,10.0,5.99,1.1,7.09,2.77,16m 59s,"Hook & Press Donuts, E Mission St, Santa Barbara",1,1,34.4218473,-119.6741022,34.4229668,-119.7028071,5,Saturday,True,False,16.983333333333334,9.786064769381747,Morning,2.55956678700361,25.048086359175663,0.155148095909732,0
2025-08-02,16.0,5.8500000000000005,7.2,13.05,8.26,40 min 8 sec,PetSmart (Santa Barbara),1,1,34.4384679,-119.6066926,34.4249233,-119.68148,5,Saturday,True,False,40.13333333333333,12.348837209302326,Afternoon,1.579903147699758,19.50996677740864,0.5517241379310345,1
2025-08-02,17.0,3.499999999999999,4.86,8.36,4.05,31 min 27 sec,McDonald's (29 N Milpas St),6,1,34.4177913,-119.7122866,34.4222641,-119.6802126,5,Saturday,True,False,31.45,7.726550079491256,Afternoon,2.0641975308641975,15.949125596184418,0.5813397129186604,1
2025-08-02,18.5,10.37,6.97,17.34,16.35,47m 56s,Sama Sama Kitchen,12,2,34.4106950633126,-119.86198507511556,34.4237181,-119.7046904,5,Saturday,True,False,47.93333333333333,20.46592489568846,Evening,1.0605504587155965,21.705146036161334,0.4019607843137255,0
2025-08-02,19.0,10.909999999999997,16.17,27.08,7.44,50 min 32 sec,Jersey Mike's Subs (3325 State Street),18,3,34.3988455,-119.7042425,34.44026089331222,-119.7358754039498,5,Saturday,True,False,50.53333333333333,8.83377308707124,Evening,3.6397849462365586,32.15303430079155,0.5971196454948302,1
2025-08-02,20.5,4.16,17.14,21.3,5.41,18m 1s,Kyle’s Kitchen - Calle Real,6,1,34.4333896,-119.7958256,34.4409167,-119.8240939,5,Saturday,True,False,18.016666666666666,18.016651248843665,Evening,3.9371534195933457,70.93432007400556,0.8046948356807512,0
2025-07-02,11.0,2.5199999999999996,2.0,4.52,0.84,18m 41s,"Panda Express, 605 Paseo Nuevo",3,1,34.4252023,-119.7147203,34.4187049,-119.7001661,2,Wednesday,False,False,18.683333333333337,2.697591436217662,Lunch,5.3809523809523805,14.515611061552182,0.4424778761061947,1
2025-07-02,11.5,8.779999999999998,16.78,25.56,16.92,1h 15m,Sushiya Express,6,2,34.4220828,-119.6795356,34.4119508,-119.8574282,2,Wednesday,False,False,15.0,67.68,Lunch,1.5106382978723405,102.24,0.6564945226917058,0
2025-07-02,11.5,4.18,4.5,8.68,5.53,19m 44s,Rudy’s Restaurant,3,1,34.4295385,-119.6278683,34.42309814966597,-119.6982640466514,2,Wednesday,False,False,19.733333333333334,16.81418918918919,Lunch,1.5696202531645569,26.39189189189189,0.5184331797235023,1
2025-07-02,12.0,5.869999999999999,3.0,8.87,3.06,24m 21s,Super Cuca's (626 W Micheltorena St),1,1,34.4190692,-119.7165843,34.4193402,-119.7158748,2,Wednesday,False,False,24.35,7.540041067761806,Lunch,2.8986928104575163,21.85626283367556,0.3382187147688839,0
2025-07-02,13.5,6.800000000000001,4.0,10.8,4.57,28m 10s,Jeannine’s Bakery (15 E Figueroa St),3,1,34.4062031,-119.6946365,34.412192,-119.689592,2,Wednesday,False,False,28.166666666666668,9.734911242603552,Lunch,2.363238512035011,23.00591715976331,0.3703703703703703,0
2025-07-02,15.0,4.65,1.0,5.65,1.28,11m 42s,Cajé,1,1,34.4391992,-119.8509255,34.425317675129044,-119.7066449776383,2,Wednesday,False,False,11.7,6.564102564102565,Afternoon,4.4140625,28.974358974358974,0.1769911504424778,0
2025-07-02,17.5,5.42,4.0,9.42,2.44,22m 31s,Presto Pasta,3,1,34.4119172,-119.6914365,34.4372423191789,-119.72606260395004,2,Wednesday,False,False,22.516666666666666,6.501850481125093,Afternoon,3.860655737704918,25.10140636565507,0.4246284501061571,0
2025-07-02,18.5,5.800000000000001,5.0,10.8,5.36,23m 14s,Broad Street Oyster Company (Santa Barbara),6,1,34.4161028,-119.7150814,34.41675111625011,-119.6945701394936,2,Wednesday,False,False,23.233333333333334,13.842180774748924,Evening,2.014925373134328,27.8909612625538,0.4629629629629629,0
2025-07-02,21.0,4.9,13.94,18.84,3.2,20m 24s,Jack in the Box (501 N Milpas St),2,2,34.4252023,-119.7147203,34.4262994,-119.6856795,2,Wednesday,False,False,20.4,9.411764705882357,Evening,5.887499999999999,55.411764705882355,0.7399150743099787,1
2025-07-02,23.0,3.5699999999999985,15.42,18.99,5.33,24m 28s,Taco Bell (1840 Cliff Dr),1,1,34.4403683,-119.7302801,34.4018453,-119.7217806,2,Wednesday,False,False,24.466666666666665,13.070844686648504,Night,3.562851782363977,46.56948228882834,0.812006319115324,1
2025-06-02,0.5,2.4299999999999997,5.0,7.43,1.08,21m 37s,"Taco Bell, 821 N Milpas St",1,1,34.4215118,-119.6941699,34.4295465,-119.6900785,0,Monday,False,False,21.616666666666667,2.997686969930609,Night,6.879629629629629,20.62297609868928,0.6729475100942127,1
2025-06-02,8.5,2.8100000000000005,5.76,8.57,2.93,18m 13s,"Crushcakes & Cafe, E Arrellaga St",1,1,34.4221319,-119.702667,34.4353401,-119.812357,0,Monday,False,False,18.216666666666665,9.650503202195791,Morning,2.924914675767918,28.22689844464776,0.6721120186697782,0
2025-06-02,12.0,2.6399999999999997,3.66,6.3,0.93,17m 40s,Teddy Rice,3,1,34.43376110083814,-119.89789477511442,34.4118246,-119.8568228,0,Monday,False,False,17.666666666666668,3.158490566037736,Lunch,6.774193548387096,21.39622641509434,0.580952380952381,0
2025-05-02,0.0,8.82,4.67,13.49,7.03,26m 41s,McDonald's (29 N Milpas St),1,1,34.4158583,-119.6767938,34.42374070774889,-119.67975739730134,4,Friday,False,False,26.683333333333337,15.807620237351651,Night,1.9189189189189189,30.33354153653966,0.3461823573017049,1
2025-05-02,1.0,7.4,0.0,7.4,4.35,21m 37s,McDonald's (29 N Milpas St),1,1,34.4202466,-119.710054,34.42374070774889,-119.67975739730134,4,Friday,False,False,21.616666666666667,12.074016962220506,Night,1.7011494252873565,20.53970701619121,0.0,1
2025-05-02,1.5,7.639999999999999,9.44,17.08,5.06,19m 39s,Jack in the Box (501 N Milpas St),2,1,34.4252023,-119.7147203,34.4262994,-119.6856795,4,Friday,False,False,19.65,15.450381679389311,Night,3.375494071146245,52.152671755725194,0.5526932084309134,1
2025-05-02,2.5,11.06,4.0,15.06,6.4,32m 05s,Jack in the Box (501 N Milpas St),2,2,34.4265681,-119.7101531,34.4262994,-119.6856795,4,Friday,False,False,32.083333333333336,11.96883116883117,Night,2.353125,28.164155844155847,0.2656042496679947,1
2025-05-02,10.5,5.47,5.61,11.08,12.04,45 min 28 sec,Santa Barbara Roasting Company,3,1,34.4215311,-119.6503813,34.4151156,-119.6943257,4,Friday,False,False,45.46666666666667,15.88856304985337,Morning,0.920265780730897,14.621700879765395,0.5063176895306859,0
2025-05-02,19.0,15.259999999999998,21.32,36.58,14.81,56m 32s,Craft Ramen (436 State St),12,2,34.4296553,-119.8218016,34.4168205,-119.6952235,4,Friday,False,False,56.53333333333333,15.718160377358492,Evening,2.4699527346387575,38.823113207547166,0.5828321487151449,1
2025-05-02,19.5,10.529999999999998,9.55,20.08,20.59,35 min 29 sec,Kyle’s Kitchen - Calle Real,6,1,34.4268982,-119.6491549,34.4409167,-119.8240939,4,Friday,False,False,35.483333333333334,34.81634570220761,Evening,0.9752306945118988,33.9539689995303,0.475597609561753,0
2025-05-02,21.5,4.66,11.29,15.95,5.26,19m 02s,Habit Burger & Grill (628 State Street),1,1,34.4374717,-119.6821625,34.4184879,-119.697435,4,Friday,False,False,19.033333333333335,16.58143607705779,Evening,3.032319391634981,50.28021015761821,0.7078369905956112,1
2025-05-02,21.5,6.109999999999999,2.5,8.61,2.18,23 min 21 sec,Wingstop (888 Embarcadero del Norte),1,1,34.4175712,-119.8697078,34.4133272,-119.8551152,4,Friday,False,False,23.35,5.601713062098501,Evening,3.949541284403669,22.12419700214132,0.2903600464576074,0
2025-05-02,22.0,9.78,17.33,27.11,9.34,44 min 24 sec,Woodstock’s Pizza - Isla Vista,2,2,34.4408491,-119.8966441,34.4142159,-119.846429,4,Friday,False,False,44.4,12.62162162162162,Night,2.9025695931477515,36.63513513513514,0.6392475101438583,0
2025-09-02,9.0,2.3600000000000003,5.0,7.36,1.35,14m 42s,Starbucks (3052 De La Vina),1,1,34.4279799,-119.7211213,34.44038463435986,-119.7294007327857,1,Tuesday,False,False,14.7,5.510204081632653,Morning,5.451851851851852,30.040816326530617,0.6793478260869565,0
2025-09-02,20.0,6.019999999999998,11.13,17.15,5.25,27m 52s,The Win-Dow (Santa Barbara),12,2,34.4403683,-119.7302801,34.4175894,-119.6994583,1,Tuesday,False,False,27.866666666666667,11.303827751196172,Evening,3.2666666666666666,36.92583732057416,0.6489795918367348,1
2025-09-02,22.5,7.08,0.0,7.08,4.35,18m 27s,"Taco Bell, 821 N Milpas St",1,1,34.4403683,-119.7302801,34.4295465,-119.6900785,1,Tuesday,False,False,18.45,14.146341463414632,Night,1.627586206896552,23.02439024390244,0.0,1
2025-04-20,16.0,6.08,3.91,9.99,3.75,35m 01s,Bristol Farms (3855 State St.),1,1,34.4385128,-119.7033116,34.4384149,-119.7494803,6,Sunday,True,False,35.016666666666666,6.425511661113756,Afternoon,2.664,17.117563065207044,0.3913913913913914,1
2025-04-20,17.5,2.65,3.6,6.25,2.62,13m 21s,Secret Bao (1201 Anacapa St),6,1,34.4264238,-119.7034847,34.4244654,-119.7035646,6,Sunday,True,False,13.35,11.775280898876405,Afternoon,2.3854961832061066,28.089887640449437,0.5760000000000001,1
2025-04-20,19.0,2.91,5.16,8.07,2.7,15m 15s,McDonald's (29 N Milpas St),6,1,34.4281191,-119.7174374,34.42374070774889,-119.67975739730134,6,Sunday,True,False,15.25,10.622950819672132,Evening,2.988888888888889,31.75081967213115,0.6394052044609665,1
2025-04-20,19.5,3.2699999999999996,7.16,10.43,5.96,21m 40s,Wendy's (5724 Hollister Ave),6,1,34.4399823,-119.811251,34.4359505,-119.824232,6,Sunday,True,False,21.666666666666668,16.504615384615384,Evening,1.75,28.883076923076924,0.6864813039309684,1
2025-04-20,20.5,7.51,1.5,9.01,3.7,20m 48s,McDonald's (146 S Fairview Ave),6,1,34.409524963852334,-119.84438647881632,34.4368539,-119.8301947,6,Sunday,True,False,20.8,10.673076923076923,Evening,2.435135135135135,25.990384615384613,0.1664816870144284,1
2025-04-20,21.0,11.54,7.51,19.05,15.14,37m 21s,Takashi Ramen,6,1,34.4252023,-119.7147203,34.4311351,-119.8742178,6,Sunday,True,False,37.35,24.32128514056225,Evening,1.2582562747688244,30.602409638554217,0.3942257217847769,1
2025-08-20,6.5,8.61,5.0,13.61,9.15,38m 45s,Pavilions:2101,1,1,34.4217036,-119.7073816,34.42284741894046,-119.65116298110097,2,Wednesday,False,False,38.75,14.167741935483871,Morning,1.4874316939890708,21.07354838709677,0.3673769287288758,0
2025-08-20,8.0,14.95,1.25,16.2,10.52,52m 52s,Ferguson Plumbing Supply,0,1,34.4208295,-119.6895913,34.42184867058291,-119.68527898629716,2,Wednesday,False,False,52.86666666666667,11.939470365699874,Morning,1.5399239543726235,18.385876418663305,0.0771604938271605,0
2025-08-20,10.0,5.27,6.0,11.27,4.65,28m 52s,Panda Express (3849 State St Space I-58),2,2,34.4270827,-119.6992472,34.439068556781415,-119.74916984627846,2,Wednesday,False,False,28.866666666666667,9.66512702078522,Morning,2.4236559139784943,23.424942263279444,0.5323868677905945,0
2025-08-20,12.0,11.07,0.0,11.07,2.29,24m 42s,Panda Express (3849 State St Space I-58),3,1,34.4525698,-119.7552533,34.43917473717898,-119.74915911731314,2,Wednesday,False,False,24.7,5.562753036437247,Lunch,4.834061135371179,26.89068825910931,0.0,0
2025-08-20,16.0,3.109999999999999,9.71,12.82,2.44,22 min 34 sec,Nick the Greek (Santa Barbara),1,1,34.4031769,-119.703819,34.4171204,-119.6957341,2,Wednesday,False,False,22.566666666666663,6.487444608567209,Afternoon,5.254098360655738,34.08567208271788,0.7574102964118565,1
2025-08-20,16.5,3.0,5.0,8.0,2.35,14 min 35 sec,Mesa Burger (315 Meigs Road),1,1,34.4232195,-119.7237403,34.4009025,-119.7225921,2,Wednesday,False,False,14.583333333333334,9.668571428571427,Afternoon,3.404255319148936,32.91428571428572,0.625,1
2025-08-20,17.5,9.070000000000002,11.03,20.1,4.56,46m 00s,Alma Fonda Fina,12,3,34.4158583,-119.6767938,34.422888823638466,-119.6517960309361,2,Wednesday,False,False,46.0,5.947826086956521,Afternoon,4.407894736842106,26.217391304347828,0.5487562189054725,0
2025-08-20,18.0,3.04,3.0,6.04,1.03,13 min 9 sec,Asie Dumpling House (Santa Barbara),6,1,34.4122712,-119.6947154,34.416844,-119.696258,2,Wednesday,False,False,13.15,4.699619771863118,Evening,5.864077669902913,27.55893536121673,0.4966887417218543,1
2025-08-20,18.0,2.54,3.0,5.54,0.99,10 min 15 sec,7‑Eleven (Montecito St),6,1,34.4132397,-119.7015861,34.41226742768558,-119.6977621609164,2,Wednesday,False,False,10.25,5.795121951219512,Evening,5.595959595959596,32.42926829268293,0.5415162454873647,1
2025-08-20,18.5,3.4299999999999997,5.0,8.43,3.93,17 min 39 sec,Sama Sama Kitchen,6,1,34.4365191,-119.7429162,34.4237181,-119.7046904,2,Wednesday,False,False,17.65,13.35977337110482,Evening,2.145038167938931,28.657223796033996,0.5931198102016607,1
2025-08-20,18.5,8.03,0.0,8.03,5.31,17 min 56 sec,Panda Express (3849 State St Space I-58),12,1,34.4011196,-119.7200647,34.43917473717898,-119.74915911731314,2,Wednesday,False,False,17.933333333333334,17.765799256505577,Evening,1.512241054613936,26.866171003717472,0.0,1
2025-08-20,20.0,7.130000000000003,18.79,25.92,16.12,44m 11s,China Palace,12,3,34.45873985446952,-119.81123737121112,34.42186627540789,-119.6496213058011,2,Wednesday,False,False,44.18333333333333,21.89060731799321,Evening,1.607940446650124,35.19879290833648,0.7249228395061728,0
2025-07-20,8.0,3.22,3.87,7.09,2.1,15m 52s,Starbucks (3052 De La Vina),1,1,34.4468496,-119.7315608,34.44038463435986,-119.7294007327857,6,Sunday,True,False,15.866666666666667,7.941176470588236,Morning,3.376190476190476,26.8109243697479,0.5458392101551481,0
2025-07-20,18.0,7.989999999999998,11.07,19.06,8.06,37m 05s,Indian Tandoori Kingdom Inc (W Gutierrez St),12,3,34.4310335,-119.7881194,34.4223121,-119.7025417,6,Sunday,True,False,37.083333333333336,13.040898876404494,Evening,2.364764267990074,30.838651685393256,0.580797481636936,1
2025-07-20,18.5,3.1799999999999997,4.37,7.55,2.84,20m 55s,McDonald's (3940 State St),6,1,34.4290769,-119.7884664,34.440895,-119.753051,6,Sunday,True,False,20.916666666666668,8.146613545816733,Evening,2.658450704225352,21.657370517928285,0.5788079470198676,1
2025-07-20,19.5,2.599999999999998,14.71,17.31,2.4,15m 46s,Luna Grill - Santa Barbara,6,1,34.4591501,-119.7349545,34.4401289,-119.7523599,6,Sunday,True,False,15.766666666666667,9.133192389006345,Evening,7.2125,65.87315010570823,0.8497978047371463,1
2025-07-20,20.0,15.590000000000002,9.42,25.01,5.35,29m 15s,Chipotle Mexican Grill (3851 State St),12,2,34.424974,-119.7027632,34.43966324272928,-119.74907407326376,6,Sunday,True,False,29.25,10.974358974358974,Evening,4.6747663551401875,51.302564102564105,0.3766493402638944,1
2025-07-20,20.0,3.3400000000000007,4.88,8.22,2.89,11m 32s,Little Caesars (109 S Fairview Ave),6,1,34.4114977,-119.843644,34.437549,-119.831125,6,Sunday,True,False,11.533333333333331,15.03468208092486,Evening,2.8442906574394464,42.76300578034683,0.5936739659367396,0
2025-06-20,8.5,3.0599999999999996,3.0,6.06,1.58,24m 03s,Backyard Bowls - Motor Way,1,1,34.4252023,-119.7147203,34.415181,-119.6944264,4,Friday,False,False,24.05,3.941787941787942,Morning,3.835443037974683,15.11850311850312,0.4950495049504951,0
2025-06-20,11.0,2.97,4.59,7.56,2.52,17m 07s,Ike’s Love & Sandwiches (1936 State St),3,1,34.4201485,-119.7009996,34.43096606081714,-119.71425888860736,4,Friday,False,False,17.116666666666667,8.833495618305744,Lunch,3.0,26.50048685491723,0.6071428571428572,0
2025-06-20,19.0,2.88,7.13,10.01,2.61,11m 34s,"Wingstop, 3849 State St #163",6,1,34.4353285,-119.7838704,34.43951324301522,-119.74909193080344,4,Friday,False,False,11.566666666666666,13.538904899135446,Evening,3.835249042145594,51.92507204610951,0.7122877122877123,1
2025-06-20,20.0,4.600000000000001,12.32,16.92,3.5,18m 28s,Luna Grill - Santa Barbara,12,3,34.4161028,-119.7150814,34.4401289,-119.7523599,4,Friday,False,False,18.466666666666665,11.371841155234655,Evening,4.8342857142857145,54.97472924187726,0.7281323877068557,1
2025-03-20,1.0,2.79,4.76,7.55,3.18,40 min 28 s,Taco Bell (5980 Hollister Ave),1,1,34.4321735,-119.8736136,34.4362939,-119.8304545,3,Thursday,False,False,40.46666666666667,4.71499176276771,Night,2.374213836477987,11.194398682042833,0.6304635761589403,1
2025-03-20,2.0,12.380000000000004,8.29,20.67,8.99,1 h 00 min,Jack in the Box (6875 Hollister Ave),3,3,34.4358295,-119.8276389,34.4299362,-119.8687794,3,Thursday,False,False,60.0,8.99,Night,2.299221357063404,20.67,0.4010643444605708,1
2025-05-20,11.5,2.7300000000000004,3.84,6.57,2.58,22m 52s,Luna Grill - Santa Barbara,3,1,34.435276,-119.7430897,34.4401289,-119.7523599,1,Tuesday,False,False,22.866666666666667,6.769679300291545,Lunch,2.546511627906977,17.239067055393587,0.5844748858447488,0
2025-05-20,15.0,3.17,6.25,9.42,2.94,19m 56s,Panda Express (3849 State St Space I-58),1,1,34.4493705,-119.7173299,34.43917473717898,-119.74915911731314,1,Tuesday,False,False,19.933333333333337,8.849498327759195,Afternoon,3.2040816326530615,28.354515050167215,0.6634819532908705,0
2025-05-20,19.0,3.4399999999999995,7.26,10.7,2.76,22m 06s,Chick-fil-A (3707 State St),6,1,34.4260668,-119.7401955,34.44029719326225,-119.7429107309353,1,Tuesday,False,False,22.1,7.493212669683257,Evening,3.8768115942028984,29.049773755656105,0.6785046728971963,0
2025-05-20,19.5,3.619999999999999,10.73,14.35,6.49,15m 13s,Thai Bistro,6,1,34.4391992,-119.8509255,34.440842418961715,-119.7322697886068,1,Tuesday,False,False,15.216666666666669,25.59036144578313,Evening,2.211093990755008,56.58269441401971,0.7477351916376307,0
2025-05-20,20.5,4.26,2.0,6.26,4.89,31m 15s,McDonald's (6900 Market Place Drive),6,1,34.4146025,-119.84581,34.4290307,-119.870121,1,Tuesday,False,False,31.25,9.388799999999998,Evening,1.2801635991820042,12.019199999999998,0.3194888178913738,0
2025-09-20,1.0,3.139999999999999,4.9,8.04,1.94,20m 42s,"Taco Bell, 821 N Milpas St",1,1,34.4242808,-119.6668805,34.4295465,-119.6900785,5,Saturday,True,False,20.7,5.6231884057971016,Night,4.144329896907216,23.304347826086957,0.609452736318408,1
2025-09-20,16.5,3.1500000000000004,8.0,11.15,3.7,25m 26s,Mesa Burger (315 Meigs Road),1,1,34.4335639,-119.7069138,34.4009025,-119.7225921,5,Saturday,True,False,25.433333333333337,8.72870249017038,Afternoon,3.0135135135135136,26.304062909567495,0.7174887892376681,1
2025-09-20,17.5,3.0299999999999994,5.0,8.03,2.6,16m 57s,Habit Burger & Grill (628 State Street),6,1,34.4359554,-119.704894,34.4184879,-119.697435,5,Saturday,True,False,16.95,9.203539823008851,Afternoon,3.088461538461538,28.424778761061948,0.6226650062266501,1
2025-09-20,18.0,3.8999999999999986,11.22,15.12,6.49,25m 20s,Shang Hai,6,1,34.4428583,-119.7433588,34.43014456354692,-119.68984363463652,5,Saturday,True,False,25.333333333333332,15.371052631578948,Evening,2.3297380585516176,35.810526315789474,0.7420634920634921,1
2025-09-20,18.5,3.85,5.58,9.43,5.74,20m 35s,Jersey Mike's Subs (3325 State Street),6,1,34.3987888,-119.7145773,34.43991581101291,-119.73575738662046,5,Saturday,True,False,20.583333333333332,16.731983805668015,Evening,1.6428571428571428,27.48825910931174,0.591728525980912,1
2025-09-20,19.5,3.859999999999999,18.27,22.13,2.03,12m 51s,Habit Burger & Grill (216 South Milpas Street),12,1,34.4231777,-119.6610121,34.41959759586662,-119.6759707192938,5,Saturday,True,False,12.85,9.478599221789882,Evening,10.901477832512317,103.33073929961088,0.8255761409850881,1
2025-09-20,20.0,3.01,9.26,12.27,1.22,14m 00s,St. Bibiana,6,1,34.4084015,-119.6935198,34.41828329545669,-119.69861404998004,5,Saturday,True,False,14.0,5.228571428571429,Evening,10.057377049180328,52.58571428571428,0.7546862265688672,1
2025-09-20,21.5,9.09,4.0,13.09,4.31,40m 50s,California Pizza Kitchen (719 Paseo Nuevo),2,1,34.4335058,-119.7471141,34.4188553,-119.7005545,5,Saturday,True,False,40.833333333333336,6.3330612244897955,Evening,3.0371229698375872,19.234285714285715,0.3055767761650114,1
2025-09-20,23.0,2.24,3.82,6.06,0.98,16m 37s,7-Eleven (3430 State St),1,1,34.4403683,-119.7302801,34.440708,-119.737845,5,Saturday,True,False,16.616666666666667,3.5386158475426277,Night,6.183673469387755,21.881644934804413,0.6303630363036303,1
2025-04-21,8.0,8.79,4.9,13.69,13.82,40 min 27 sec,Santa Barbara Roasting Company,1,1,34.4326977,-119.8737571,34.4151156,-119.6943257,0,Monday,False,False,40.45,20.49938195302843,Morning,0.9905933429811866,20.30655129789864,0.3579254930606282,0
2025-04-21,9.0,3.41,3.25,6.66,4.41,23 min 22 sec,Starbucks (Hollister & Storke-Goleta),1,1,34.4334421,-119.8509081,34.42963227133667,-119.87246797090242,0,Monday,False,False,23.366666666666667,11.323823109843085,Morning,1.510204081632653,17.101283880171184,0.487987987987988,0
2025-08-21,7.5,19.46,4.0,23.46,6.8,22m 55s,Albertsons (1018 Casitas Pass Rd),1,1,34.3967641,-119.511569,34.396024952298504,-119.51236610386296,3,Thursday,False,False,22.916666666666668,17.80363636363636,Morning,3.45,61.42254545454545,0.1705029838022165,0
2025-08-21,16.5,9.989999999999998,9.09,19.08,6.8,33 min 58 sec,Chipotle Mexican Grill (3851 State St),12,2,34.4051783,-119.7204301,34.439698635958216,-119.74914917511413,3,Thursday,False,False,33.96666666666667,12.011776251226692,Afternoon,2.8058823529411763,33.70363101079489,0.4764150943396227,1
2025-08-21,19.0,2.4299999999999997,5.0,7.43,0.97,18 min 15 sec,Sushi Tyme,6,1,34.4217036,-119.7073816,34.4197694,-119.7002056,3,Thursday,False,False,18.25,3.189041095890411,Evening,7.65979381443299,24.427397260273978,0.6729475100942127,1
2025-08-21,19.0,12.22,22.92,35.14,8.68,1h 07m,Apna Indian Kitchen (Santa Barbara),18,3,34.4514717,-119.7489469,34.4191948,-119.6985613,3,Thursday,False,False,7.0,74.39999999999999,Evening,4.048387096774194,301.2,0.6522481502561184,0
2025-08-21,19.5,4.5,13.79,18.29,1.88,20 min 2 sec,Habit Burger & Grill (628 State Street),12,2,34.4252023,-119.7147203,34.4184879,-119.697435,3,Thursday,False,False,20.033333333333335,5.630615640599001,Evening,9.72872340425532,54.77870216306156,0.7539639147074905,1
2025-07-21,10.0,5.1000000000000005,4.95,10.05,6.45,32m 56s,Gopuff Delivery,1,1,34.4181263,-119.6715671,34.440715206830504,-119.73035170394978,0,Monday,False,False,32.93333333333333,11.75101214574899,Morning,1.558139534883721,18.309716599190285,0.4925373134328358,0
2025-07-21,19.5,3.2200000000000006,6.08,9.3,3.34,18m 32s,Los Agaves (De La Vina),6,1,34.4092602,-119.7454123,34.4374973,-119.7272812,0,Monday,False,False,18.533333333333335,10.812949640287767,Evening,2.7844311377245514,30.107913669064747,0.653763440860215,1
2025-07-21,21.0,2.34,4.25,6.59,1.39,9m 58s,Santa Barbara Chicken Ranch - De la Vina,1,1,34.4252023,-119.7147203,34.4351679,-119.724625,0,Monday,False,False,9.966666666666669,8.367892976588626,Evening,4.741007194244604,39.672240802675574,0.6449165402124432,1
2025-06-21,1.0,12.61,6.47,19.08,3.14,18m 17s,Santa Barbara Pizza House (515 State St),2,1,34.4011196,-119.7200647,34.4170674,-119.6962842,5,Saturday,True,False,18.283333333333335,10.304466727438468,Night,6.076433121019107,62.61440291704648,0.3390985324947589,1
2025-06-21,3.0,9.83,9.76,19.59,9.2,25m 46s,McDonald's (29 N Milpas St),1,1,34.4479024,-119.7686155,34.42374070774889,-119.67975739730134,5,Saturday,True,False,25.766666666666666,21.42302716688228,Night,2.1293478260869567,45.61707632600259,0.4982133741704951,1
2025-06-21,10.0,4.279999999999999,10.09,14.37,10.44,30m 20s,McDonald's (146 S Fairview Ave),1,1,34.4217622,-119.7417093,34.4368539,-119.8301947,5,Saturday,True,False,30.333333333333332,20.650549450549452,Morning,1.3764367816091954,28.424175824175823,0.7021572720946416,0
2025-03-21,1.0,2.4799999999999995,5.96,8.44,2.97,18 min 34 s,"McDonald's, Cliff Dr",1,1,34.4221319,-119.702667,34.40522406930484,-119.72338510340025,4,Friday,False,False,18.566666666666663,9.59784560143627,Night,2.8417508417508412,27.27468581687613,0.7061611374407584,1
2025-03-21,2.5,12.09,0.0,12.09,4.28,15 min 38 s,"McDonald's, Cliff Dr",1,1,34.4221319,-119.702667,34.40194832623745,-119.72234704780958,4,Friday,False,False,15.633333333333333,16.426439232409383,Night,2.824766355140187,46.40085287846482,0.0,1
2025-03-21,10.0,7.029999999999999,1.0,8.03,6.86,25m 15s,McDonald's (146 S Fairview Ave),1,1,34.40967543920838,-119.84433283463753,34.4368539,-119.8301947,4,Friday,False,False,25.25,16.3009900990099,Morning,1.170553935860058,19.08118811881188,0.12453300124533,0
2025-05-21,8.0,2.8600000000000003,7.45,10.31,2.15,18m 19s,"Hook & Press Donuts, E Mission St, Santa Barbara",1,1,34.4340872,-119.7067242,34.4229668,-119.7028071,2,Wednesday,False,False,18.316666666666663,7.042766151046408,Morning,4.7953488372093025,33.77252047315743,0.7225994180407371,0
2025-05-21,9.5,3.73,3.34,7.07,3.28,23m 27s,Starbucks (Hollister & Storke-Goleta),1,1,34.4334421,-119.8509081,34.428953865312145,-119.86797073265998,2,Wednesday,False,False,23.45,8.392324093816631,Morning,2.155487804878049,18.08955223880597,0.4724186704384723,0
2025-05-21,10.0,3.08,3.0,6.08,1.79,10m 14s,Oakberry Açaí (Isla Vista),1,1,34.4146025,-119.84581,34.4132486,-119.8577182,2,Wednesday,False,False,10.233333333333333,10.495114006514658,Morning,3.3966480446927374,35.648208469055376,0.4934210526315789,0
2025-05-21,10.5,6.42,5.17,11.59,2.99,15m 17s,Backyard Bowls - Calle Real,1,1,34.4309032,-119.8008545,34.4415561,-119.8231963,2,Wednesday,False,False,15.283333333333331,11.73827699018539,Morning,3.8762541806020065,45.500545256270456,0.4460742018981881,0
2025-05-21,11.5,9.1,3.0,12.1,6.49,43m 21s,Su’s Bowl (Isla Vista),6,2,34.4334421,-119.8509081,34.4129772,-119.857419,2,Wednesday,False,False,43.35,8.982698961937716,Lunch,1.8644067796610169,16.747404844290656,0.2479338842975206,0
2025-05-21,17.0,5.15,3.9,9.05,4.51,26m 55s,KFC (5697 Calle Real),6,1,34.410031666777655,-119.86178711574163,34.4407896,-119.823381,2,Wednesday,False,False,26.916666666666668,10.053250773993808,Afternoon,2.006651884700666,20.173374613003094,0.4309392265193369,0
2025-05-21,18.0,7.4,2.0,9.4,7.33,35m 11s,Habit Burger & Grill (5735 Hollister Avenue),6,1,34.410031666777655,-119.86178711574163,34.4355801,-119.8247132,2,Wednesday,False,False,35.18333333333333,12.500236854571297,Evening,1.2824010914051842,16.030317385125535,0.2127659574468085,0
2025-05-21,19.0,2.6500000000000004,3.0,5.65,1.6,15m 52s,Al CHA,6,1,34.4146025,-119.84581,34.41333413292861,-119.85638197511533,2,Wednesday,False,False,15.866666666666667,6.050420168067228,Evening,3.53125,21.3655462184874,0.5309734513274336,0
2025-05-21,22.5,2.66,4.84,7.5,1.18,20m 12s,Woodstock’s Pizza - Isla Vista,1,1,34.4358295,-119.8276389,34.4142159,-119.846429,2,Wednesday,False,False,20.2,3.504950495049505,Night,6.3559322033898304,22.277227722772277,0.6453333333333333,0
2025-09-21,18.0,15.010000000000002,5.0,20.01,10.74,44m 53s,Poke House (Santa Barbara),6,1,34.4319055,-119.8000445,34.4196536,-119.7001077,6,Sunday,True,False,44.88333333333333,14.35722242851838,Evening,1.863128491620112,26.74935016709989,0.2498750624687656,1
2025-09-21,19.0,23.139999999999997,25.66,48.8,11.85,1h 19m,Mandarin Palace,24,4,34.4429021,-119.6722246,34.43908353739146,-119.75253219045725,6,Sunday,True,False,19.0,37.421052631578945,Evening,4.118143459915611,154.10526315789474,0.5258196721311476,1
2025-09-21,20.5,6.85,6.76,13.61,1.27,6m 51s,Habit Burger & Grill (216 South Milpas Street),6,1,34.4158583,-119.6767938,34.41959759586662,-119.6759707192938,6,Sunday,True,False,6.85,11.124087591240876,Evening,10.716535433070865,119.2116788321168,0.4966936076414401,1
2025-09-21,21.5,6.920000000000002,12.11,19.03,13.67,32m 21s,Nick the Greek (Santa Barbara),2,2,34.4354648,-119.8597427,34.4171204,-119.6957341,6,Sunday,True,False,32.35,25.353941267387945,Evening,1.3920994879297732,35.2952086553323,0.6363636363636362,1
2025-09-21,22.5,6.04,1.0,7.04,3.26,14m 05s,"Wingstop, 3849 State St #163",1,1,34.4350604,-119.7506675,34.43951324301522,-119.74909193080344,6,Sunday,True,False,14.083333333333334,13.888757396449703,Night,2.1595092024539877,29.992899408284025,0.1420454545454545,1
2025-04-22,10.5,3.79,4.29,8.08,3.65,18 min 16 sec,Panda Express (3849 State St Space I-58),1,1,34.4347234,-119.7008492,34.43917473717898,-119.74915911731314,1,Tuesday,False,False,18.266666666666666,11.989051094890511,Morning,2.2136986301369865,26.540145985401463,0.530940594059406,0
2025-08-22,0.0,2.55,5.86,8.41,1.88,23 min 22 sec,"Taco Bell, 821 N Milpas St",1,1,34.4119172,-119.6914365,34.4295465,-119.6900785,4,Friday,False,False,23.366666666666667,4.827389443651926,Night,4.473404255319149,21.594864479315262,0.6967895362663497,1
2025-08-22,8.0,3.03,4.17,7.2,7.29,31m 57s,Chick-fil-A (3707 State St),1,1,34.4403683,-119.7302801,34.44029719326225,-119.7429107309353,4,Friday,False,False,31.95,13.690140845070424,Morning,0.9876543209876544,13.521126760563382,0.5791666666666666,0
2025-08-22,8.5,19.05,4.0,23.05,9.91,46m 58s,Pavilions:2101,2,2,34.4270827,-119.6992472,34.42284741894046,-119.65116298110097,4,Friday,False,False,46.96666666666667,12.660042583392476,Morning,2.3259334006054493,29.44641589779986,0.1735357917570499,0
2025-08-22,9.5,3.390000000000001,5.0,8.39,2.62,15m 01s,"Crushcakes & Cafe, E Arrellaga St",1,1,34.4286506,-119.6834206,34.4257107,-119.7052518,4,Friday,False,False,15.016666666666667,10.46836847946726,Morning,3.202290076335878,33.52275249722531,0.5959475566150179,0
2025-08-22,16.0,6.57,7.49,14.06,5.06,29 min 31 sec,Wendy's (5724 Hollister Ave),2,1,34.41371678576131,-119.86581735977234,34.4359505,-119.824232,4,Friday,False,False,29.516666666666666,10.285714285714286,Afternoon,2.778656126482214,28.580463015245627,0.5327169274537695,1
2025-08-22,18.5,3.62,5.2,8.82,4.72,42m 34s,Luna Grill - Santa Barbara,6,1,34.4240478,-119.6991564,34.4401289,-119.7523599,4,Friday,False,False,42.56666666666667,6.653093187157399,Evening,1.8686440677966103,12.432263116679716,0.5895691609977324,1
2025-08-22,19.5,10.020000000000003,37.25,47.27,12.32,55m 54s,California Pizza Kitchen (719 Paseo Nuevo),18,4,34.41890658864179,-119.57282858860783,34.4188553,-119.7005545,4,Friday,False,False,55.9,13.22361359570662,Evening,3.83685064935065,50.73703041144902,0.7880262322826317,1
2025-08-22,23.0,15.56,15.98,31.54,11.2,39m 17s,Hana Kitchen - State Street,3,3,34.4190563,-119.6680414,34.4168496,-119.6958222,4,Friday,False,False,39.28333333333333,17.10649130250318,Night,2.816071428571429,48.17310140008485,0.5066582117945466,1
2025-07-22,8.5,2.82,3.6,6.42,2.41,36m 24s,Starbucks (3052 De La Vina),1,1,34.4190644,-119.7204084,34.44038463435986,-119.7294007327857,1,Tuesday,False,False,36.4,3.9725274725274726,Morning,2.663900414937759,10.582417582417582,0.5607476635514019,0
2025-07-22,11.5,3.46,5.61,9.07,2.48,19m 50s,Presto Pasta,3,1,34.4279799,-119.7211213,34.4372423191789,-119.72606260395004,1,Tuesday,False,False,19.833333333333332,7.502521008403361,Lunch,3.657258064516129,27.438655462184876,0.6185226019845645,0
2025-07-22,12.0,5.16,3.0,8.16,11.56,30m 0s,Ike’s Love & Sandwiches (1936 State St),3,1,34.4174573,-119.8670406,34.430983759275335,-119.71434471916965,1,Tuesday,False,False,30.0,23.12,Lunch,0.7058823529411764,16.32,0.3676470588235294,0
2025-07-22,19.0,3.4800000000000004,8.98,12.46,3.56,30m 36s,The Win-Dow (Santa Barbara),6,1,34.4260668,-119.7401955,34.4175894,-119.6994583,1,Tuesday,False,False,30.6,6.980392156862745,Evening,3.5,24.43137254901961,0.7207062600321027,1
2025-07-22,19.5,10.36,3.8,14.16,14.09,50m 59s,Mesa Burger (315 Meigs Road),12,2,34.4487314,-119.8204441,34.4009025,-119.7225921,1,Tuesday,False,False,50.983333333333334,16.58188950637463,Evening,1.0049680624556423,16.66426936907486,0.2683615819209039,0
2025-07-22,21.0,3.5700000000000003,4.0,7.57,4.32,18m 10s,Taco Bell (5980 Hollister Ave),1,1,34.4347841,-119.8809309,34.4362939,-119.8304545,1,Tuesday,False,False,18.166666666666668,14.26788990825688,Evening,1.7523148148148149,25.00183486238532,0.5284015852047556,1
2025-07-22,23.0,5.08,5.0,10.08,3.19,21m 12s,7-Eleven (3430 State St),2,2,34.4518545,-119.713557,34.440708,-119.737845,1,Tuesday,False,False,21.2,9.028301886792452,Night,3.1598746081504703,28.528301886792452,0.496031746031746,1
2025-06-22,1.5,4.959999999999999,11.69,16.65,3.03,28m 45s,Jack in the Box (501 N Milpas St),2,2,34.4403683,-119.7302801,34.4262994,-119.6856795,6,Sunday,True,False,28.75,6.323478260869565,Night,5.495049504950495,34.747826086956515,0.7021021021021021,1
2025-06-22,2.0,9.739999999999998,9.39,19.13,8.96,46m 30s,"Taco Bell, 821 N Milpas St",2,3,34.4500797,-119.7519707,34.4295465,-119.6900785,6,Sunday,True,False,46.5,11.561290322580646,Night,2.1350446428571423,24.683870967741935,0.490852064819655,1
2025-06-22,4.5,5.390000000000001,4.33,9.72,3.99,16m 15s,Jack in the Box (501 N Milpas St),1,1,34.4158583,-119.6767938,34.4262994,-119.6856795,6,Sunday,True,False,16.25,14.732307692307694,Night,2.43609022556391,35.88923076923077,0.4454732510288066,1
2025-06-22,11.5,3.85,6.24,10.09,4.06,23m 41s,Kaiju Ramen and Curry (Isla Vista),3,1,34.4362699,-119.8924898,34.4129239,-119.8573375,6,Sunday,True,False,23.683333333333337,10.285714285714285,Lunch,2.4852216748768474,25.562280084447565,0.6184340931615461,0
2025-06-22,21.0,2.8499999999999996,5.16,8.01,3.18,22m 38s,Jack in the Box (501 N Milpas St),6,1,34.4327663,-119.6898716,34.4262994,-119.6856795,6,Sunday,True,False,22.633333333333333,8.430044182621502,Evening,2.5188679245283017,21.234167893961708,0.6441947565543071,1
2025-06-22,22.0,2.58,8.98,11.56,3.7,21m 29s,"Taco Bell, 821 N Milpas St",1,1,34.4294811,-119.682003,34.4295465,-119.6900785,6,Sunday,True,False,21.483333333333334,10.333591931730025,Night,3.1243243243243244,32.28549262994569,0.7768166089965398,1
2025-06-22,22.0,30.54,2.0,32.54,9.15,29m 46s,Albertsons (1018 Casitas Pass Rd),1,1,34.4022632,-119.5179574,34.3949057,-119.5119971,6,Sunday,True,False,29.766666666666666,18.443449048152296,Night,3.556284153005464,65.59014557670773,0.0614628149969268,1
2025-03-22,1.5,3.9700000000000006,7.84,11.81,2.23,26 min 42 s,Taco Bell (1840 Cliff Dr),2,2,34.4057553,-119.7045293,34.4018453,-119.7217806,5,Saturday,True,False,26.7,5.01123595505618,Night,5.2959641255605385,26.53932584269663,0.6638441998306519,1
2025-03-22,2.0,9.31,4.0,13.31,6.75,29 min 52 s,McDonald's (146 S Fairview Ave),2,2,34.4221319,-119.702667,34.43692021059231,-119.83021865921248,5,Saturday,True,False,29.866666666666667,13.560267857142858,Night,1.971851851851852,26.73883928571429,0.3005259203606311,1
2025-03-22,3.0,14.510000000000002,1.5,16.01,7.33,26 min 40 s,7-Eleven (5810 Hollister),1,1,34.4276687,-119.7963832,34.4361697,-119.8269452,5,Saturday,True,False,26.666666666666668,16.4925,Night,2.184174624829468,36.0225,0.0936914428482198,1
2025-03-22,9.5,8.59,6.5,15.09,16.03,46m 59s,"Hook & Press Donuts, E Mission St, Santa Barbara",1,1,34.4263627,-119.8856178,34.4229668,-119.7028071,5,Saturday,True,False,46.983333333333334,20.471089038666193,Morning,0.9413599500935744,19.27066335579993,0.4307488402915838,0
2025-03-22,11.5,4.95,4.88,9.83,2.11,23m 1s,Su’s Bowl (Isla Vista),6,2,34.4175241,-119.8718907,34.4129772,-119.857419,5,Saturday,True,False,23.016666666666666,5.500362056480811,Lunch,4.658767772511848,25.6249094858798,0.496439471007121,0
2025-03-22,16.0,2.8499999999999988,6.69,9.54,3.16,15 min 29 s,Taco Bell (1840 Cliff Dr),1,1,34.4350604,-119.7506675,34.4018453,-119.7217806,5,Saturday,True,False,15.483333333333333,12.2454251883746,Afternoon,3.0189873417721516,36.96878363832077,0.7012578616352202,1
2025-03-22,18.0,6.08,2.0,8.08,3.34,25 min 58 s,"Panda Express, 605 Paseo Nuevo",6,1,34.428047,-119.6686846,34.4187049,-119.7001661,5,Saturday,True,False,25.966666666666665,7.717586649550706,Evening,2.4191616766467066,18.670089858793325,0.2475247524752475,1
2025-03-22,18.5,3.030000000000001,5.43,8.46,2.21,20 min 05 s,KFC (515 N Milpas St),6,1,34.4183521,-119.6653692,34.4265852,-119.6860595,5,Saturday,True,False,20.083333333333332,6.602489626556017,Evening,3.8280542986425345,25.2746887966805,0.6418439716312055,1
2025-05-22,8.0,13.06,14.53,27.59,16.92,1h 09m,Cajé,2,2,34.4158583,-119.6767938,34.425317675129044,-119.7066449776383,3,Thursday,False,False,9.0,112.8,Morning,1.6306146572104017,183.93333333333337,0.5266400869880391,0
2025-05-22,18.0,3.869999999999999,10.0,13.87,6.8,28m 32s,Szechuan Restaurant (Cliff Dr),6,1,34.4252023,-119.7147203,34.4024127,-119.7235134,3,Thursday,False,False,28.533333333333335,14.299065420560748,Evening,2.039705882352941,29.16588785046729,0.7209805335255949,0
2025-05-22,20.0,4.65,6.76,11.41,9.33,23m 56s,Apna Indian Kitchen (Santa Barbara),6,1,34.4321123,-119.8231598,34.4191948,-119.6985613,3,Thursday,False,False,23.933333333333337,23.38997214484679,Evening,1.2229367631296892,28.60445682451253,0.5924627519719544,1
2025-05-22,21.0,12.09,0.0,12.09,2.83,25m 38s,Wingstop (888 Embarcadero del Norte),7,2,34.4245455,-119.8697853,34.4133272,-119.8551152,3,Thursday,False,False,25.633333333333333,6.624187256176853,Evening,4.27208480565371,28.299089726918076,0.0,1
2025-05-22,22.0,3.17,3.0,6.17,2.56,13m 38s,Jack in the Box (6875 Hollister Ave),1,1,34.4151349766532,-119.85632446748431,34.4299362,-119.8687794,3,Thursday,False,False,13.633333333333333,11.266503667481665,Night,2.41015625,27.154034229828852,0.4862236628849271,1
2025-04-23,8.0,9.36,3.11,12.47,8.44,39 min 01 sec,Renaud's Bakery Inside Gelson's (State St),2,2,34.4365002,-119.8306206,34.439365,-119.7358713,2,Wednesday,False,False,39.016666666666666,12.979068774028192,Morning,1.477488151658768,19.176420333190947,0.2493985565356856,0
2025-04-23,9.0,4.079999999999999,3.95,8.03,4.08,24 min 16 sec,Jack in the Box (6875 Hollister Ave),1,1,34.4358295,-119.8276389,34.4299362,-119.8687794,2,Wednesday,False,False,24.266666666666666,10.087912087912088,Morning,1.968137254901961,19.8543956043956,0.4919053549190536,0
2025-04-23,16.5,2.9099999999999997,3.65,6.56,1.39,15m 03s,Sachi Ramen (Santa Barbara),1,1,34.4011196,-119.7200647,34.4179964,-119.7000379,2,Wednesday,False,False,15.05,5.541528239202657,Afternoon,4.719424460431655,26.152823920265774,0.5564024390243902,1
2025-04-23,18.0,6.239999999999998,8.3,14.54,3.22,23m 19s,Nick the Greek (Santa Barbara),12,2,34.4274007,-119.7160809,34.4171204,-119.6957341,2,Wednesday,False,False,23.316666666666663,8.285918513223733,Evening,4.515527950310559,37.41529664045747,0.5708390646492435,1
2025-04-23,18.5,4.77,13.55,18.32,3.83,26m 15s,Asie Dumpling House (Santa Barbara),6,1,34.4398086,-119.6615897,34.416844,-119.696258,2,Wednesday,False,False,26.25,8.754285714285714,Evening,4.783289817232376,41.87428571428571,0.7396288209606987,1
2025-04-23,19.5,7.050000000000001,3.0,10.05,3.24,26m 51s,BEST BBQ,12,1,34.4399304,-119.721851,34.419127,-119.6984324,2,Wednesday,False,False,26.85,7.240223463687151,Evening,3.101851851851852,22.45810055865922,0.2985074626865671,1
2025-04-23,21.0,7.06,0.0,7.06,4.93,22 min 44 sec,Panda Express (131 N Fairview Ave),1,1,34.4297055,-119.8696173,34.4416296,-119.8327241,2,Wednesday,False,False,22.733333333333334,13.011730205278592,Evening,1.432048681541582,18.633431085043988,0.0,0
2025-04-23,21.5,2.59,6.65,9.24,1.07,11m 24s,Jack in the Box (501 N Milpas St),1,1,34.4233907,-119.671102,34.4262994,-119.6856795,2,Wednesday,False,False,11.4,5.631578947368421,Evening,8.63551401869159,48.631578947368425,0.7196969696969697,1
2025-08-23,0.0,3.68,8.77,12.45,2.81,18m 12s,"Taco Bell, 821 N Milpas St",1,1,34.4403683,-119.7302801,34.4295465,-119.6900785,5,Saturday,True,False,18.2,9.263736263736265,Night,4.430604982206406,41.04395604395604,0.704417670682731,1
2025-08-23,1.0,4.07,21.91,25.98,5.98,20m 54s,Santa Barbara Pizza House (515 State St),1,1,34.4207029,-119.737645,34.4170674,-119.6962842,5,Saturday,True,False,20.9,17.167464114832537,Night,4.34448160535117,74.58373205741627,0.8433410315627405,1
2025-08-23,16.0,10.560000000000002,16.29,26.85,7.98,39m 27s,Nick the Greek (Santa Barbara),3,3,34.4403683,-119.7302801,34.4171204,-119.6957341,5,Saturday,True,False,39.45,12.136882129277566,Afternoon,3.3646616541353382,40.83650190114068,0.6067039106145251,1
2025-08-23,17.5,3.0600000000000005,14.53,17.59,2.29,13m 01s,Palapa Restaurant,6,1,34.4384585,-119.7642261,34.44050851651996,-119.76054160394982,5,Saturday,True,False,13.016666666666667,10.555697823303456,Afternoon,7.681222707423581,81.08066581306016,0.8260375213189312,1
2025-08-23,18.0,4.05,3.0,7.05,2.35,25m 31s,Corazon Cocina (Santa Barbara),6,1,34.4132397,-119.7015861,34.4234746,-119.7069745,5,Saturday,True,False,25.516666666666666,5.525800130633574,Evening,3.0,16.57740039190072,0.425531914893617,1
2025-08-23,19.5,13.63,12.0,25.63,13.64,54m 27s,Indian Tandoori Kingdom Inc (W Gutierrez St),12,3,34.4375191,-119.8278917,34.4223121,-119.7025417,5,Saturday,True,False,54.45,15.03030303030303,Evening,1.879032258064516,28.24242424242424,0.4682013265704253,0
2025-08-23,21.5,8.669999999999998,10.41,19.08,9.07,33m 20s,Nick the Greek (Santa Barbara),2,2,34.4908062,-119.7956362,34.4171204,-119.6957341,5,Saturday,True,False,33.333333333333336,16.326,Evening,2.1036383682469677,34.343999999999994,0.5455974842767296,1
2025-08-23,22.5,2.2699999999999996,5.7,7.97,1.45,23m 54s,7-Eleven (3430 State St),1,1,34.4399304,-119.721851,34.440708,-119.737845,5,Saturday,True,False,23.9,3.640167364016736,Night,5.496551724137931,20.00836820083682,0.7151819322459223,1
2025-07-23,17.5,3.85,8.21,12.06,2.17,16m 57s,Broad Street Oyster Company (Santa Barbara),6,1,34.4403683,-119.7302801,34.41652699999999,-119.6945756,2,Wednesday,False,False,16.95,7.68141592920354,Afternoon,5.557603686635945,42.69026548672567,0.6807628524046435,1
2025-07-23,20.0,7.619999999999997,8.96,16.58,5.45,49m 49s,Taco Bell (5980 Hollister Ave),12,3,34.4297055,-119.8696173,34.4362939,-119.8304545,2,Wednesday,False,False,49.81666666666667,6.56406825025092,Evening,3.042201834862385,19.969220475075275,0.540410132689988,1
2025-06-23,1.5,2.0,4.11,6.11,0.77,12m 55s,"Taco Bell, 821 N Milpas St",1,1,34.4301646,-119.688046,34.4295465,-119.6900785,0,Monday,False,False,12.916666666666666,3.576774193548387,Night,7.935064935064935,28.381935483870972,0.6726677577741408,1
2025-06-23,21.0,2.3,3.0,5.3,0.56,28m 52s,McDonald's (3940 State St),1,1,34.4418142,-119.7489223,34.440895,-119.753051,0,Monday,False,False,28.866666666666667,1.1639722863741342,Evening,9.464285714285714,11.016166281755195,0.5660377358490566,1
2025-03-23,0.5,7.12,5.31,12.43,7.85,26 min 11 s,"Taco Bell, 821 N Milpas St",1,1,34.420729,-119.6256038,34.4295465,-119.6900785,6,Sunday,True,False,26.183333333333337,17.988542329726286,Night,1.58343949044586,28.483768300445572,0.4271922767497988,1
2025-03-23,1.5,5.0,1.0,6.0,2.55,10 min 21 s,7-Eleven (3430 State St),1,1,34.4287179,-119.744867,34.440708,-119.737845,6,Sunday,True,False,10.35,14.782608695652174,Night,2.3529411764705883,34.78260869565218,0.1666666666666666,1
2025-03-23,1.5,17.17,2.0,19.17,9.06,39 min 38 s,"McDonald's, Cliff Dr",2,2,34.4221319,-119.702667,34.40198890574981,-119.72240130474827,6,Sunday,True,False,39.63333333333333,13.715727502102608,Night,2.1158940397350996,29.02102607232969,0.1043296817944705,1
2025-03-23,2.5,7.56,3.5,11.06,3.22,17 min 34 s,McDonald's (29 N Milpas St),1,1,34.4221319,-119.702667,34.4222641,-119.6802126,6,Sunday,True,False,17.566666666666666,10.99810246679317,Night,3.4347826086956523,37.77609108159393,0.3164556962025316,1
2025-03-23,3.0,17.65,0.0,17.65,11.79,31 min 25 s,Banda Burrito (3614 State St),1,1,34.41637383632727,-119.86142322114436,34.440811051331245,-119.7409175039498,6,Sunday,True,False,31.416666666666668,22.51671087533156,Night,1.4970313825275656,33.708222811671085,0.0,1
2025-03-23,9.0,2.5700000000000003,3.0,5.57,1.0,6m 56s,McDonald's (3940 State St),1,1,34.4477564,-119.7601859,34.440895,-119.753051,6,Sunday,True,False,6.933333333333334,8.653846153846153,Morning,5.57,48.20192307692307,0.5385996409335727,0
2025-03-23,18.0,6.35,8.91,15.26,3.97,26 min 24 s,"7-Eleven, E Victoria St",12,2,34.4221319,-119.702667,34.43087051793346,-119.71431040612228,6,Sunday,True,False,26.4,9.022727272727272,Evening,3.843828715365239,34.68181818181818,0.5838794233289646,1
2025-03-23,18.5,22.31,7.45,29.76,14.54,51 min 37 s,California Pasta,18,3,34.4274301,-119.8431399,34.4197222,-119.7,6,Sunday,True,False,51.61666666666667,16.901517597675166,Evening,2.0467675378266854,34.593477558927994,0.2503360215053763,1
2025-05-23,0.0,7.04,7.13,14.17,7.0,29m 58s,Taco Bell (5980 Hollister Ave),2,2,34.410031666777655,-119.86178711574163,34.4362939,-119.8304545,4,Friday,False,False,29.966666666666665,14.015572858731923,Night,2.0242857142857145,28.371523915461623,0.5031757233592096,1
2025-05-23,1.0,3.08,3.0,6.08,3.18,25m 55s,Taco Bell (5980 Hollister Ave),1,1,34.417430743473545,-119.85865276455183,34.4362939,-119.8304545,4,Friday,False,False,25.916666666666668,7.362057877813505,Night,1.9119496855345912,14.07588424437299,0.4934210526315789,1
2025-05-23,2.0,7.160000000000001,7.55,14.71,4.27,48m 24s,Jack in the Box (6875 Hollister Ave),2,2,34.414563931478845,-119.85694661990028,34.4299362,-119.8687794,4,Friday,False,False,48.4,5.293388429752066,Night,3.44496487119438,18.23553719008265,0.5132562882392929,1
2025-05-23,3.0,3.46,6.87,10.33,5.06,23m 34s,Banda Burrito (3614 State St),1,1,34.4177913,-119.7122866,34.440811051331245,-119.7409175039498,4,Friday,False,False,23.566666666666663,12.882602545968885,Night,2.041501976284585,26.299858557284303,0.665053242981607,1
2025-05-23,7.0,5.26,9.0,14.26,12.16,24m 40s,Super Cuca's (626 W Micheltorena St),1,1,34.4380268,-119.8831345,34.4193402,-119.7158748,4,Friday,False,False,24.666666666666668,29.578378378378375,Morning,1.1726973684210529,34.68648648648648,0.6311360448807855,0
2025-05-23,10.0,3.76,3.62,7.38,3.29,24m 56s,Cajé,1,1,34.4146025,-119.84581,34.425317675129044,-119.7066449776383,4,Friday,False,False,24.933333333333337,7.91711229946524,Morning,2.243161094224924,17.759358288770052,0.4905149051490515,0
2025-05-23,16.0,2.99,5.67,8.66,0.92,15m 58s,Habit Burger & Grill (628 State Street),1,1,34.4270827,-119.6992472,34.4184879,-119.697435,4,Friday,False,False,15.966666666666669,3.4572025052192066,Afternoon,9.41304347826087,32.54279749478079,0.6547344110854503,1
2025-05-23,17.0,7.829999999999999,5.21,13.04,8.89,30m 31s,California Pasta,6,2,34.4426629,-119.8248038,34.42000538599101,-119.70006437696536,4,Friday,False,False,30.516666666666666,17.478973238667397,Afternoon,1.46681664791901,25.63844893500819,0.3995398773006135,1
2025-05-23,17.5,5.67,1.36,7.03,2.05,16m 25s,McDonald's (146 S Fairview Ave),6,1,34.4300194,-119.8199966,34.4368539,-119.8301947,4,Friday,False,False,16.416666666666668,7.492385786802029,Afternoon,3.429268292682927,25.693401015228424,0.1934566145092461,1
2025-05-23,18.5,4.129999999999999,26.57,30.7,8.19,26m 27s,Presto Pasta,6,1,34.4200823,-119.804364,34.4372423191789,-119.72606260395004,4,Friday,False,False,26.45,18.57844990548204,Evening,3.748473748473749,69.64083175803403,0.865472312703583,1
2025-05-23,19.5,6.029999999999999,3.0,9.03,3.81,26m 12s,Jack in the Box (6875 Hollister Ave),12,1,34.40992649645646,-119.85488767511556,34.4299362,-119.8687794,4,Friday,False,False,26.2,8.725190839694656,Evening,2.37007874015748,20.679389312977097,0.3322259136212624,1
2025-05-23,21.0,2.22,3.82,6.04,1.59,8m 31s,Presto Pasta,6,1,34.4215118,-119.6941699,34.4372423191789,-119.72606260395004,4,Friday,False,False,8.516666666666667,11.20156555772994,Evening,3.79874213836478,42.551859099804304,0.6324503311258278,1
2025-05-23,0.0,2.5999999999999996,8.52,11.12,5.96,28m 04s,McDonald's (29 N Milpas St),1,1,34.4158583,-119.6767938,34.4222641,-119.6802126,4,Friday,False,False,28.066666666666663,12.741092636579571,Night,1.8657718120805369,23.771971496437057,0.7661870503597122,1
2025-09-23,23.0,2.46,4.74,7.2,1.71,22m 08s,McDonald's (29 N Milpas St),1,1,34.413398,-119.6968314,34.42374070774889,-119.67975739730134,1,Tuesday,False,False,22.133333333333333,4.635542168674699,Night,4.2105263157894735,19.518072289156628,0.6583333333333333,1
2025-09-23,23.5,5.09,2.0,7.09,2.18,13m 06s,"Taco Bell, 821 N Milpas St",1,1,34.4220828,-119.6795356,34.4295465,-119.6900785,1,Tuesday,False,False,13.1,9.984732824427482,Night,3.252293577981651,32.47328244274809,0.2820874471086037,1
2025-09-23,23.5,3.03,4.0,7.03,1.36,14m 19s,"Taco Bell, 821 N Milpas St",1,1,34.4166005,-119.6900215,34.4295465,-119.6900785,1,Tuesday,False,False,14.316666666666666,5.69965075669383,Night,5.169117647058823,29.462165308498257,0.5689900426742531,1
2025-04-24,20.0,3.0299999999999994,8.99,12.02,2.63,17m 01s,Sachi Ramen (Santa Barbara),6,1,34.4158583,-119.6767938,34.4179964,-119.7000379,3,Thursday,False,False,17.016666666666666,9.273261508325172,Evening,4.570342205323194,42.38197845249755,0.7479201331114809,1
2025-04-24,20.5,4.29,7.2,11.49,3.55,23m 37s,Corazon Cocina (Santa Barbara),6,1,34.4001805,-119.7287686,34.4234746,-119.7069745,3,Thursday,False,False,23.616666666666667,9.019054340155256,Evening,3.2366197183098593,29.19124911785462,0.6266318537859008,1
2025-04-24,0.0,2.790000000000001,5.34,8.13,3.22,16m 45s,"Taco Bell, 821 N Milpas St",1,1,34.4289143,-119.7236716,34.4295465,-119.6900785,3,Thursday,False,False,16.75,11.534328358208956,Night,2.5248447204968945,29.122388059701496,0.6568265682656825,1
2025-08-24,8.0,3.01,8.88,11.89,2.7,10m 37s,"McDonald's, Cliff Dr",1,1,34.4217036,-119.7073816,34.40277756928841,-119.7224755809584,6,Sunday,True,False,10.616666666666667,15.259026687598116,Morning,4.4037037037037035,67.19623233908948,0.7468460891505467,0
2025-08-24,8.5,7.079999999999998,9.0,16.08,2.73,18m 32s,Vons:3329,1,1,34.4022653,-119.7330409,34.40306188258483,-119.72368951303754,6,Sunday,True,False,18.533333333333335,8.838129496402876,Morning,5.89010989010989,52.05755395683452,0.5597014925373135,0
2025-08-24,9.5,4.869999999999999,3.22,8.09,4.63,19m 42s,Nothing Bundt Cakes (Santa Barbara-Goleta),1,1,34.4462467,-119.7912568,34.442132307258994,-119.82547332569555,6,Sunday,True,False,19.7,14.101522842639596,Morning,1.7473002159827211,24.639593908629443,0.3980222496909765,0
2025-08-24,11.5,6.13,5.94,12.07,11.01,36m 37s,Backyard Bowls - Motor Way,3,1,34.4219299,-119.596617,34.415181,-119.6944264,6,Sunday,True,False,36.61666666666667,18.040964952207556,Lunch,1.0962761126248866,19.77787892580792,0.492129246064623,0
2025-08-24,16.0,2.25,5.0,7.25,1.45,23m 43s,Luna Grill - Santa Barbara,1,1,34.4350604,-119.7506675,34.4401289,-119.7523599,6,Sunday,True,False,23.716666666666665,3.668306394940267,Afternoon,5.0,18.341531974701336,0.6896551724137931,1
2025-08-24,18.0,18.36,8.74,27.1,12.79,1h 07m,DRIPPIN CHICKEN (416 State St),18,3,34.4427111,-119.7346919,34.4166227,-119.6942669,6,Sunday,True,False,7.0,109.62857142857142,Evening,2.118842845973417,232.2857142857143,0.3225092250922509,0
2025-08-24,20.0,9.18,11.3,20.48,11.09,36m 18s,Rascal's,12,1,34.4457668,-119.607273,34.42199187842918,-119.68979671559316,6,Sunday,True,False,36.3,18.330578512396695,Evening,1.8467087466185752,33.85123966942149,0.5517578125,1
2025-08-24,22.5,4.93,9.14,14.07,5.13,26m 34s,Taco Bell (1840 Cliff Dr),2,1,34.4297167,-119.7451078,34.4018453,-119.7217806,6,Sunday,True,False,26.566666666666663,11.58594730238394,Night,2.7426900584795324,31.77666248431619,0.6496090973702914,1
2025-07-24,1.0,4.52,2.0,6.52,1.48,13m 27s,Jack in the Box (501 N Milpas St),1,1,34.4158583,-119.6767938,34.4262994,-119.6856795,3,Thursday,False,False,13.45,6.602230483271375,Night,4.405405405405405,29.08550185873606,0.3067484662576687,1
2025-07-24,2.0,16.56,6.5,23.06,14.76,45m 57s,Jack in the Box (501 N Milpas St),2,2,34.43376110083814,-119.89789477511442,34.4262994,-119.6856795,3,Thursday,False,False,45.95,19.27312295973885,Night,1.562330623306233,30.11099020674646,0.2818733738074588,1
2025-07-24,7.5,3.1799999999999997,3.0,6.18,2.99,15m 18s,McDonald's (1115 Casitas Pass Rd),1,1,34.4021693,-119.5091872,34.3968085,-119.5123961,3,Thursday,False,False,15.3,11.725490196078432,Morning,2.0668896321070234,24.235294117647054,0.4854368932038835,0
2025-07-24,18.5,7.210000000000001,23.0,30.21,9.39,46m 09s,China Palace,12,3,34.4427808,-119.5792896,34.42186627540789,-119.6496213058011,3,Thursday,False,False,46.15,12.2080173347779,Evening,3.217252396166134,39.276273022751894,0.7613373055279709,1
2025-07-24,19.5,10.04,2.0,12.04,8.19,24 min 31 sec,California Pasta,6,1,34.4335058,-119.7471141,34.42000538599101,-119.70006437696536,3,Thursday,False,False,24.516666666666666,20.04350781781101,Evening,1.47008547008547,29.465669612508496,0.1661129568106312,1
2025-07-24,20.5,2.67,3.5,6.17,1.58,7 min 11 sec,Mandarin Palace,6,1,34.4525698,-119.7552533,34.43908353739146,-119.75253219045725,3,Thursday,False,False,7.183333333333334,13.19721577726218,Evening,3.90506329113924,51.53596287703016,0.5672609400324149,1
2025-06-24,0.0,5.24,13.97,19.21,4.75,26m 37s,Jack in the Box (501 N Milpas St),2,1,34.4274007,-119.7160809,34.4262994,-119.6856795,1,Tuesday,False,False,26.616666666666667,10.70757670632436,Night,4.04421052631579,43.30369442705072,0.7272254034357105,1
2025-06-24,1.0,2.7699999999999996,4.32,7.09,3.47,16m 28s,7‑Eleven (Montecito St),1,1,34.4315262,-119.7014581,34.41226742768558,-119.6977621609164,1,Tuesday,False,False,16.466666666666665,12.643724696356276,Night,2.0432276657060515,25.83400809716599,0.609308885754584,1
2025-03-24,0.5,4.49,3.0,7.49,1.25,21 min 02 s,McDonald's (29 N Milpas St),1,1,34.4221319,-119.702667,34.4222683,-119.6802254,0,Monday,False,False,21.033333333333335,3.565768621236133,Night,5.992,21.36608557844691,0.4005340453938584,1
2025-03-24,1.5,3.04,3.0,6.04,2.0,19 min 33 s,"McDonald's, Cliff Dr",1,1,34.4221319,-119.702667,34.40194832623745,-119.72234704780958,0,Monday,False,False,19.55,6.138107416879794,Night,3.02,18.53708439897698,0.4966887417218543,1
2025-03-24,8.5,5.09,3.0,8.09,9.69,21m 10s,Banda Burrito (3614 State St),1,1,34.422207624508424,-119.8820821597438,34.440811051331245,-119.7409175039498,0,Monday,False,False,21.166666666666668,27.467716535433063,Morning,0.8348813209494325,22.93228346456693,0.3708281829419036,0
2025-03-24,11.0,3.33,0.0,3.33,1.73,13m 30s,Chipotle Mexican Grill (3851 State St),3,1,34.4422265,-119.7549119,34.439698635958216,-119.74914917511413,0,Monday,False,False,13.5,7.688888888888888,Lunch,1.92485549132948,14.8,0.0,0
2025-03-24,12.0,4.04,1.0,5.04,5.9,30m 15s,McDonald's (6900 Market Place Drive),3,1,34.4174573,-119.8670406,34.4290307,-119.870121,0,Monday,False,False,30.25,11.702479338842975,Lunch,0.8542372881355932,9.996694214876031,0.1984126984126984,0
2025-03-24,20.5,3.3099999999999996,2.0,5.31,3.79,17 min 31 s,Panda Express (3849 State St Space I-58),6,1,34.4190692,-119.7165843,34.43951324301522,-119.7491241173132,0,Monday,False,False,17.516666666666666,12.981921979067554,Evening,1.401055408970976,18.188392007611796,0.3766478342749529,1
2025-05-24,0.5,22.04,4.0,26.04,18.4,50m 22s,Santa Barbara Pizza House (515 State St),2,2,34.410031666777655,-119.86178711574163,34.4170674,-119.6962842,5,Saturday,True,False,50.36666666666667,21.919258769027135,Night,1.415217391304348,31.02051621442753,0.1536098310291858,1
2025-05-24,2.5,3.25,8.3,11.55,3.12,14m 06s,7-Eleven (7390 Calle Real),1,1,34.4325261,-119.8735212,34.4331991,-119.8847424,5,Saturday,True,False,14.1,13.276595744680852,Night,3.701923076923077,49.14893617021277,0.7186147186147186,1
2025-05-24,8.0,8.16,6.0,14.16,9.0,1h 00m,"Yet’z Bagels, Kellogg Way, Goleta, CA",2,2,34.4425348,-119.8359188,34.4128726,-119.8572217,5,Saturday,True,False,60.0,9.0,Morning,1.5733333333333333,14.16,0.423728813559322,0
2025-05-24,9.5,3.01,2.0,5.01,1.44,15m 08s,Starbucks (888 Embarcadero del Norte),1,1,34.417430743473545,-119.85865276455183,34.4133556,-119.8551797,5,Saturday,True,False,15.133333333333333,5.709251101321585,Morning,3.4791666666666665,19.863436123348016,0.3992015968063872,0
2025-05-24,10.5,6.92,8.11,15.03,4.0,37m 40s,Starbucks (888 Embarcadero del Norte),6,2,34.4221319,-119.702667,34.4133556,-119.8551797,5,Saturday,True,False,37.666666666666664,6.371681415929204,Morning,3.7575,23.941592920353983,0.5395874916833,0
2025-05-24,12.0,6.279999999999999,4.0,10.28,4.96,20m 46s,Su’s Bowl (Isla Vista),6,2,34.4307179,-119.8752951,34.4129772,-119.857419,5,Saturday,True,False,20.766666666666666,14.330658105939005,Lunch,2.07258064516129,29.701444622792938,0.3891050583657587,0
2025-05-24,18.5,6.38,7.78,14.16,3.33,31m 29s,California Pasta,12,1,34.4190563,-119.6680414,34.42000538599101,-119.70006437696536,5,Saturday,True,False,31.483333333333334,6.346214928533616,Evening,4.252252252252252,26.985706723133937,0.5494350282485876,1
2025-05-24,19.5,3.0900000000000016,11.79,14.88,2.64,23m 58s,Sachi Ramen (Santa Barbara),6,1,34.4158583,-119.6767938,34.4179964,-119.7000379,5,Saturday,True,False,23.966666666666665,6.609179415855355,Evening,5.636363636363637,37.25173852573018,0.7923387096774193,1
2025-05-24,20.0,3.0700000000000003,17.32,20.39,4.81,35m 15s,Habit Burger & Grill (216 South Milpas Street),6,1,34.4297268,-119.599877,34.41959759586662,-119.6759707192938,5,Saturday,True,False,35.25,8.187234042553191,Evening,4.23908523908524,34.706382978723404,0.849435998038254,1
2025-05-24,20.0,3.33,4.0,7.33,3.61,19m 04s,Taco Bell (5980 Hollister Ave),6,1,34.4146025,-119.84581,34.4362939,-119.8304545,5,Saturday,True,False,19.066666666666663,11.360139860139862,Evening,2.030470914127424,23.06643356643357,0.5457025920873124,0
2025-05-24,23.5,4.369999999999999,5.08,9.45,1.96,15m 37s,"Taco Bell, 821 N Milpas St",1,1,34.4209307,-119.7024531,34.4295465,-119.6900785,5,Saturday,True,False,15.616666666666667,7.530416221985059,Night,4.821428571428571,36.30736392742796,0.5375661375661376,1
2025-05-24,23.5,5.07,10.91,15.98,6.61,35m 16s,"Taco Bell, 821 N Milpas St",2,1,34.4403683,-119.7302801,34.4295465,-119.6900785,5,Saturday,True,False,35.266666666666666,11.245746691871457,Night,2.417549167927383,27.187145557655956,0.6827284105131414,1
2025-09-24,1.0,3.0299999999999994,8.46,11.49,1.84,13m 47s,Jack in the Box (501 N Milpas St),1,1,34.4149116,-119.7134866,34.4262994,-119.6856795,2,Wednesday,False,False,13.783333333333331,8.009673518742444,Night,6.244565217391304,50.01692865779928,0.7362924281984334,1
2025-09-24,15.5,9.19,8.88,18.07,9.19,37m 31s,Mandarin Palace,2,1,34.43376110083814,-119.89789477511442,34.43908353739146,-119.75253219045725,2,Wednesday,False,False,37.516666666666666,14.697467792092404,Afternoon,1.9662676822633296,28.89915593069747,0.4914222468179303,1
2025-09-24,19.0,2.42,4.0,6.42,0.99,12m 05s,7-Eleven (5810 Hollister),6,1,34.4374409,-119.8289446,34.4361697,-119.8269452,2,Wednesday,False,False,12.083333333333334,4.9158620689655175,Evening,6.484848484848484,31.878620689655172,0.6230529595015576,1
2025-09-24,19.5,5.640000000000001,5.0,10.64,4.16,35m 43s,Chipotle Mexican Grill (3851 State St),12,2,34.4240478,-119.6991564,34.439698635958216,-119.74914917511413,2,Wednesday,False,False,35.71666666666667,6.988334111059263,Evening,2.557692307692308,17.874008399440036,0.4699248120300752,1
2025-04-25,1.0,12.16,3.0,15.16,7.75,53m 12s,"Taco Bell, 821 N Milpas St",2,2,34.3998014,-119.7277071,34.4295465,-119.6900785,4,Friday,False,False,53.2,8.740601503759398,Night,1.9561290322580644,17.097744360902254,0.1978891820580474,1
2025-04-25,9.5,4.07,5.0,9.07,1.51,19 min 02 sec,Cajé,1,1,34.41182343943442,-119.86450526162282,34.425317675129044,-119.7066449776383,4,Friday,False,False,19.033333333333335,4.760070052539405,Morning,6.006622516556291,28.591943957968475,0.5512679162072767,0
2025-04-25,12.0,10.04,0.0,10.04,7.9,32 min 10 sec,Chipotle Mexican Grill (3851 State St),3,1,34.4503188,-119.659725,34.439698635958216,-119.74914917511413,4,Friday,False,False,32.166666666666664,14.735751295336788,Lunch,1.270886075949367,18.727461139896377,0.0,0
2025-04-25,19.0,13.03,3.6,16.63,12.35,59 min 51 sec,Szechuan Restaurant (Cliff Dr),12,1,34.4374179,-119.8168,34.4024127,-119.7235134,4,Friday,False,False,59.85,12.38095238095238,Evening,1.3465587044534413,16.671679197994987,0.2164762477450391,0
2025-04-25,20.0,13.88,8.19,22.07,5.85,57 min 52 sec,Wendy's (5724 Hollister Ave),18,2,34.40992649645646,-119.85488767511556,34.4359505,-119.824232,4,Friday,False,False,57.86666666666667,6.065668202764977,Evening,3.772649572649573,22.88364055299539,0.3710919800634345,0
2025-04-25,20.0,3.2399999999999993,7.38,10.62,4.38,18m 21s,Saigon Vietnamese Restaurant,6,1,34.4221479,-119.668124,34.41801199900006,-119.70004461545196,4,Friday,False,False,18.35,14.321525885558582,Evening,2.4246575342465753,34.724795640326974,0.6949152542372882,1
2025-04-25,22.5,4.54,2.0,6.54,3.16,16m 23s,7‑Eleven (Montecito St),1,1,34.4162913,-119.7231008,34.41226742768558,-119.6977621609164,4,Friday,False,False,16.383333333333333,11.572736520854528,Night,2.069620253164557,23.95116988809766,0.3058103975535168,1
2025-04-25,23.5,4.08,6.0,10.08,3.49,26m 50s,The Cookie Plug (Santa Barbara),1,1,34.4242808,-119.6668805,34.4210691,-119.7010365,4,Friday,False,False,26.833333333333332,7.803726708074535,Night,2.8882521489971347,22.53913043478261,0.5952380952380952,1
2025-08-25,8.5,10.029999999999998,24.66,34.69,5.89,55m 50s,Cajé Paseo,3,4,34.4245461,-119.6906223,34.419842,-119.6999297,0,Monday,False,False,55.833333333333336,6.329552238805969,Morning,5.889643463497453,37.27880597014925,0.7108676852118767,0
2025-08-25,9.5,4.03,3.0,7.03,4.68,27m 40s,McDonald's (29 N Milpas St),1,1,34.4270827,-119.6992472,34.4222641,-119.6802126,0,Monday,False,False,27.666666666666668,10.149397590361444,Morning,1.5021367521367524,15.24578313253012,0.4267425320056899,0
2025-08-25,15.0,2.97,7.21,10.18,2.66,20m 37s,Chick-fil-A (3707 State St),1,1,34.4379327,-119.7087821,34.44029719326225,-119.7429107309353,0,Monday,False,False,20.616666666666667,7.741309620048504,Afternoon,3.827067669172932,29.626515763945022,0.7082514734774067,1
2025-08-25,15.5,3.09,4.0,7.09,1.74,17m 48s,"Taco Bell, 821 N Milpas St",1,1,34.4158583,-119.6767938,34.4295465,-119.6900785,0,Monday,False,False,17.8,5.865168539325842,Afternoon,4.07471264367816,23.89887640449438,0.5641748942172073,1
2025-07-25,7.5,2.8199999999999994,4.48,7.3,1.78,22m 44s,Starbucks (539 State St),1,1,34.4161028,-119.7150814,34.4175525,-119.6967592,4,Friday,False,False,22.733333333333334,4.697947214076247,Morning,4.101123595505618,19.266862170087975,0.6136986301369863,0
2025-07-25,8.0,3.51,3.0,6.51,3.79,20m 11s,McDonald's (146 S Fairview Ave),1,1,34.4085594,-119.7008271,34.43872014995132,-119.83069700725405,4,Friday,False,False,20.183333333333337,11.266721717588768,Morning,1.717678100263852,19.35260115606936,0.4608294930875576,0
2025-07-25,19.5,3.92,10.98,14.9,6.08,30 min 10 sec,McDonald's (29 N Milpas St),6,1,34.4229822,-119.5954998,34.4222641,-119.6802126,4,Friday,False,False,30.166666666666668,12.092817679558012,Evening,2.450657894736842,29.6353591160221,0.7369127516778523,1
2025-07-25,20.0,3.0600000000000005,10.33,13.39,0.94,17 min 57 sec,Apna Indian Kitchen (Santa Barbara),6,1,34.4311416,-119.6939022,34.4191948,-119.6985613,4,Friday,False,False,17.95,3.142061281337047,Evening,14.244680851063832,44.75766016713093,0.7714712471994025,1
2025-07-25,20.5,4.349999999999999,6.69,11.04,5.53,40 min 16 sec,St. Bibiana,6,1,34.4356285,-119.7739207,34.41828329545669,-119.69861404998004,4,Friday,False,False,40.266666666666666,8.240066225165563,Evening,1.9963833634719708,16.450331125827812,0.6059782608695653,1
2025-07-25,22.0,2.8300000000000005,3.82,6.65,2.34,20 min 38 sec,Panda Express (3849 State St Space I-58),1,1,34.4289143,-119.7236716,34.439068556781415,-119.74916984627846,4,Friday,False,False,20.633333333333333,6.804523424878837,Night,2.841880341880342,19.337641357027465,0.5744360902255639,1
2025-06-25,1.0,6.609999999999999,4.0,10.61,1.08,26m 29s,Jack in the Box (501 N Milpas St),1,1,34.4325168,-119.6989896,34.4262994,-119.6856795,2,Wednesday,False,False,26.483333333333334,2.4468219005663943,Night,9.824074074074073,24.037759597230963,0.3770028275212064,1
2025-06-25,1.5,21.03,4.99,26.020000000000003,14.16,27m 53s,Jack in the Box (501 N Milpas St),1,1,34.4391992,-119.8509255,34.4262994,-119.6856795,2,Wednesday,False,False,27.883333333333333,30.469814704124328,Night,1.8375706214689267,55.99043634190079,0.1917755572636433,1
2025-06-25,2.5,12.04,0.0,12.04,4.21,29m 23s,Jack in the Box (6875 Hollister Ave),1,1,34.4381478,-119.8039699,34.4299362,-119.8687794,2,Wednesday,False,False,29.383333333333333,8.596710153148043,Night,2.859857482185273,24.585365853658537,0.0,1
2025-06-25,19.0,2.8600000000000003,4.17,7.03,1.9,15m 52s,Saigon Vietnamese Restaurant,6,1,34.434022,-119.7135805,34.41801199900006,-119.70004461545196,2,Wednesday,False,False,15.866666666666667,7.184873949579832,Evening,3.7,26.58403361344538,0.5931721194879089,1
2025-06-25,20.0,2.0600000000000005,8.07,10.13,0.66,12m 34s,Mission Street Ice Cream and Yogurt,6,1,34.4215118,-119.6941699,34.428328,-119.716679,2,Wednesday,False,False,12.566666666666666,3.151193633952255,Evening,15.34848484848485,48.366047745358095,0.7966436327739388,1
2025-06-25,21.5,3.1000000000000005,6.97,10.07,1.96,22m 6s,"Taco Bell, 821 N Milpas St",1,1,34.4313392,-119.7050663,34.4295465,-119.6900785,2,Wednesday,False,False,22.1,5.321266968325792,Evening,5.137755102040817,27.339366515837103,0.692154915590864,1
2025-06-25,22.5,3.01,5.0,8.01,1.19,15m 19s,Jack in the Box (501 N Milpas St),1,1,34.424078,-119.669489,34.4262994,-119.6856795,2,Wednesday,False,False,15.316666666666666,4.661588683351469,Night,6.73109243697479,31.377584330794345,0.6242197253433208,1
2025-06-25,23.5,2.84,4.19,7.03,2.74,18m 54s,"Taco Bell, 821 N Milpas St",1,1,34.4119172,-119.6914365,34.4295465,-119.6900785,2,Wednesday,False,False,18.9,8.6984126984127,Night,2.565693430656934,22.317460317460316,0.5960170697012802,1
2025-03-25,1.0,3.08,7.99,11.07,4.33,25 min 10 s,The Cookie Plug (Santa Barbara),1,1,34.4221319,-119.702667,34.4210691,-119.7010365,1,Tuesday,False,False,25.166666666666668,10.32317880794702,Night,2.556581986143187,26.39205298013245,0.7217705510388437,1
2025-03-25,2.0,10.44,4.0,14.44,7.44,18 min 10 s,Jack in the Box (501 N Milpas St),1,1,34.4279799,-119.7211213,34.4262994,-119.6856795,1,Tuesday,False,False,18.166666666666668,24.57247706422018,Night,1.9408602150537633,47.69174311926605,0.2770083102493075,1
2025-03-25,12.5,13.53,5.58,19.11,13.29,59m 15s,Sephora US (Lower State),6,2,34.4448302,-119.8185414,34.4192946,-119.6991627,1,Tuesday,False,False,59.25,13.458227848101265,Lunch,1.4379232505643342,19.351898734177215,0.2919937205651491,0
2025-03-25,23.5,2.469999999999999,15.21,17.68,2.67,19 min 12 s,Taco Bell (1840 Cliff Dr),1,1,34.4257134,-119.713349,34.4018453,-119.7217806,1,Tuesday,False,False,19.2,8.34375,Night,6.621722846441948,55.25,0.8602941176470589,1
2025-05-25,1.0,5.790000000000001,10.02,15.81,3.6,32m 21s,The Ice Cream Shop (3430 STATE ST),2,1,34.4164258,-119.7004521,34.428646794288454,-119.71665501618725,6,Sunday,True,False,32.35,6.676970633693972,Night,4.391666666666667,29.323029366306027,0.6337760910815938,1
2025-05-25,1.5,13.12,11.0,24.12,9.67,47m 22s,Banda Burrito (3614 State St),3,2,34.4266894,-119.6726445,34.440811051331245,-119.7409175039498,6,Sunday,True,False,47.36666666666667,12.249120337790288,Night,2.4943123061013446,30.55313159746657,0.4560530679933665,1
2025-05-25,1.5,3.09,8.3,11.39,3.12,14m 06s,7-Eleven (7390 Calle Real),1,1,34.4325261,-119.8735212,34.4331991,-119.8847424,6,Sunday,True,False,14.1,13.276595744680852,Night,3.6506410256410255,48.468085106382986,0.7287093942054435,1
2025-05-25,12.5,4.4,5.68,10.08,6.34,25m 30s,McDonald's (146 S Fairview Ave),3,1,34.45306894194764,-119.79493736162084,34.4368539,-119.8301947,6,Sunday,True,False,25.5,14.91764705882353,Lunch,1.5899053627760251,23.71764705882353,0.5634920634920635,0
2025-05-25,18.0,3.33,10.0,13.33,2.73,18m 06s,Kyoto Japanese Restaurant,6,1,34.4215118,-119.6941699,34.44095850422322,-119.73380944614956,6,Sunday,True,False,18.1,9.049723756906076,Evening,4.882783882783883,44.1878453038674,0.7501875468867216,1
2025-05-25,18.5,3.1799999999999997,10.27,13.45,4.29,29m 14s,Eureka! (Santa Barbara),6,1,34.4119172,-119.6914365,34.41881513514415,-119.70021517696546,6,Sunday,True,False,29.233333333333334,8.805017103762827,Evening,3.135198135198135,27.6054732041049,0.7635687732342008,1
2025-09-25,22.5,3.0599999999999996,4.19,7.25,2.2,26m 56s,"Taco Bell, 821 N Milpas St",1,1,34.4158583,-119.6767938,34.4295465,-119.6900785,3,Thursday,False,False,26.933333333333337,4.900990099009901,Night,3.295454545454545,16.1509900990099,0.5779310344827586,1
2025-09-25,23.5,8.079999999999998,17.53,25.61,3.88,52m 40s,Jack in the Box (501 N Milpas St),3,2,34.4125149,-119.7034698,34.4262994,-119.6856795,3,Thursday,False,False,52.666666666666664,4.420253164556962,Night,6.600515463917525,29.17594936708861,0.6844982428738775,1
2025-04-26,0.0,2.4299999999999997,4.09,6.52,1.56,12m 31s,"Taco Bell, 821 N Milpas St",1,1,34.4304021,-119.7037918,34.4295465,-119.6900785,5,Saturday,True,False,12.516666666666667,7.4780292942743,Night,4.179487179487179,31.254327563248996,0.6273006134969326,1
2025-04-26,0.5,5.85,5.24,11.09,2.16,22m 11s,Jack in the Box (501 N Milpas St),1,1,34.4209307,-119.7024531,34.4262994,-119.6856795,5,Saturday,True,False,22.183333333333337,5.842223891810668,Night,5.134259259259259,29.995492111194583,0.472497745716862,1
2025-04-26,0.5,5.829999999999999,6.19,12.02,2.6,33m 28s,McDonald's (29 N Milpas St),1,1,34.4274604,-119.7229746,34.42374070774889,-119.67975739730134,5,Saturday,True,False,33.46666666666667,4.661354581673306,Night,4.623076923076923,21.549800796812747,0.5149750415973379,1
2025-04-26,8.0,7.03,0.0,7.03,7.84,22 min 57 sec,Jack in the Box (3747 State St),1,1,34.4335058,-119.7471141,34.4401877,-119.7441611,5,Saturday,True,False,22.95,20.49673202614379,Morning,0.8966836734693878,18.37908496732026,0.0,0
2025-04-26,9.5,5.68,5.0,10.68,3.49,37 min 39 sec,Super Cuca's (626 W Micheltorena St),2,2,34.4321735,-119.8736136,34.4193211,-119.7158949,5,Saturday,True,False,37.65,5.561752988047809,Morning,3.0601719197707733,17.019920318725102,0.4681647940074906,0
2025-04-26,10.5,4.94,1.09,6.03,4.18,25 min 55 sec,Starbucks (Hollister & Storke-Goleta),3,1,34.4174573,-119.8670406,34.42963227133667,-119.87246797090242,5,Saturday,True,False,25.916666666666668,9.67717041800643,Morning,1.4425837320574164,13.960128617363344,0.1807628524046434,0
2025-04-26,18.5,9.1,17.59,26.69,9.29,35m 53s,Luna Grill - Santa Barbara,12,1,34.4222054,-119.6874234,34.4401289,-119.7523599,5,Saturday,True,False,35.88333333333333,15.53367394333488,Evening,2.8729817007534986,44.627960984672555,0.6590483327088797,1
2025-04-26,19.0,15.03,3.0,18.03,11.78,1h 03m 00s,Saigon Vietnamese Restaurant,12,1,34.4222618,-119.8690106,34.41801199900006,-119.70004461545196,5,Saturday,True,False,3.0,235.59999999999997,Evening,1.5305602716468594,360.6,0.1663893510815307,1
2025-04-26,21.0,11.13,12.88,24.01,7.13,37m 58s,Chipotle Mexican Grill (3851 State St),3,2,34.4084015,-119.6935198,34.439698635958216,-119.74914917511413,5,Saturday,True,False,37.96666666666667,11.267778753292362,Evening,3.367461430575035,37.943810359964885,0.5364431486880467,1
2025-04-26,22.0,3.789999999999999,4.24,8.03,5.41,20m 34s,"Taco Bell, 821 N Milpas St",1,1,34.4260186,-119.6810988,34.4295465,-119.6900785,5,Saturday,True,False,20.566666666666663,15.782820097244734,Night,1.4842883548983363,23.426256077795788,0.5280199252801994,1
2025-04-26,22.0,3.4299999999999997,4.0,7.43,3.81,17 min 30 sec,Taco Bell (1840 Cliff Dr),1,1,34.4140897,-119.7188449,34.4018453,-119.7217806,5,Saturday,True,False,17.5,13.062857142857142,Night,1.9501312335958003,25.474285714285713,0.5383580080753702,0
2025-04-26,23.0,3.03,1.0,4.03,2.65,31 min 12 sec,McDonald's (146 S Fairview Ave),1,1,34.4114977,-119.843644,34.4368539,-119.8301947,5,Saturday,True,False,31.2,5.096153846153846,Night,1.5207547169811322,7.75,0.2481389578163771,0
2025-04-26,23.0,9.54,12.21,21.75,4.47,23m 27s,"Taco Bell, 821 N Milpas St",2,2,34.4084015,-119.6935198,34.4295465,-119.6900785,5,Saturday,True,False,23.45,11.437100213219615,Night,4.8657718120805376,55.65031982942431,0.5613793103448276,1
2025-04-26,23.5,15.06,0.0,15.06,7.73,36 min 14 sec,IV Pizza Pub,2,2,34.4499735,-119.8391396,34.4109751,-119.8554265,5,Saturday,True,False,36.233333333333334,12.80036798528059,Night,1.9482535575679172,24.93836246550138,0.0,0
2025-08-26,0.0,2.75,5.57,8.32,1.86,15m 56s,"Taco Bell, 821 N Milpas St",1,1,34.4265681,-119.7101531,34.4295465,-119.6900785,1,Tuesday,False,False,15.933333333333334,7.004184100418411,Night,4.473118279569892,31.330543933054397,0.6694711538461539,1
2025-08-26,6.5,9.64,5.83,15.47,11.59,33m 16s,Jack in the Box (501 N Milpas St),1,1,34.3868781,-119.4923912,34.4262994,-119.6856795,1,Tuesday,False,False,33.266666666666666,20.903807615230463,Morning,1.3347713546160485,27.901803607214433,0.3768584356819651,0
2025-08-26,17.0,4.6,5.41,10.01,4.41,28m 04s,Asie Dumpling House (Santa Barbara),6,1,34.4227998,-119.6522982,34.416844,-119.696258,1,Tuesday,False,False,28.066666666666663,9.427553444180525,Afternoon,2.2698412698412698,21.399049881235157,0.5404595404595405,1
2025-08-26,20.0,4.760000000000002,13.0,17.76,4.76,29m 53s,Vons:3329,6,1,34.4217622,-119.7417093,34.40306188258483,-119.72368951303754,1,Tuesday,False,False,29.883333333333333,9.557166759620747,Evening,3.7310924369747904,35.65867261572784,0.7319819819819819,0
2025-08-26,20.5,7.32,7.17,14.49,18.85,52m 49s,Flavor of India,12,2,34.44891388222006,-119.9678042395662,34.44082532974802,-119.729410919293,1,Tuesday,False,False,52.81666666666667,21.413695171978546,Evening,0.7687002652519893,16.46071315872515,0.494824016563147,0
2025-08-26,21.5,2.49,2.0,4.49,1.54,8m 56s,7‑Eleven (Montecito St),1,1,34.4192317,-119.7065765,34.41226742768558,-119.6977621609164,1,Tuesday,False,False,8.933333333333334,10.343283582089551,Evening,2.9155844155844157,30.156716417910445,0.4454342984409799,1
2025-08-26,22.5,2.83,6.65,9.48,2.87,12m 58s,7‑Eleven (Montecito St),1,1,34.3998543,-119.7117307,34.41226742768558,-119.6977621609164,1,Tuesday,False,False,12.966666666666669,13.280205655526991,Night,3.303135888501742,43.866323907455005,0.7014767932489452,1
2025-08-26,23.0,3.0700000000000003,11.07,14.14,1.5,19m 14s,"Taco Bell, 821 N Milpas St",1,1,34.4158583,-119.6767938,34.4295465,-119.6900785,1,Tuesday,False,False,19.233333333333334,4.679376083188908,Night,9.426666666666668,44.11091854419411,0.7828854314002829,1
2025-07-26,9.0,3.649999999999999,7.36,11.01,1.87,11m 42s,McDonald's (3940 State St),1,1,34.4403683,-119.7302801,34.440895,-119.753051,5,Saturday,True,False,11.7,9.589743589743591,Morning,5.887700534759357,56.46153846153847,0.6684831970935513,0
2025-07-26,12.0,3.5199999999999996,6.58,10.1,5.14,24m 41s,"McDonald's, Cliff Dr",3,1,34.4252023,-119.7147203,34.40277756928841,-119.7224755809584,5,Saturday,True,False,24.683333333333337,12.494260634706276,Lunch,1.9649805447470816,24.55097906819716,0.6514851485148515,0
2025-07-26,13.0,7.890000000000001,12.46,20.35,22.22,1h 1m,Panda Express (131 N Fairview Ave),6,2,34.4297446,-119.6493338,34.4416296,-119.8327241,5,Saturday,True,False,1.0,1333.2,Lunch,0.915841584158416,1221.0,0.6122850122850123,0
2025-07-26,18.5,4.529999999999999,10.58,15.11,6.51,39m 21s,Nick the Greek (Santa Barbara),12,2,34.4393804,-119.7378043,34.4171204,-119.6957341,5,Saturday,True,False,39.35,9.926302414231255,Evening,2.3210445468509984,23.03939008894536,0.700198544010589,0
2025-06-26,1.0,3.3200000000000003,8.18,11.5,4.22,19m 9s,Habit Burger & Grill (628 State Street),1,1,34.4074084,-119.7263987,34.4184879,-119.697435,3,Thursday,False,False,19.15,13.221932114882506,Night,2.7251184834123223,36.0313315926893,0.711304347826087,1
2025-06-26,2.5,5.039999999999999,3.0,8.04,3.86,16m 28s,7‑Eleven (Montecito St),1,1,34.3999898,-119.7266466,34.410925131581244,-119.69680325583568,3,Thursday,False,False,16.466666666666665,14.064777327935223,Night,2.082901554404145,29.29554655870445,0.373134328358209,1
2025-06-26,12.0,18.12,10.5,28.62,19.63,49m 10s,"Crushcakes & Cafe, E Arrellaga St",6,2,34.3861933,-119.4848899,34.4257107,-119.7052518,3,Thursday,False,False,49.166666666666664,23.955254237288138,Lunch,1.457972491085074,34.92610169491525,0.3668763102725367,1
2025-06-26,13.5,2.7900000000000005,3.86,6.65,3.35,13m 58s,Carl's Jr. (7 S Milpas Street),3,1,34.4119172,-119.6914365,34.4216371,-119.6784399,3,Thursday,False,False,13.966666666666669,14.391408114558471,Lunch,1.9850746268656716,28.568019093078757,0.5804511278195488,1
2025-06-26,13.5,3.5199999999999996,10.84,14.36,4.39,17m 42s,Los Arroyos - Santa Barbara,3,1,34.4195624,-119.6408113,34.4217114,-119.6413115,3,Thursday,False,False,17.7,14.88135593220339,Lunch,3.271070615034169,48.67796610169491,0.754874651810585,1
2025-06-26,19.0,4.59,18.8,23.39,1.4,23m 38s,Sachi Ramen (Santa Barbara),12,3,34.4192317,-119.7065765,34.4179964,-119.7000379,3,Thursday,False,False,23.633333333333333,3.554301833568406,Evening,16.70714285714286,59.382228490832155,0.8037622915775973,1
2025-06-26,20.0,2.0299999999999994,6.59,8.62,0.75,14m 25s,Sachi Ramen (Santa Barbara),6,1,34.4119172,-119.6914365,34.4179964,-119.7000379,3,Thursday,False,False,14.416666666666666,3.1213872832369947,Evening,11.493333333333332,35.87514450867052,0.7645011600928074,1
2025-06-26,20.5,6.279999999999999,12.62,18.9,4.96,30m 32s,California Pasta,6,2,34.420729,-119.6256038,34.42000538599101,-119.70006437696536,3,Thursday,False,False,30.533333333333335,9.746724890829691,Evening,3.8104838709677415,37.139737991266365,0.6677248677248677,1
2025-03-26,0.5,2.0,5.59,7.59,0.78,15 min 31 s,"Taco Bell, 821 N Milpas St",1,1,34.4211771,-119.5937541,34.4295465,-119.6900785,2,Wednesday,False,False,15.516666666666667,3.016111707841031,Night,9.73076923076923,29.34908700322234,0.7364953886693018,1
2025-03-26,0.5,6.9399999999999995,3.64,10.58,4.63,27 min 24 s,McDonald's (29 N Milpas St),1,1,34.4221319,-119.702667,34.4222683,-119.6802254,2,Wednesday,False,False,27.4,10.13868613138686,Night,2.285097192224622,23.16788321167883,0.3440453686200378,1
2025-03-26,1.0,12.44,0.0,12.44,9.23,23 min 26 s,"McDonald's, Cliff Dr",1,1,34.4374179,-119.8168,34.40277756928841,-119.7224755809584,2,Wednesday,False,False,23.433333333333337,23.633001422475104,Night,1.3477789815817984,31.85206258890469,0.0,1
2025-03-26,1.0,12.44,0.0,12.44,9.23,23 min 26 s,"McDonald's, Cliff Dr",1,1,34.4374179,-119.8168,34.40277756928841,-119.7224755809584,2,Wednesday,False,False,23.433333333333337,23.633001422475104,Night,1.3477789815817984,31.85206258890469,0.0,1
2025-03-26,2.0,18.45,0.0,18.45,7.95,23 min 10 s,Banda Burrito (3614 State St),1,1,34.4092812,-119.6989913,34.440811051331245,-119.7409175039498,2,Wednesday,False,False,23.166666666666668,20.589928057553955,Night,2.320754716981132,47.7841726618705,0.0,1
2025-03-26,10.0,5.05,2.0,7.05,8.94,20m 24s,Chopped NYC (6553 Pardall Rd),1,1,34.4470276,-119.7466465,34.41302553549953,-119.85637804627962,2,Wednesday,False,False,20.4,26.294117647058822,Morning,0.7885906040268457,20.73529411764706,0.2836879432624113,0
2025-03-26,23.5,3.04,3.0,6.04,4.23,15 min 44 s,McDonald's (29 N Milpas St),1,1,34.4221319,-119.702667,34.4222683,-119.6802254,2,Wednesday,False,False,15.733333333333333,16.131355932203395,Night,1.4278959810874703,23.033898305084747,0.4966887417218543,1
2025-09-26,1.5,6.840000000000001,4.21,11.05,2.62,15m 12s,"Taco Bell, 821 N Milpas St",1,1,34.4149116,-119.7134866,34.4295465,-119.6900785,4,Friday,False,False,15.2,10.342105263157896,Night,4.2175572519083975,43.61842105263159,0.3809954751131221,1
2025-09-26,22.5,6.120000000000001,12.48,18.6,5.83,33m 31s,"Taco Bell, 821 N Milpas St",2,1,34.4256257,-119.7088716,34.4295465,-119.6900785,4,Friday,False,False,33.516666666666666,10.43659870711089,Night,3.190394511149228,33.29686723023372,0.6709677419354838,1
2025-09-26,23.5,8.120000000000001,14.27,22.39,4.65,33m 59s,"Taco Bell, 821 N Milpas St",2,2,34.4279799,-119.7211213,34.4295465,-119.6900785,4,Friday,False,False,33.983333333333334,8.20990681706719,Night,4.81505376344086,39.53114271701814,0.637338097364895,1
2025-04-27,8.5,12.63,3.4,16.03,10.21,47 min 24 sec,Little Heart Cafecito,1,1,34.4366449,-119.6368237,34.423526,-119.707082,6,Sunday,True,False,47.4,12.924050632911396,Morning,1.5700293829578844,20.291139240506332,0.2121023081721771,0
2025-04-27,18.0,7.09,11.95,19.04,4.01,29m 23s,7‑Eleven (Montecito St),12,1,34.4403683,-119.7302801,34.41226742768558,-119.6977621609164,6,Sunday,True,False,29.383333333333333,8.188315371525809,Evening,4.748129675810474,38.87918321043675,0.6276260504201681,1
2025-04-27,19.0,2.3099999999999996,7.29,9.6,0.98,10m 21s,Chipotle Mexican Grill (3851 State St),6,1,34.4493,-119.7476694,34.439698635958216,-119.74914917511413,6,Sunday,True,False,10.35,5.681159420289855,Evening,9.79591836734694,55.65217391304349,0.759375,1
2025-04-27,22.5,19.92,6.15,26.07,19.85,43m 02s,Insomnia Cookies,2,2,34.42156817770584,-119.54946914627926,34.41685855569121,-119.6950693741838,6,Sunday,True,False,43.03333333333333,27.676219984508137,Night,1.3133501259445843,36.34856700232378,0.2359033371691599,1
2025-08-27,9.0,4.59,3.0,7.59,7.16,35m 05s,Pressed Acai (651 Paseo Nuevo),1,1,34.4401788,-119.7601391,34.4189876,-119.6999297,2,Wednesday,False,False,35.083333333333336,12.245130641330164,Morning,1.0600558659217876,12.980522565320664,0.3952569169960474,0
2025-08-27,10.5,4.1,2.0,6.1,3.24,18m 43s,Albertsons (0354),3,1,34.4263627,-119.8856178,34.44249063680539,-119.82547960064971,2,Wednesday,False,False,18.716666666666665,10.38646482635797,Morning,1.882716049382716,19.554764024933217,0.3278688524590164,0
2025-08-27,11.0,8.57,0.0,8.57,3.85,13m 08s,IHOP (Hollister Ave),3,1,34.41123158360512,-119.86119536347309,34.4293695,-119.8768978,2,Wednesday,False,False,13.133333333333333,17.588832487309645,Lunch,2.225974025974026,39.152284263959395,0.0,0
2025-08-27,11.5,11.05,2.0,13.05,5.71,27m 56s,Albertsons (0354),3,1,34.4374694,-119.8266186,34.44249063680539,-119.82547960064971,2,Wednesday,False,False,27.933333333333337,12.264916467780427,Lunch,2.285464098073555,28.031026252983292,0.1532567049808429,0
2025-08-27,17.0,4.07,3.0,7.07,2.85,20m 36s,7‑Eleven (Montecito St),6,1,34.3989578,-119.7198409,34.41226742768558,-119.6977621609164,2,Wednesday,False,False,20.6,8.300970873786406,Afternoon,2.480701754385965,20.592233009708735,0.4243281471004243,1
2025-08-27,18.5,19.559999999999995,17.1,36.66,17.43,59m 28s,Nothing Bundt Cakes (Santa Barbara-Goleta),24,3,34.4274779,-119.8866189,34.4417208,-119.8256748,2,Wednesday,False,False,59.46666666666667,17.586322869955154,Evening,2.1032702237521512,36.98878923766816,0.4664484451718495,1
2025-08-27,19.5,5.1,7.41,12.51,4.3,25m 27s,Hana Kitchen (Goleta),12,1,34.4106950633126,-119.86198507511556,34.4132625,-119.856487,2,Wednesday,False,False,25.45,10.13752455795678,Evening,2.9093023255813955,29.49312377210216,0.592326139088729,1
2025-08-27,20.5,4.03,3.0,7.03,5.61,27m 15s,McDonald's (6900 Market Place Drive),6,1,34.4488809,-119.8236667,34.4290307,-119.870121,2,Wednesday,False,False,27.25,12.352293577981651,Evening,1.253119429590018,15.478899082568809,0.4267425320056899,1
2025-07-27,7.0,3.039999999999999,11.25,14.29,6.15,17m 50s,Starbucks (Five Points Center),1,1,34.4260668,-119.7401955,34.43911270835084,-119.75283467693296,6,Sunday,True,False,17.833333333333332,20.69158878504673,Morning,2.3235772357723574,48.0785046728972,0.7872638208537439,0
2025-07-27,11.5,2.0,5.0,7.0,0.66,7m 23s,Jersey Mike's Subs (3325 State Street),3,1,34.4382279,-119.7326361,34.43991581101291,-119.73575738662046,6,Sunday,True,False,7.383333333333334,5.363431151241535,Lunch,10.606060606060606,56.88487584650113,0.7142857142857143,0
2025-07-27,12.5,6.220000000000001,9.0,15.22,8.47,37m 8s,Corazon Cocina (Santa Barbara),6,2,34.4495957,-119.7526935,34.4234746,-119.7069745,6,Sunday,True,False,37.13333333333333,13.685816876122082,Lunch,1.7969303423848877,24.592459605026928,0.5913272010512484,0
2025-07-27,13.0,8.45,17.39,25.84,9.74,41m 10s,Luna Grill - Santa Barbara,3,1,34.4256764,-119.6296829,34.4401289,-119.7523599,6,Sunday,True,False,41.166666666666664,14.195951417004048,Lunch,2.652977412731006,37.66153846153846,0.6729876160990712,0
2025-07-27,18.5,3.0700000000000003,14.3,17.37,1.48,12 min 12 sec,Los Agaves Restaurant (Milpas),6,1,34.4403683,-119.7302801,34.427538,-119.686577,6,Sunday,True,False,12.2,7.278688524590165,Evening,11.736486486486488,85.42622950819674,0.823258491652274,1
2025-07-27,18.5,11.1,19.0,30.1,13.11,59m 23s,California Pizza Kitchen (719 Paseo Nuevo),18,3,34.439878098442186,-119.56705433545224,34.4188553,-119.7005545,6,Sunday,True,False,59.38333333333333,13.246140892506316,Evening,2.2959572845156373,30.412573673870337,0.6312292358803986,0
2025-07-27,19.5,3.5199999999999996,17.57,21.09,3.71,28m 11s,St. Bibiana,6,1,34.4341076,-119.6880816,34.41828329545669,-119.69861404998004,6,Sunday,True,False,28.183333333333337,7.898285038438793,Evening,5.684636118598383,44.89887640449438,0.8330962541488858,0
2025-07-27,20.5,3.0299999999999994,13.47,16.5,0.85,9 min 21 sec,The Win-Dow (Santa Barbara),6,1,34.4226438,-119.6893009,34.4175894,-119.6994583,6,Sunday,True,False,9.35,5.454545454545455,Evening,19.411764705882355,105.88235294117648,0.8163636363636364,1
2025-03-27,11.0,5.02,0.0,5.02,4.0,15m 54s,Vons:3329,3,1,34.4217036,-119.7073816,34.40306188258483,-119.72368951303754,3,Thursday,False,False,15.9,15.094339622641508,Lunch,1.255,18.943396226415093,0.0,0
2025-05-27,0.5,4.029999999999999,4.0,8.03,2.96,18m 57s,Jack in the Box (501 N Milpas St),1,1,34.4085594,-119.7008271,34.4262994,-119.6856795,1,Tuesday,False,False,18.95,9.37203166226913,Night,2.7128378378378377,25.424802110817943,0.4981320049813201,1
2025-05-27,19.5,3.12,3.0,6.12,2.77,16m 58s,Taco Bell (140 N. Fairview),6,1,34.4374179,-119.8168,34.4422877,-119.8303351,1,Tuesday,False,False,16.966666666666665,9.795677799607072,Evening,2.2093862815884475,21.64243614931238,0.4901960784313725,1
2025-05-27,19.5,5.34,20.34,25.68,4.26,26m 21s,Apna Indian Kitchen (Santa Barbara),12,2,34.4417989,-119.6959878,34.4191948,-119.6985613,1,Tuesday,False,False,26.35,9.700189753320682,Evening,6.028169014084507,58.474383301707775,0.7920560747663551,0
2025-09-27,0.0,2.9099999999999993,7.11,10.02,0.74,15m 40s,Jack in the Box (501 N Milpas St),1,1,34.4226438,-119.6893009,34.4262994,-119.6856795,5,Saturday,True,False,15.666666666666666,2.8340425531914892,Night,13.54054054054054,38.37446808510638,0.7095808383233534,1
2025-09-27,1.5,9.07,5.0,14.07,4.65,29m 13s,McDonald's (29 N Milpas St),1,1,34.4132387,-119.6924564,34.42374070774889,-119.67975739730134,5,Saturday,True,False,29.216666666666665,9.54934398174558,Night,3.025806451612903,28.894466628636625,0.355366027007818,1
2025-09-27,22.5,4.06,3.0,7.06,3.13,28m 05s,"Taco Bell, 821 N Milpas St",1,1,34.4158583,-119.6767938,34.4295465,-119.6900785,5,Saturday,True,False,28.083333333333332,6.687240356083086,Night,2.255591054313099,15.083679525222552,0.4249291784702549,1
2025-09-27,23.0,7.040000000000001,15.38,22.42,5.43,46m 57s,Hana Kitchen - State Street,2,2,34.4382279,-119.7326361,34.4168496,-119.6958222,5,Saturday,True,False,46.95,6.939297124600638,Night,4.128913443830571,28.6517571884984,0.6859946476360392,1
2025-04-28,19.5,4.52,0.5,5.02,2.09,18 min 53 sec,Habit Burger & Grill (888 Embarcadero del Norte),6,1,34.4114977,-119.843644,34.4132572,-119.8550767,0,Monday,False,False,18.883333333333333,6.640776699029125,Evening,2.401913875598086,15.950573698146512,0.099601593625498,0
2025-08-28,7.0,4.889999999999999,4.15,9.04,8.22,29m 43s,Peet’s Coffee – Santa Barbara (1040),1,1,34.4114977,-119.843644,34.4402556,-119.7515615,3,Thursday,False,False,29.716666666666665,16.5967470555244,Morning,1.099756690997567,18.25238362310712,0.459070796460177,0
2025-08-28,10.5,4.32,5.99,10.31,5.88,29m 40s,Nothing Bundt Cakes (Santa Barbara-Goleta),3,1,34.4146025,-119.84581,34.442132307258994,-119.82547332569555,3,Thursday,False,False,29.666666666666668,11.892134831460671,Morning,1.7534013605442178,20.85168539325843,0.5809893307468477,0
2025-08-28,11.0,19.61,4.0,23.61,17.6,1h 00m,Albertsons (0354),3,1,34.4555956,-119.6994425,34.44249063680539,-119.82547960064971,3,Thursday,False,False,60.0,17.6,Lunch,1.3414772727272726,23.61,0.169419737399407,0
2025-08-28,12.0,28.05,0.0,28.05,27.17,1h 10m,Sephora US (Lower State),9,1,34.4418142,-119.7489223,34.41936833093828,-119.69923438847756,3,Thursday,False,False,10.0,163.02,Lunch,1.0323886639676112,168.3,0.0,0
2025-08-28,20.5,6.690000000000001,8.02,14.71,4.02,36m 32s,Lazy Acres (Santa Barbara),6,1,34.4238549,-119.6947962,34.4002857,-119.7216572,3,Thursday,False,False,36.53333333333333,6.602189781021898,Evening,3.659203980099503,24.158759124087595,0.5452073419442556,1
2025-08-28,22.5,3.879999999999999,4.16,8.04,7.09,17m 52s,McDonald's (29 N Milpas St),1,1,34.4366449,-119.6368237,34.4222641,-119.6802126,3,Thursday,False,False,17.866666666666667,23.80970149253731,Night,1.1339915373765863,26.999999999999993,0.5174129353233832,1
2025-06-28,2.0,6.030000000000001,10.0,16.03,7.46,26m 43s,Jack in the Box (501 N Milpas St),2,2,34.4498497,-119.7510402,34.4262994,-119.6856795,5,Saturday,True,False,26.716666666666665,16.753587024329384,Night,2.148793565683646,36.0,0.6238303181534622,1
2025-06-28,16.0,4.419999999999998,16.69,21.11,7.32,22m 18s,St. Bibiana,1,2,34.4403437,-119.607993,34.41828329545669,-119.69861404998004,5,Saturday,True,False,22.3,19.69506726457399,Afternoon,2.883879781420765,56.798206278026896,0.7906205589767883,1
2025-06-28,16.5,6.199999999999999,9.0,15.2,1.82,26m 22s,St. Bibiana,12,2,34.424974,-119.7027632,34.41828329545669,-119.69861404998004,5,Saturday,True,False,26.366666666666667,4.1415929203539825,Afternoon,8.35164835164835,34.589127686472814,0.5921052631578948,1
2025-06-28,17.5,4.029999999999999,5.0,9.03,8.97,21m 28s,The Win-Dow (Santa Barbara),6,1,34.439718049351626,-119.79124675977108,34.4175894,-119.6994583,5,Saturday,True,False,21.466666666666665,25.071428571428577,Afternoon,1.006688963210702,25.23913043478261,0.5537098560354374,1
2025-06-28,18.0,3.0199999999999996,11.41,14.43,3.91,16m 52s,"Wingstop, 3849 State St #163",6,3,34.4320312,-119.7264412,34.43951324301522,-119.74909193080344,5,Saturday,True,False,16.866666666666667,13.909090909090908,Evening,3.6905370843989767,51.33201581027667,0.7907137907137908,1
2025-06-28,19.0,3.33,5.0,8.33,2.97,28m 41s,7‑Eleven (Montecito St),6,1,34.4313392,-119.7050663,34.41226742768558,-119.6977621609164,5,Saturday,True,False,28.683333333333337,6.2126670540383495,Evening,2.8047138047138045,17.424753050552003,0.6002400960384153,1
2025-06-28,20.0,5.95,7.71,13.66,4.52,33m 34s,Mandarin Palace,12,2,34.4336255,-119.7921164,34.43908353739146,-119.75253219045725,5,Saturday,True,False,33.56666666666667,8.079443892750742,Evening,3.02212389380531,24.417080436941408,0.5644216691068814,1
2025-03-28,0.0,12.9,0.0,12.9,6.3,25 min 24 s,Jack in the Box (501 N Milpas St),2,2,34.4231777,-119.6610121,34.4262994,-119.6856795,4,Friday,False,False,25.4,14.88188976377953,Night,2.047619047619048,30.472440944881892,0.0,1
2025-03-28,1.0,3.5699999999999994,6.47,10.04,4.55,13 min 14 s,"McDonald's, Cliff Dr",1,1,34.4221319,-119.702667,34.4186019,-119.7430114,4,Friday,False,False,13.233333333333333,20.629722921914357,Night,2.2065934065934063,45.52141057934509,0.6444223107569721,1
2025-03-28,1.5,6.9399999999999995,4.48,11.42,2.27,11 min 40 s,McDonald's (29 N Milpas St),1,1,34.4221319,-119.702667,34.4222683,-119.6802254,4,Friday,False,False,11.666666666666666,11.674285714285714,Night,5.030837004405286,58.73142857142857,0.3922942206654992,1
2025-03-28,2.5,7.44,4.0,11.44,4.47,14 min 00 s,Jack in the Box (501 N Milpas St),1,1,34.4279799,-119.7211213,34.4262994,-119.6856795,4,Friday,False,False,14.0,19.157142857142855,Night,2.559284116331096,49.028571428571425,0.3496503496503497,1
2025-03-28,11.0,9.14,3.94,13.08,9.76,31m 17s,Wendy's (5724 Hollister Ave),3,1,34.4403683,-119.7302801,34.4359505,-119.824232,4,Friday,False,False,31.283333333333335,18.71923281832712,Lunch,1.3401639344262295,25.086840703249862,0.3012232415902141,0
2025-05-28,1.5,10.75,16.77,27.52,15.78,52m 48s,Jack in the Box (501 N Milpas St),2,2,34.4146025,-119.84581,34.4262994,-119.6856795,2,Wednesday,False,False,52.8,17.93181818181818,Night,1.743979721166033,31.272727272727273,0.609375,1
2025-05-28,7.5,3.33,3.87,7.2,2.28,16m 32s,Cajé,1,1,34.4302899,-119.8601508,34.425317675129044,-119.7066449776383,2,Wednesday,False,False,16.533333333333335,8.274193548387094,Morning,3.1578947368421058,26.129032258064512,0.5375,0
2025-05-28,8.0,3.6000000000000005,4.05,7.65,3.53,19m 51s,Jack in the Box (6875 Hollister Ave),1,1,34.4358295,-119.8276389,34.4299362,-119.8687794,2,Wednesday,False,False,19.85,10.670025188916874,Morning,2.1671388101983005,23.123425692695218,0.5294117647058824,0
2025-05-28,9.5,6.11,6.96,13.07,11.74,24m 24s,Spudnuts Donuts,1,1,34.4158583,-119.6767938,34.41522297202897,-119.85615521855476,2,Wednesday,False,False,24.4,28.8688524590164,Morning,1.113287904599659,32.13934426229508,0.5325172149961744,0
2025-05-28,18.0,4.779999999999999,5.75,10.53,6.86,22m 10s,Mesa Burger (315 Meigs Road),6,1,34.4458145,-119.6652602,34.4009025,-119.7225921,2,Wednesday,False,False,22.166666666666668,18.568421052631574,Evening,1.5349854227405246,28.50225563909774,0.5460588793922128,0
2025-05-28,18.0,5.2299999999999995,5.79,11.02,4.1,13m 27s,Habit Burger & Grill (216 South Milpas Street),6,1,34.4279799,-119.7211213,34.41952679236872,-119.67594926149704,2,Wednesday,False,False,13.45,18.28996282527881,Evening,2.6878048780487807,49.159851301115246,0.5254083484573503,0
2025-05-28,18.5,11.96,5.55,17.51,16.7,59m 27s,Edomasa,12,2,34.4221319,-119.702667,34.4359536,-119.7254267,2,Wednesday,False,False,59.45,16.854499579478553,Evening,1.048502994011976,17.671993271656856,0.3169617361507709,0
2025-05-28,20.0,3.0199999999999996,16.96,19.98,3.53,20m 20s,California Pizza Kitchen (719 Paseo Nuevo),6,1,34.4350604,-119.7506675,34.4188553,-119.7005545,2,Wednesday,False,False,20.333333333333332,10.416393442622953,Evening,5.660056657223796,58.95737704918034,0.8488488488488489,1
2025-05-28,20.0,4.2,5.86,10.06,5.38,19m 44s,Taqueria La Unica,6,1,34.4187276,-119.7237773,34.4401724,-119.7458228,2,Wednesday,False,False,19.733333333333334,16.35810810810811,Evening,1.8698884758364311,30.58783783783784,0.5825049701789264,1
2025-05-28,21.5,6.719999999999999,9.91,16.63,5.65,23m 51s,Wendy's (5724 Hollister Ave),2,2,34.41002982724455,-119.85620315833152,34.4359505,-119.824232,2,Wednesday,False,False,23.85,14.21383647798742,Evening,2.943362831858406,41.83647798742138,0.5959110042092605,1
2025-09-28,0.5,16.48,4.55,21.03,7.96,26m 13s,Santa Barbara Pizza House (515 State St),2,2,34.4287828,-119.7470513,34.4170674,-119.6962842,6,Sunday,True,False,26.216666666666665,18.217418944691673,Night,2.641959798994975,48.12968849332486,0.2163575844032334,1
2025-09-28,1.0,11.179999999999998,10.47,21.65,6.5,38m 27s,Jack in the Box (501 N Milpas St),2,1,34.4279799,-119.7211213,34.4262994,-119.6856795,6,Sunday,True,False,38.45,10.14304291287386,Night,3.3307692307692305,33.78413524057217,0.4836027713625866,1
2025-04-29,7.5,9.0,0.0,9.0,5.09,32 min 48 sec,"Starbucks (State & Victoria, Santa Barbara)",1,1,34.4185728,-119.6799084,34.42407225156649,-119.70583674302095,1,Tuesday,False,False,32.8,9.310975609756095,Morning,1.768172888015717,16.463414634146343,0.0,0
2025-04-29,17.5,3.0199999999999996,4.99,8.01,2.66,18 min 54 sec,Edomasa,6,1,34.4434336,-119.7525048,34.43619233892461,-119.72536888860704,1,Tuesday,False,False,18.9,8.444444444444445,Afternoon,3.0112781954887216,25.428571428571427,0.6229712858926343,0
2025-04-29,22.0,3.51,2.5,6.01,2.75,14m 27s,Taco Bell (5980 Hollister Ave),1,1,34.4374179,-119.8168,34.4362939,-119.8304545,1,Tuesday,False,False,14.45,11.418685121107266,Night,2.1854545454545455,24.955017301038065,0.415973377703827,1
2025-04-29,23.5,6.029999999999999,2.0,8.03,3.57,18m 38s,Jack in the Box (6875 Hollister Ave),1,1,34.412773786959164,-119.86255824627963,34.4299362,-119.8687794,1,Tuesday,False,False,18.633333333333333,11.495527728085868,Night,2.249299719887955,25.856887298747765,0.24906600249066,1
2025-08-29,8.5,3.13,5.19,8.32,4.5,21m 46s,"Crushcakes & Cafe, E Arrellaga St",1,1,34.444463,-119.6929292,34.4257107,-119.7052518,4,Friday,False,False,21.766666666666666,12.404287901990813,Morning,1.848888888888889,22.93415007656968,0.623798076923077,0
2025-08-29,8.5,3.13,5.19,8.32,4.5,21m 46s,"Crushcakes & Cafe, E Arrellaga St",1,1,34.444463,-119.6929292,34.4257107,-119.7052518,4,Friday,False,False,21.766666666666666,12.404287901990813,Morning,1.848888888888889,22.93415007656968,0.623798076923077,0
2025-08-29,9.0,3.08,5.0,8.08,1.69,16m 07s,Little Heart Cafecito,1,1,34.4289143,-119.7236716,34.423526,-119.707082,4,Friday,False,False,16.116666666666667,6.291623578076525,Morning,4.781065088757397,30.08066184074457,0.6188118811881188,0
2025-08-29,9.0,3.08,5.0,8.08,1.69,16m 7s,Little Heart Cafecito,1,1,34.4289143,-119.7236716,34.423526,-119.707082,4,Friday,False,False,16.116666666666667,6.291623578076525,Morning,4.781065088757397,30.08066184074457,0.6188118811881188,0
2025-08-29,10.5,10.78,3.8,14.580000000000002,5.53,32m 29s,Firebelly Wings (6553 Pardall Rd),2,2,34.4302899,-119.8601508,34.4130338,-119.8563867,4,Friday,False,False,32.483333333333334,10.214468958440223,Morning,2.636528028933093,26.930733709594666,0.260631001371742,0
2025-08-29,10.5,10.78,3.8,14.580000000000002,5.53,32m 29s,Firebelly Wings (6553 Pardall Rd),2,1,34.4302899,-119.8601508,34.4130338,-119.8563867,4,Friday,False,False,32.483333333333334,10.214468958440223,Morning,2.636528028933093,26.930733709594666,0.260631001371742,0
2025-08-29,11.5,17.55,7.0,24.55,17.89,57m 48s,Thai Bistro,9,3,34.410031666777655,-119.86178711574163,34.440842418961715,-119.7322697886068,4,Friday,False,False,57.8,18.570934256055367,Lunch,1.3722750139742874,25.484429065743942,0.285132382892057,0
2025-08-29,11.5,17.55,7.0,24.55,17.89,57m 48s,Thai Bistro,9,3,34.410031666777655,-119.86178711574163,34.440842418961715,-119.7322697886068,4,Friday,False,False,57.8,18.570934256055367,Lunch,1.3722750139742874,25.484429065743942,0.285132382892057,0
2025-08-29,18.0,6.04,1.0,7.04,1.97,20m 49s,McDonald's (6900 Market Place Drive),6,1,34.4334421,-119.8509081,34.4290307,-119.870121,4,Friday,False,False,20.816666666666663,5.67814251401121,Evening,3.5736040609137056,20.291433146517218,0.1420454545454545,1
2025-08-29,18.5,3.42,2.75,6.17,2.77,16m 02s,McDonald's (3940 State St),6,1,34.4282052,-119.7221634,34.440895,-119.753051,4,Friday,False,False,16.033333333333335,10.365904365904363,Evening,2.2274368231046933,23.089397089397085,0.4457050243111831,1
2025-08-29,21.0,4.159999999999999,5.38,9.54,4.38,29m 02s,Wendy's (5724 Hollister Ave),6,1,34.41902228309631,-119.872560744429,34.4359505,-119.824232,4,Friday,False,False,29.033333333333335,9.05166475315729,Evening,2.1780821917808217,19.71526980482204,0.5639412997903565,1
2025-08-29,23.0,6.140000000000001,11.5,17.64,7.22,36m 20s,"Taco Bell, 821 N Milpas St",2,2,34.4382279,-119.7326361,34.4295465,-119.6900785,4,Friday,False,False,36.333333333333336,11.922935779816513,Night,2.443213296398892,29.130275229357796,0.6519274376417233,1
2025-08-29,23.5,3.01,6.07,9.08,1.9,42m 12s,Jack in the Box (3747 State St),1,1,34.4566525,-119.7335725,34.4401877,-119.7441611,4,Friday,False,False,42.2,2.701421800947867,Night,4.778947368421053,12.90995260663507,0.6685022026431718,1
2025-07-29,8.5,5.26,4.0,9.26,11.72,28m 24s,"Yet’z Bagels, Kellogg Way, Goleta, CA",1,1,34.4274604,-119.7229746,34.4128726,-119.8572217,1,Tuesday,False,False,28.4,24.760563380281692,Morning,0.7901023890784983,19.56338028169014,0.4319654427645788,0
2025-07-29,11.5,11.85,14.52,26.37,7.35,32m 35s,Apna Indian Kitchen (Santa Barbara),6,2,34.4456639,-119.6515224,34.4191948,-119.6985613,1,Tuesday,False,False,32.583333333333336,13.534526854219946,Lunch,3.5877551020408167,48.55856777493606,0.5506257110352674,0
2025-07-29,18.0,9.07,7.98,17.05,8.71,20m 32s,McDonald's (146 S Fairview Ave),6,1,34.4221319,-119.702667,34.44065557044746,-119.82982023916377,1,Tuesday,False,False,20.533333333333335,25.4512987012987,Evening,1.95752009184845,49.82142857142857,0.4680351906158357,0
2025-07-29,18.5,5.02,3.0,8.02,6.82,29m 42s,Wendy's (5724 Hollister Ave),6,1,34.4246172,-119.8794837,34.4359505,-119.824232,1,Tuesday,False,False,29.7,13.77777777777778,Evening,1.1759530791788857,16.2020202020202,0.3740648379052369,0
2025-06-29,1.0,4.57,8.51,13.08,8.74,50m 42s,McDonald's (29 N Milpas St),1,1,34.4214743,-119.6530389,34.42374070774889,-119.67975739730134,6,Sunday,True,False,50.7,10.343195266272188,Night,1.496567505720824,15.4792899408284,0.650611620795107,1
2025-06-29,10.0,2.5599999999999996,5.0,7.56,1.36,16m 47s,Starbucks (Hollister & Storke-Goleta),1,1,34.4302899,-119.8601508,34.42963227133667,-119.87246797090242,6,Sunday,True,False,16.783333333333335,4.86196623634558,Morning,5.558823529411764,27.026812313803372,0.6613756613756614,0
2025-06-29,11.0,6.24,11.01,17.25,9.81,33m 39s,Su’s Bowl (Isla Vista),6,2,34.4426629,-119.8248038,34.4129772,-119.857419,6,Sunday,True,False,33.65,17.49182763744428,Lunch,1.7584097859327217,30.75780089153046,0.6382608695652173,0
2025-06-29,12.5,3.3199999999999994,5.28,8.6,2.18,15m 43s,El Rincon Bohemio,3,1,34.4403683,-119.7302801,34.43959778785699,-119.7615753444281,6,Sunday,True,False,15.716666666666669,8.32237539766702,Lunch,3.9449541284403664,32.83138918345705,0.6139534883720931,0
2025-06-29,21.0,9.69,8.88,18.57,9.45,45m 17s,Little Caesars (21 N Milpas St),3,2,34.4403683,-119.7302801,34.421832,-119.679684,6,Sunday,True,False,45.28333333333333,12.521163047478836,Evening,1.9650793650793652,24.605079131394923,0.4781906300484653,1
2025-03-29,2.0,2.630000000000001,5.85,8.48,1.61,8 min 47 s,Jack in the Box (6875 Hollister Ave),1,1,34.4302899,-119.8601508,34.4299362,-119.8687794,5,Saturday,True,False,8.783333333333333,10.99810246679317,Night,5.267080745341615,57.927893738140426,0.6898584905660377,1
2025-03-29,2.5,3.359999999999999,5.0,8.36,5.79,22 min 45 s,"Taco Bell, 821 N Milpas St",1,1,34.4265681,-119.7101531,34.4295465,-119.6900785,5,Saturday,True,False,22.75,15.270329670329671,Night,1.4438687392055267,22.048351648351648,0.5980861244019139,1
2025-03-29,3.0,6.08,4.0,10.08,9.14,29 min 26 s,Jack in the Box (501 N Milpas St),1,1,34.4279799,-119.7211213,34.4262994,-119.6856795,5,Saturday,True,False,29.433333333333337,18.631936579841447,Night,1.1028446389496718,20.548131370328424,0.3968253968253968,1
2025-03-29,3.5,4.300000000000001,9.75,14.05,6.21,17 min 02 s,Banda Burrito (3614 State St),1,1,34.4257134,-119.713349,34.440811051331245,-119.7409175039498,5,Saturday,True,False,17.033333333333335,21.874755381604693,Night,2.2624798711755236,49.49119373776908,0.693950177935943,1
2025-03-29,3.5,7.4,0.0,7.4,2.49,20 min 06 s,"McDonald's, Cliff Dr",1,1,34.4252023,-119.7147203,34.40277756928841,-119.7224755809584,5,Saturday,True,False,20.1,7.432835820895523,Night,2.9718875502008033,22.089552238805968,0.0,1
2025-05-29,1.0,3.82,24.69,28.51,5.24,23m 47s,"Denny’s, 3614 State St",1,1,34.4227956,-119.685673,34.440934925865086,-119.74083167313024,3,Thursday,False,False,23.783333333333335,13.219341275402943,Night,5.440839694656488,71.92431674842327,0.8660119256401263,1
2025-05-29,1.0,2.3100000000000005,5.01,7.32,0.52,17m 43s,Jack in the Box (501 N Milpas St),1,1,34.4222054,-119.6874234,34.4262994,-119.6856795,3,Thursday,False,False,17.716666666666665,1.7610536218250237,Night,14.076923076923077,24.79021636876764,0.6844262295081966,1
2025-05-29,8.0,4.51,2.0,6.51,4.99,32m 03s,Chick-fil-A (3707 State St),1,1,34.4258257,-119.694951,34.44029719326225,-119.7429107309353,3,Thursday,False,False,32.05,9.341653666146648,Morning,1.3046092184368736,12.187207488299531,0.3072196620583717,0
2025-05-29,9.0,3.8,3.81,7.61,10.78,32m 57s,Little Heart Cafecito,1,1,34.4414817,-119.7566913,34.423526,-119.707082,3,Thursday,False,False,32.95,19.629742033383913,Morning,0.7059369202226345,13.857359635811836,0.5006570302233903,0
2025-05-29,10.0,3.0600000000000005,8.66,11.72,2.88,17m 52s,Jersey Mike's Subs (163 N Fairview Ave),1,1,34.4498981,-119.8081121,34.4417824,-119.832656,3,Thursday,False,False,17.866666666666667,9.671641791044776,Morning,4.069444444444445,39.35820895522388,0.7389078498293515,0
2025-05-29,19.0,7.369999999999999,11.88,19.25,12.03,35m 13s,California Pizza Kitchen (719 Paseo Nuevo),12,2,34.42168067564363,-119.86439930580109,34.4188553,-119.7005545,3,Thursday,False,False,35.21666666666667,20.495977283483196,Evening,1.600166251039069,32.79697113109323,0.6171428571428572,1
2025-05-29,20.5,6.18,3.0,9.18,5.18,32m 28s,Little Caesars (109 S Fairview Ave),12,2,34.41055344118194,-119.8619099732652,34.437549,-119.831125,3,Thursday,False,False,32.46666666666667,9.572895277207392,Evening,1.7722007722007722,16.965092402464066,0.326797385620915,1
2025-05-29,21.0,3.73,2.27,6.0,2.37,19m 29s,Jack in the Box (6875 Hollister Ave),1,1,34.4297055,-119.8696173,34.4299362,-119.8687794,3,Thursday,False,False,19.483333333333334,7.2985457656116335,Evening,2.531645569620253,18.47733105218135,0.3783333333333333,1
2025-05-29,21.5,10.66,3.0,13.66,5.23,12m 25s,Rocket (219),1,1,34.4470276,-119.7466465,34.41050642002867,-119.6973938312648,3,Thursday,False,False,12.416666666666666,25.272483221476513,Evening,2.611854684512428,66.00805369127518,0.219619326500732,1
2025-05-29,22.0,5.0600000000000005,5.0,10.06,3.46,15m 47s,McDonald's (6900 Market Place Drive),1,1,34.417430743473545,-119.85865276455183,34.4292161626444,-119.87013056162198,3,Thursday,False,False,15.783333333333331,13.153115100316793,Night,2.907514450867052,38.24287222808871,0.4970178926441351,1
2025-04-03,8.5,8.02,0.0,8.02,6.08,29m 9s,Chick-fil-A (3707 State St),1,1,34.4403683,-119.7302801,34.44029719326225,-119.7429107309353,3,Thursday,False,False,29.15,12.51457975986278,Morning,1.319078947368421,16.50771869639794,0.0,0
2025-04-03,10.0,2.49,0.0,2.49,1.34,11m 54s,Oakberry Açaí (Isla Vista),1,1,34.4106950633126,-119.86198507511556,34.41351479694996,-119.85765557511536,3,Thursday,False,False,11.9,6.756302521008403,Morning,1.8582089552238807,12.554621848739496,0.0,0
2025-04-03,10.5,3.3600000000000003,3.0,6.36,3.7,20m 59s,"Jersey Mike’s (199 South Turnpike Road, Suite 102)",1,1,34.4438266,-119.7711544,34.437008550578085,-119.78991217511428,3,Thursday,False,False,20.983333333333334,10.579825258141383,Morning,1.718918918918919,18.185861795075457,0.4716981132075471,0
2025-04-03,12.0,3.49,3.0,6.49,2.73,21m 13s,McDonald's (3940 State St),3,1,34.4303666,-119.7243836,34.440895,-119.753051,3,Thursday,False,False,21.216666666666665,7.7203456402199535,Lunch,2.3772893772893773,18.35349567949725,0.4622496147919877,0
2025-04-03,18.0,3.0599999999999996,3.0,6.06,2.89,9m 51s,McDonald's (29 N Milpas St),6,1,34.4179582,-119.73857,34.42374070774889,-119.67975739730134,3,Thursday,False,False,9.85,17.604060913705585,Evening,2.0968858131487886,36.91370558375635,0.4950495049504951,0
2025-04-03,18.5,8.14,3.0,11.14,12.09,1h 11m,Mandarin Palace,12,2,34.417430743473545,-119.85865276455183,34.43918971776994,-119.75258583463608,3,Thursday,False,False,11.0,65.94545454545455,Evening,0.9214226633581472,60.76363636363637,0.2692998204667863,0
2025-08-03,10.0,3.33,11.45,14.78,3.97,29m 31s,The Shop,1,1,34.4158583,-119.6767938,34.42919766381334,-119.6887034444286,6,Sunday,True,False,29.516666666666666,8.070016939582159,Morning,3.7229219143576824,30.04404291360813,0.7746955345060893,0
2025-08-03,10.5,9.31,4.95,14.259999999999998,6.92,46m 49s,"Taco Bell, 821 N Milpas St",6,2,34.3968567,-119.7267368,34.4295465,-119.6900785,6,Sunday,True,False,46.81666666666667,8.868636525453898,Morning,2.0606936416184967,18.275542897828405,0.347124824684432,0
2025-08-03,13.5,4.55,3.0,7.55,2.44,26 min 10 sec,"McDonald's, Cliff Dr",3,1,34.4257134,-119.713349,34.40199183394763,-119.7223161290166,6,Sunday,True,False,26.166666666666668,5.594904458598726,Lunch,3.0942622950819674,17.312101910828027,0.3973509933774835,1
2025-08-03,14.0,6.459999999999999,10.83,17.29,7.56,39 min 50 sec,Sushi Tyme,2,1,34.4503188,-119.659725,34.4197694,-119.7002056,6,Sunday,True,False,39.833333333333336,11.387447698744769,Lunch,2.287037037037037,26.04351464435146,0.6263736263736264,1
2025-08-03,18.0,3.51,5.51,9.02,3.13,13m 18s,Mesa Burger (315 Meigs Road),6,1,34.4342886,-119.7038474,34.4009025,-119.7225921,6,Sunday,True,False,13.3,14.120300751879698,Evening,2.8817891373801916,40.691729323308266,0.6108647450110865,0
2025-08-03,18.0,6.040000000000001,10.63,16.67,10.14,48m 41s,Apna Indian Kitchen (Santa Barbara),12,2,34.4274338,-119.791318,34.4191948,-119.6985613,6,Sunday,True,False,48.68333333333333,12.49709003765834,Evening,1.643984220907298,20.545018829168097,0.6376724655068986,0
2025-08-03,18.5,14.709999999999996,19.44,34.15,7.47,55 min 15 sec,"Panda Express, 605 Paseo Nuevo",18,3,34.4158583,-119.6767938,34.4187049,-119.7001661,6,Sunday,True,False,55.25,8.112217194570135,Evening,4.571619812583668,37.085972850678736,0.5692532942898976,1
2025-08-03,19.0,10.75,6.0,16.75,12.54,53m 34s,Kyle’s Kitchen - Calle Real,12,2,34.4248029,-119.6858394,34.4409167,-119.8240939,6,Sunday,True,False,53.56666666666667,14.04604853764779,Evening,1.335725677830941,18.761667703795897,0.3582089552238806,0
2025-08-03,21.0,8.08,6.0,14.08,2.57,16 min 59 sec,McConnell's Fine Ice Creams (728 State St.),1,1,34.3988455,-119.7042425,34.4194219,-119.698832,6,Sunday,True,False,16.983333333333334,9.079489695780175,Evening,5.478599221789883,49.74288518155054,0.4261363636363636,1
2025-08-03,21.5,6.859999999999999,4.24,11.1,2.97,23 min 43 sec,"McDonald's, Cliff Dr",2,1,34.4279799,-119.7211213,34.40277756928841,-119.7224755809584,6,Sunday,True,False,23.716666666666665,7.513703443429376,Evening,3.737373737373737,28.081517919887563,0.381981981981982,1
2025-07-03,8.0,6.07,5.0,11.07,4.52,25m 15s,"Starbucks (Hollister Ave, Goleta)",2,1,34.4246971,-119.8599527,34.4279519,-119.876259,3,Thursday,False,False,25.25,10.74059405940594,Morning,2.449115044247788,26.304950495049507,0.4516711833785004,0
2025-07-03,9.0,4.92,2.0,6.92,1.91,17m 24s,The Bagel Cafe,1,1,34.4151986,-119.8625524,34.41114439708199,-119.85706524812996,3,Thursday,False,False,17.4,6.586206896551724,Morning,3.62303664921466,23.86206896551724,0.2890173410404624,0
2025-07-03,10.5,6.18,4.0,10.18,3.49,19m 12s,Starbucks (888 Embarcadero del Norte),3,1,34.41526774013501,-119.85839513278678,34.4133556,-119.8551797,3,Thursday,False,False,19.2,10.90625,Morning,2.9169054441260744,31.8125,0.3929273084479371,0
2025-07-03,11.5,7.0,5.09,12.09,8.57,45m 33s,KFC (5697 Calle Real),6,2,34.412535484879506,-119.85534705977231,34.4407896,-119.823381,3,Thursday,False,False,45.55,11.288693743139408,Lunch,1.41073512252042,15.925356750823273,0.4210090984284532,0
2025-07-03,12.0,5.29,2.0,7.29,2.6,17m 00s,South Coast Deli (Camino Real Marketplace),1,1,34.4284992,-119.8774035,34.4217386,-119.7013803,3,Thursday,False,False,17.0,9.176470588235295,Lunch,2.8038461538461537,25.729411764705883,0.2743484224965706,0
2025-07-03,13.0,4.99,1.0,5.99,1.42,13m 17s,Cajé,1,1,34.417430743473545,-119.85865276455183,34.425317675129044,-119.7066449776383,3,Thursday,False,False,13.283333333333331,6.414052697616061,Lunch,4.21830985915493,27.056461731493105,0.1669449081803005,0
2025-06-03,9.5,3.05,2.0,5.05,2.32,18m 53s,"Hook & Press Donuts, E Mission St, Santa Barbara",1,1,34.4221319,-119.702667,34.423136724155945,-119.70275610395068,1,Tuesday,False,False,18.883333333333333,7.371579876434245,Morning,2.1767241379310347,16.04589585172109,0.396039603960396,0
2025-06-03,11.5,5.279999999999999,4.17,9.45,8.77,39m 09s,Los Altos Restaurant,3,1,34.45721049109935,-119.75786629045643,34.438477817043,-119.82806212676276,1,Tuesday,False,False,39.15,13.440613026819925,Lunch,1.0775370581527937,14.482758620689657,0.4412698412698413,0
2025-06-03,13.0,3.0699999999999985,12.3,15.37,3.58,21m 22s,KFC (5697 Calle Real),3,1,34.4498981,-119.8081121,34.4407896,-119.823381,1,Tuesday,False,False,21.366666666666667,10.053042121684868,Lunch,4.293296089385475,43.160686427457094,0.8002602472348732,0
2025-06-03,18.0,3.76,1.25,5.01,3.12,19m 47s,Taco Bell (1840 Cliff Dr),6,1,34.4172537,-119.7018411,34.4018453,-119.7217806,1,Tuesday,False,False,19.783333333333335,9.462510530749787,Evening,1.6057692307692306,15.194608256107832,0.249500998003992,1
2025-06-03,18.5,3.0500000000000007,9.0,12.05,0.97,6m 23s,California Pizza Kitchen (719 Paseo Nuevo),6,1,34.4246983,-119.7075983,34.4189859772096,-119.70039951917866,1,Tuesday,False,False,6.383333333333334,9.117493472584856,Evening,12.422680412371134,113.26370757180156,0.7468879668049793,1
2025-06-03,19.5,2.4499999999999993,5.23,7.68,1.26,21m 47s,Indian Tandoori Kingdom Inc (W Gutierrez St),6,1,34.424974,-119.7027632,34.4223121,-119.7025417,1,Tuesday,False,False,21.783333333333335,3.4705432287681712,Evening,6.095238095238095,21.153787299158378,0.6809895833333334,1
2025-06-03,20.0,3.25,1.0,4.25,1.8,19m 32s,Apna Indian Kitchen (Santa Barbara),6,1,34.4145364,-119.6911071,34.4191948,-119.6985613,1,Tuesday,False,False,19.533333333333335,5.5290102389078495,Evening,2.361111111111111,13.054607508532422,0.2352941176470588,1
2025-05-03,1.5,5.52,2.5,8.02,5.05,19m 45s,McDonald's (29 N Milpas St),1,1,34.4320312,-119.7264412,34.42374070774889,-119.67975739730134,5,Saturday,True,False,19.75,15.341772151898734,Night,1.5881188118811882,24.364556962025315,0.3117206982543641,1
2025-05-03,1.5,6.51,0.0,6.51,3.63,17m 15s,7‑Eleven (Montecito St),1,1,34.4011196,-119.7200647,34.41226742768558,-119.6977621609164,5,Saturday,True,False,17.25,12.62608695652174,Night,1.793388429752066,22.643478260869568,0.0,1
2025-05-03,2.0,10.09,0.0,10.09,4.8,16m 02s,"McDonald's, Cliff Dr",1,1,34.4031769,-119.703819,34.40277756928841,-119.7224755809584,5,Saturday,True,False,16.033333333333335,17.96257796257796,Night,2.1020833333333333,37.75883575883575,0.0,1
2025-05-03,2.5,4.69,3.0,7.69,3.38,21m 17s,Taco Bell (1840 Cliff Dr),1,1,34.4279799,-119.7211213,34.4018453,-119.7217806,5,Saturday,True,False,21.283333333333335,9.528582615505089,Night,2.275147928994083,21.678935003915424,0.3901170351105331,1
2025-05-03,8.0,7.83,4.26,12.09,13.55,28 min 21 sec,Santa Barbara Roasting Company,1,1,34.4326977,-119.8737571,34.4151156,-119.6943257,5,Saturday,True,False,28.35,28.677248677248677,Morning,0.892250922509225,25.587301587301585,0.3523573200992556,0
2025-05-03,9.0,4.7299999999999995,7.3,12.03,11.16,29 min 37 sec,7-Eleven (7390 Calle Real),1,1,34.417430743473545,-119.85865276455183,34.4331991,-119.8847424,5,Saturday,True,False,29.616666666666667,22.60889138998312,Morning,1.0779569892473118,24.37141249296567,0.6068162926018288,0
2025-05-03,11.0,7.58,15.9,23.48,7.98,46 min 36 sec,The Shop,6,2,34.4295012,-119.7721345,34.42919766381334,-119.6887034444286,5,Saturday,True,False,46.6,10.274678111587985,Lunch,2.9423558897243107,30.23175965665236,0.6771720613287905,0
2025-05-03,18.0,3.4800000000000004,5.9,9.38,6.98,27m 12s,California Pizza Kitchen (719 Paseo Nuevo),6,1,34.4233326,-119.7526738,34.4188553,-119.7005545,5,Saturday,True,False,27.2,15.397058823529411,Evening,1.343839541547278,20.69117647058824,0.6289978678038379,1
2025-05-03,19.0,21.18,5.69,26.87,3.68,37m 00s,"Wingstop, 3849 State St #163",12,2,34.4286506,-119.6834206,34.43951324301522,-119.74909193080344,5,Saturday,True,False,37.0,5.967567567567568,Evening,7.301630434782608,43.57297297297297,0.2117603275027912,1
2025-05-03,20.5,3.8,6.97,10.77,3.41,23 min 49 sec,Habit Burger & Grill (628 State Street),6,1,34.4289143,-119.7236716,34.4184879,-119.697435,5,Saturday,True,False,23.816666666666663,8.590622813156054,Evening,3.158357771260997,27.13226032190343,0.6471680594243269,0
2025-05-03,22.0,3.3400000000000003,3.73,7.07,2.67,12 min 23 sec,Little Caesars (109 S Fairview Ave),1,1,34.4114977,-119.843644,34.437549,-119.831125,5,Saturday,True,False,12.383333333333333,12.936742934051145,Night,2.647940074906367,34.2557200538358,0.5275813295615276,0
2025-05-03,0.0,9.89,0.0,9.89,1.53,15m 54s,Santa Barbara Pizza House (515 State St),1,1,34.418519,-119.6745896,34.4170674,-119.6962842,5,Saturday,True,False,15.9,5.773584905660377,Night,6.4640522875816995,37.320754716981135,0.0,1
2025-09-03,10.5,3.09,2.0,5.09,2.94,21m 09s,The Patio Cafe,1,1,34.4279799,-119.7211213,34.4388272,-119.728855,2,Wednesday,False,False,21.15,8.340425531914894,Morning,1.7312925170068028,14.439716312056738,0.3929273084479371,1
2025-09-03,11.5,5.13,2.5,7.63,1.75,11m 07s,Subway (609 N Milpas St),3,1,34.4208295,-119.6895913,34.4273741,-119.687139,2,Wednesday,False,False,11.116666666666667,9.44527736131934,Lunch,4.36,41.18140929535232,0.327653997378768,1
2025-09-03,11.5,3.969999999999999,5.32,9.29,4.56,36m 46s,McDonald's (29 N Milpas St),3,1,34.4405025,-119.6265531,34.4222641,-119.6802126,2,Wednesday,False,False,36.766666666666666,7.441523118766999,Lunch,2.037280701754386,15.160471441523118,0.5726587728740582,1
2025-09-03,12.0,2.859999999999999,4.19,7.05,1.97,20m 5s,Panda Express (3849 State St Space I-58),3,1,34.4432202,-119.7619841,34.43951324301522,-119.7491241173132,2,Wednesday,False,False,20.083333333333332,5.885477178423237,Lunch,3.578680203045685,21.062240663900415,0.5943262411347519,0
2025-09-03,18.0,11.509999999999998,10.14,21.65,6.27,36m 41s,Los Agaves (De La Vina),12,2,34.4011196,-119.7200647,34.4374973,-119.7272812,2,Wednesday,False,False,36.68333333333333,10.25533848250795,Evening,3.452950558213716,35.41117673784643,0.4683602771362587,1
2025-09-03,19.0,5.5,24.36,29.86,3.67,20m 47s,Los Arroyos - Santa Barbara,12,2,34.4162991,-119.7243625,34.4217114,-119.6413115,2,Wednesday,False,False,20.783333333333335,10.595028067361667,Evening,8.136239782016348,86.20368885324778,0.8158070997990623,1
2025-09-03,20.0,3.09,8.11,11.2,1.44,24m 00s,Los Agaves (Goleta),6,1,34.417430743473545,-119.85865276455183,34.4295883,-119.8722792,2,Wednesday,False,False,24.0,3.5999999999999996,Evening,7.777777777777778,27.999999999999996,0.7241071428571428,1
2025-09-03,20.0,3.030000000000001,5.02,8.05,4.88,25m 42s,Luna Grill - Santa Barbara,6,1,34.4113252,-119.6932087,34.4401289,-119.7523599,2,Wednesday,False,False,25.7,11.392996108949417,Evening,1.6495901639344264,18.79377431906615,0.6236024844720496,0
2025-04-30,1.5,10.07,4.0,14.07,5.22,31m 50s,Jack in the Box (501 N Milpas St),1,1,34.4399304,-119.721851,34.4262994,-119.6856795,2,Wednesday,False,False,31.833333333333332,9.83874345549738,Night,2.695402298850575,26.51937172774869,0.2842928216062544,1
2025-04-30,17.5,16.48,12.64,29.12,11.87,1h 02m 00s,Sachi Ramen (Santa Barbara),12,1,34.4174573,-119.8670406,34.4179964,-119.7000379,2,Wednesday,False,False,2.0,356.09999999999997,Afternoon,2.453243470935131,873.6,0.4340659340659341,1
2025-04-30,21.0,9.09,5.0,14.09,4.49,37m 46s,Target (Santa Barbara Galleria),2,2,34.4215118,-119.6941699,34.4401136,-119.7506709,2,Wednesday,False,False,37.766666666666666,7.133274492497794,Evening,3.1380846325167036,22.384819064430715,0.35486160397445,1
2025-08-30,0.5,3.96,6.72,10.68,5.38,26m 29s,Banda Burrito (3614 State St),1,1,34.4298895,-119.6838617,34.440811051331245,-119.7409175039498,5,Saturday,True,False,26.483333333333334,12.188797986154814,Night,1.9851301115241635,24.196349905601007,0.6292134831460674,1
2025-08-30,1.0,4.0600000000000005,6.0,10.06,1.35,9m 57s,"Taco Bell, 821 N Milpas St",1,1,34.4258257,-119.694951,34.4295465,-119.6900785,5,Saturday,True,False,9.95,8.14070351758794,Night,7.451851851851852,60.663316582914575,0.5964214711729622,1
2025-08-30,8.5,10.22,8.02,18.24,8.96,33m 20s,Starbucks (Five Points Center),2,2,34.4119172,-119.6914365,34.43911270835084,-119.75283467693296,5,Saturday,True,False,33.333333333333336,16.128,Morning,2.035714285714285,32.831999999999994,0.4396929824561403,0
2025-08-30,9.5,6.0600000000000005,2.0,8.06,2.8,15m 23s,McDonald's (6900 Market Place Drive),1,1,34.412800340422045,-119.86257970395116,34.4290307,-119.870121,5,Saturday,True,False,15.383333333333333,10.920910075839652,Morning,2.878571428571429,31.43661971830986,0.2481389578163771,0
2025-08-30,10.5,7.15,12.88,20.03,18.3,46m 4s,Breakfast Beauties (6553 Pardall Rd),3,2,34.4504079,-119.6615297,34.4129186,-119.8564074,5,Saturday,True,False,46.06666666666667,23.835021707670045,Morning,1.0945355191256831,26.088277858176557,0.6430354468297553,0
2025-08-30,12.0,7.94,6.63,14.57,10.86,43m 59s,Breakfast Boy (6553 Pardall Rd),6,2,34.431539,-119.7906699,34.41312289786247,-119.8563887751154,5,Saturday,True,False,43.983333333333334,14.81470253884047,Lunch,1.341620626151013,19.875710496400153,0.4550446122168839,0
2025-08-30,21.5,3.67,5.34,9.01,2.66,16m 52s,"Taco Bell, 821 N Milpas St",1,1,34.4057553,-119.7045293,34.4295465,-119.6900785,5,Saturday,True,False,16.866666666666667,9.462450592885377,Evening,3.387218045112782,32.051383399209485,0.5926748057713651,1
2025-08-30,23.0,2.66,6.67,9.33,2.26,9m 50s,"Haas’s Fine Ice Cream (3987 State St, Suite B)",1,1,34.4399304,-119.721851,34.4395144,-119.7516314,5,Saturday,True,False,9.833333333333334,13.789830508474576,Night,4.128318584070797,56.92881355932204,0.714898177920686,1
2025-08-30,23.5,3.8099999999999983,5.23,9.04,3.76,28m 04s,McDonald's (146 S Fairview Ave),1,1,34.412941958748334,-119.86265480580153,34.4368539,-119.8301947,5,Saturday,True,False,28.066666666666663,8.038004750593824,Night,2.404255319148936,19.32541567695962,0.5785398230088497,1
2025-07-30,9.5,7.09,5.0,12.09,11.59,24m 40s,Renaud’s Bistro – Montecito,1,1,34.4549323,-119.7707928,34.4208815,-119.6446742,2,Wednesday,False,False,24.666666666666668,28.19189189189189,Morning,1.0431406384814494,29.408108108108102,0.4135649296939619,0
2025-07-30,12.5,10.06,3.0,13.06,8.65,36m 12s,Albertsons (0354),3,1,34.4215337,-119.804074,34.44131432953109,-119.82577002040895,2,Wednesday,False,False,36.2,14.337016574585634,Lunch,1.5098265895953755,21.646408839779003,0.229709035222052,0
2025-06-30,3.5,3.09,6.0,9.09,0.99,15m 46s,Jack in the Box (501 N Milpas St),1,1,34.4298895,-119.6838617,34.4262994,-119.6856795,0,Monday,False,False,15.766666666666667,3.767441860465116,Night,9.181818181818182,34.59196617336152,0.6600660066006601,1
2025-06-30,8.5,3.25,10.0,13.25,2.44,13m 36s,"Starbucks (1990 Cliff Drive, Santa Barbara)",1,1,34.3990805,-119.7331388,34.4023846,-119.7234177,0,Monday,False,False,13.6,10.764705882352942,Morning,5.430327868852459,58.45588235294118,0.7547169811320755,0
2025-06-30,11.0,6.53,1.0,7.53,1.76,18m 51s,Panda Express (University Center Bldg 558),3,1,34.4155283,-119.851203,34.41173583955495,-119.84744970395124,0,Monday,False,False,18.85,5.602122015915119,Lunch,4.278409090909091,23.96816976127321,0.1328021248339973,0
2025-06-30,15.5,4.369999999999999,5.25,9.62,6.77,1h 2m,Habit Burger & Grill (628 State Street),1,1,34.4127903,-119.690689,34.4184879,-119.697435,0,Monday,False,False,2.0,203.1,Afternoon,1.4209748892171343,288.59999999999997,0.5457380457380457,0
2025-03-30,1.0,3.039999999999999,5.0,8.04,3.26,20 min 14 s,McDonald's (29 N Milpas St),1,1,34.4011196,-119.7200647,34.42374070774889,-119.67975739730134,6,Sunday,True,False,20.233333333333334,9.667215815485996,Night,2.4662576687116564,23.841845140032945,0.6218905472636816,1
2025-03-30,2.0,4.5,12.25,16.75,4.25,29 min 56 s,Taco Bell (1840 Cliff Dr),2,2,34.4399304,-119.721851,34.4018453,-119.7217806,6,Sunday,True,False,29.933333333333337,8.518930957683741,Night,3.941176470588235,33.57461024498886,0.7313432835820896,1
2025-03-30,2.5,3.74,5.93,9.67,6.08,13 min 30 s,McDonald's (29 N Milpas St),1,1,34.4221319,-119.702667,34.4222683,-119.6802254,6,Sunday,True,False,13.5,27.022222222222226,Night,1.5904605263157894,42.977777777777774,0.6132368148914167,1
2025-05-30,0.5,3.230000000000002,14.44,17.67,2.87,20m 17s,7‑Eleven (Montecito St),1,1,34.414603,-119.6898905,34.41226742768558,-119.6977621609164,4,Friday,False,False,20.283333333333335,8.48972884141331,Night,6.156794425087108,52.269515201314704,0.8172043010752688,1
2025-05-30,1.5,2.7700000000000005,4.67,7.44,1.86,23m 58s,"Taco Bell, 821 N Milpas St",1,1,34.4149116,-119.7134866,34.4295465,-119.6900785,4,Friday,False,False,23.966666666666665,4.656467315716273,Night,4.0,18.62586926286509,0.6276881720430108,1
2025-05-30,2.5,35.01,3.0,38.01,17.11,49m 20s,"Taco Bell, 821 N Milpas St",2,2,34.410031666777655,-119.86178711574163,34.4295465,-119.6900785,4,Friday,False,False,49.333333333333336,20.809459459459458,Night,2.2215078901227354,46.22837837837837,0.0789265982636148,1
2025-05-30,7.5,3.01,3.0,6.01,2.96,10m 13s,"McDonald's, Cliff Dr",1,1,34.4062031,-119.6946365,34.4018818,-119.7223487,4,Friday,False,False,10.216666666666669,17.383360522022837,Morning,2.0304054054054053,35.295269168026095,0.4991680532445923,0
2025-05-30,10.0,6.0600000000000005,2.0,8.06,2.59,15m 40s,Santa Barbara Roasting Company,1,1,34.4246983,-119.7075983,34.4151156,-119.6943257,4,Friday,False,False,15.666666666666666,9.919148936170211,Morning,3.1119691119691124,30.868085106382978,0.2481389578163771,0
2025-05-30,11.5,25.06,4.0,29.06,17.7,1h 09m,Taco Bell (140 N. Fairview),6,2,34.45721049109935,-119.75786629045643,34.4422877,-119.8303351,4,Friday,False,False,9.0,118.0,Lunch,1.6418079096045195,193.73333333333332,0.1376462491397109,0
2025-05-30,12.5,10.04,5.0,15.04,12.7,50m 30s,Little Caesars (109 S Fairview Ave),6,2,34.417430743473545,-119.85865276455183,34.437549,-119.831125,4,Friday,False,False,50.5,15.089108910891088,Lunch,1.184251968503937,17.869306930693067,0.3324468085106383,0
2025-05-30,15.5,14.69,5.38,20.07,14.2,49m 50s,Chipotle Mexican Grill (270 Storke Rd Ste F),2,2,34.4087752,-119.7399617,34.4291769,-119.8694057,4,Friday,False,False,49.833333333333336,17.09698996655518,Afternoon,1.4133802816901408,24.164548494983276,0.268061783756851,0
2025-05-30,19.5,3.539999999999999,9.25,12.79,6.74,30m 03s,California Pizza Kitchen (719 Paseo Nuevo),6,1,34.4215311,-119.6503813,34.4188553,-119.7005545,4,Friday,False,False,30.05,13.45757071547421,Evening,1.8976261127596437,25.537437603993343,0.7232212666145427,0
2025-05-30,23.5,5.459999999999997,17.76,23.22,3.73,17m 11s,Eureka! (Santa Barbara),2,2,34.4011196,-119.7200647,34.41881513514415,-119.70021517696546,4,Friday,False,False,17.183333333333334,13.024248302618815,Night,6.225201072386059,81.07856450048496,0.764857881136951,1
2025-09-30,21.0,3.58,1.5,5.08,3.33,14m 28s,McDonald's (29 N Milpas St),6,1,34.413398,-119.6968314,34.42374070774889,-119.67975739730134,1,Tuesday,False,False,14.466666666666669,13.8110599078341,Evening,1.5255255255255256,21.06912442396313,0.2952755905511811,1
2025-09-30,22.0,3.3499999999999996,5.73,9.08,2.54,15m 56s,McDonald's (29 N Milpas St),1,1,34.4264238,-119.7034847,34.4222641,-119.6802126,1,Tuesday,False,False,15.933333333333334,9.564853556485357,Night,3.574803149606299,34.19246861924687,0.631057268722467,1
2025-08-31,1.0,3.040000000000001,8.92,11.96,3.3,22m 03s,"Wingstop, 3849 State St #163",1,1,34.441363,-119.7141365,34.43951324301522,-119.74909193080344,6,Sunday,True,False,22.05,8.979591836734693,Night,3.624242424242425,32.544217687074834,0.745819397993311,1
2025-08-31,7.5,3.82,7.76,11.58,9.43,31m 56s,Banda Burrito (3614 State St),1,1,34.4488809,-119.8236667,34.440811051331245,-119.7409175039498,6,Sunday,True,False,31.933333333333337,17.718162839248432,Morning,1.2279957582184515,21.757828810020875,0.6701208981001727,0
2025-08-31,9.5,2.7300000000000004,6.35,9.08,1.73,12m 47s,Starbucks (3052 De La Vina),1,1,34.4403683,-119.7302801,34.44038463435986,-119.7294007327857,6,Sunday,True,False,12.783333333333331,8.11994784876141,Morning,5.2485549132947975,42.617992177314214,0.6993392070484581,0
2025-08-31,10.5,5.190000000000001,8.27,13.46,9.58,25m 3s,Nothing Bundt Cakes (Santa Barbara-Goleta),1,1,34.3989493,-119.7188976,34.442132307258994,-119.82547332569555,6,Sunday,True,False,25.05,22.946107784431135,Morning,1.4050104384133613,32.23952095808383,0.6144130757800891,0
2025-08-31,11.0,12.510000000000002,12.5,25.01,10.57,52m 10s,Mesa Cafe & Bar,6,2,34.4259449,-119.7869338,34.402490240763434,-119.72346450518307,6,Sunday,True,False,52.166666666666664,12.157188498402558,Lunch,2.3661305581835386,28.765495207667737,0.4998000799680128,0
2025-08-31,13.5,3.3100000000000005,5.25,8.56,3.03,17m 08s,Santa Barbara Chicken Ranch - De la Vina,3,1,34.4325168,-119.6989896,34.4351679,-119.724625,6,Sunday,True,False,17.133333333333333,10.61089494163424,Lunch,2.8250825082508255,29.976653696498055,0.6133177570093458,1
2025-08-31,17.5,15.010000000000002,4.0,19.01,19.36,1h 2m,Sachi Ramen (Santa Barbara),12,2,34.410031666777655,-119.86178711574163,34.4179964,-119.7000379,6,Sunday,True,False,2.0,580.8,Afternoon,0.981921487603306,570.3000000000001,0.2104155707522356,0
2025-08-31,20.0,7.02,31.06,38.08,12.25,55m 21s,Islands Fine Burgers & Drinks (#071 Santa Barbara),12,2,34.4240452,-119.6291844,34.4382744362322,-119.74844010382296,6,Sunday,True,False,55.35,13.279132791327914,Evening,3.1085714285714285,41.27913279132791,0.8156512605042017,0
2025-08-31,22.5,7.51,8.72,16.23,2.94,37m 56s,"Taco Bell, 821 N Milpas St",2,2,34.4294495,-119.702528,34.4295465,-119.6900785,6,Sunday,True,False,37.93333333333333,4.650263620386644,Night,5.520408163265307,25.671353251318106,0.5372766481823783,1
2025-08-31,23.5,8.299999999999999,8.81,17.11,4.08,35m 16s,Jack in the Box (501 N Milpas St),2,2,34.4274007,-119.7160809,34.4262994,-119.6856795,6,Sunday,True,False,35.266666666666666,6.9413988657845,Night,4.193627450980392,29.109640831758036,0.5149035651665693,1
2025-07-31,8.5,3.84,15.0,18.84,6.03,29m 47s,Starbucks (Montecito),1,1,34.4446996,-119.6459157,34.42171,-119.65018,3,Thursday,False,False,29.783333333333335,12.147733631785114,Morning,3.1243781094527363,37.95411303861219,0.7961783439490446,0
2025-07-31,13.5,2.5999999999999996,6.0,8.6,1.26,17m 2s,Sushi Ai,3,1,34.4225563,-119.8786026,34.42956816930224,-119.87216344627882,3,Thursday,False,False,17.033333333333335,4.438356164383562,Lunch,6.825396825396825,30.293542074363987,0.6976744186046512,0
2025-07-31,20.5,4.05,0.0,4.05,2.17,25m 40s,Habit Burger & Grill (628 State Street),6,1,34.4252023,-119.7147203,34.4184879,-119.697435,3,Thursday,False,False,25.666666666666668,5.072727272727272,Evening,1.8663594470046083,9.467532467532466,0.0,0
2025-03-31,8.0,3.0199999999999996,14.27,17.29,6.83,21m 38s,Starbucks (Hollister & Storke-Goleta),1,1,34.4297055,-119.8696173,34.42963227133667,-119.87246797090242,0,Monday,False,False,21.633333333333333,18.942989214175658,Morning,2.5314787701317716,47.9537750385208,0.8253325621746674,0
2025-03-31,8.5,3.0599999999999996,3.0,6.06,2.24,13m 2s,Starbucks (Hollister & Storke-Goleta),1,1,34.42233302793258,-119.86355458860768,34.42963227133667,-119.87246797090242,0,Monday,False,False,13.033333333333331,10.31202046035806,Morning,2.7053571428571423,27.897698209718673,0.4950495049504951,0
2025-03-31,10.0,3.26,5.0,8.26,2.52,16m 59s,McDonald's (6900 Market Place Drive),1,1,34.4383809,-119.8892397,34.4290307,-119.870121,0,Monday,False,False,16.983333333333334,8.902845927379785,Morning,3.2777777777777777,29.181550539744848,0.6053268765133172,0
2025-03-31,11.5,4.35,6.75,11.1,6.35,18m 43s,Maíz Picante,3,1,34.4399823,-119.811251,34.4360248,-119.7254785,0,Monday,False,False,18.716666666666665,20.35618878005343,Lunch,1.748031496062992,35.58325912733749,0.6081081081081081,0
2025-03-31,12.5,5.3100000000000005,10.72,16.03,6.0,24m 19s,Mesa Burger (315 Meigs Road),3,1,34.4515258,-119.6997406,34.4009025,-119.7225921,0,Monday,False,False,24.316666666666663,14.804660726525018,Lunch,2.671666666666667,39.55311857436601,0.6687461010605116,1
2025-03-31,20.5,3.46,3.63,7.09,3.22,23m 12s,Sizzling Lunch - Isla Vista,6,1,34.435435,-119.8580618,34.4108735,-119.8557024,0,Monday,False,False,23.2,8.327586206896552,Evening,2.201863354037267,18.33620689655172,0.5119887165021156,0
2025-03-31,20.5,2.370000000000001,8.27,10.64,1.33,9m 32s,Asie Dumpling House (Santa Barbara),6,1,34.4209307,-119.7024531,34.416844,-119.696258,0,Monday,False,False,9.533333333333331,8.370629370629374,Evening,8.0,66.96503496503499,0.7772556390977443,0
2025-03-31,21.5,9.23,4.17,13.4,5.18,19m 33s,Super Cuca's (626 W Micheltorena St),1,1,34.4459919,-119.7604577,34.4193402,-119.7158748,0,Monday,False,False,19.55,15.897698209718667,Evening,2.586872586872587,41.125319693094625,0.3111940298507462,0
2025-05-31,0.0,3.969999999999999,16.28,20.25,3.95,30m 52s,"Taco Bell, 821 N Milpas St",1,1,34.4031769,-119.703819,34.4295465,-119.6900785,5,Saturday,True,False,30.866666666666667,7.6781857451403885,Night,5.1265822784810124,39.36285097192224,0.8039506172839507,1
2025-05-31,1.0,4.609999999999999,17.54,22.15,4.69,27m 50s,"Taco Bell, 821 N Milpas St",2,2,34.4274007,-119.7160809,34.4295465,-119.6900785,5,Saturday,True,False,27.833333333333332,10.110179640718563,Night,4.722814498933901,47.74850299401198,0.7918735891647856,1
2025-05-31,8.5,5.75,13.29,19.04,6.29,46m 59s,Rudy’s Restaurant,2,2,34.4428583,-119.7433588,34.42309814966597,-119.6982640466514,5,Saturday,True,False,46.983333333333334,8.032635686413622,Morning,3.0270270270270268,24.315005321035827,0.6980042016806722,0
2025-05-31,10.5,2.8,4.8,7.6,1.74,23m 25s,Little Heart Cafecito,1,1,34.4140939,-119.7063176,34.423526,-119.707082,5,Saturday,True,False,23.416666666666668,4.4583629893238435,Morning,4.3678160919540225,19.473309608540923,0.631578947368421,0
2025-05-31,12.0,6.55,0.5,7.05,6.76,38m 34s,KFC (5697 Calle Real),3,1,34.417430743473545,-119.85865276455183,34.4407896,-119.823381,5,Saturday,True,False,38.56666666666667,10.516853932584269,Lunch,1.0428994082840235,10.968020743301642,0.0709219858156028,0
2025-05-31,14.5,2.5700000000000003,12.03,14.6,1.49,13m 22s,Mesa Burger (315 Meigs Road),1,1,34.4113926,-119.7295282,34.4009025,-119.7225921,5,Saturday,True,False,13.366666666666667,6.688279301745635,Lunch,9.798657718120806,65.5361596009975,0.8239726027397261,0
2025-05-31,18.0,8.01,3.0,11.01,10.08,41m 49s,Apna Indian Kitchen (Santa Barbara),12,2,34.4370279,-119.8137234,34.4191948,-119.6985613,5,Saturday,True,False,41.81666666666667,14.46313272220008,Evening,1.0922619047619049,15.79752889597449,0.2724795640326976,0
2025-05-31,19.5,3.26,9.38,12.64,2.01,17m 49s,Eureka! (Santa Barbara),6,1,34.43195325914451,-119.6901159634722,34.41881513514415,-119.70021517696546,5,Saturday,True,False,17.816666666666666,6.768942937324601,Evening,6.288557213930349,42.56688493919551,0.7420886075949368,0
2025-04-04,10.0,3.709999999999999,4.32,8.03,4.18,18m 48s,IHOP (State St),1,1,34.4113252,-119.6932087,34.4279962,-119.7111691,4,Friday,False,False,18.8,13.340425531914892,Morning,1.9210526315789471,25.62765957446808,0.5379825653798257,1
2025-04-04,10.5,7.02,0.0,7.02,7.13,29m 58s,"Crushcakes & Cafe, E Arrellaga St",1,1,34.410031666777655,-119.86178711574163,34.4353401,-119.812357,4,Friday,False,False,29.966666666666665,14.275862068965518,Morning,0.9845722300140252,14.055617352614016,0.0,0
2025-04-04,10.5,4.620000000000001,9.02,13.64,5.4,17m 26s,Little Heart Cafecito,1,1,34.4350283,-119.6544795,34.423526,-119.707082,4,Friday,False,False,17.433333333333334,18.58508604206501,Morning,2.5259259259259257,46.94455066921606,0.6612903225806451,1
2025-04-04,12.5,2.7699999999999996,5.26,8.03,1.53,9m 48s,Hana Kitchen - State Street,3,1,34.4325168,-119.6989896,34.4168496,-119.6958222,4,Friday,False,False,9.8,9.367346938775508,Lunch,5.2483660130718945,49.16326530612244,0.6550435865504359,1
2025-04-04,15.5,8.69,2.0,10.69,2.24,15m 14s,Chipotle Mexican Grill (270 Storke Rd Ste F),1,1,34.4106950633126,-119.86198507511556,34.4291769,-119.8694057,4,Friday,False,False,15.233333333333333,8.822757111597376,Afternoon,4.772321428571428,42.10503282275711,0.1870907390084191,0
2025-04-04,18.5,33.09,2.0,35.09,12.74,38m 40s,Poke House (Santa Barbara),12,2,34.413952444879705,-119.8553387597722,34.4196536,-119.7001077,4,Friday,False,False,38.666666666666664,19.76896551724138,Evening,2.7543171114599687,54.45000000000001,0.0569962952408093,1
2025-04-04,19.0,5.809999999999999,13.64,19.45,3.59,33m 51s,7‑Eleven (Montecito St),12,2,34.4245461,-119.6906223,34.410925131581244,-119.69680325583568,4,Friday,False,False,33.85,6.363367799113736,Evening,5.417827298050139,34.47562776957164,0.7012853470437018,0
2025-04-04,20.0,8.07,4.45,12.52,3.88,31m 36s,Bristol Farms (3855 State St.),6,1,34.4270827,-119.6992472,34.4384149,-119.7494803,4,Friday,False,False,31.6,7.367088607594936,Evening,3.2268041237113403,23.772151898734172,0.3554313099041534,1
2025-04-04,20.5,5.08,2.0,7.08,4.62,29m 27s,Nick the Greek (Santa Barbara),6,1,34.4190692,-119.7165843,34.4171204,-119.6957341,4,Friday,False,False,29.45,9.4125636672326,Evening,1.5324675324675323,14.424448217317488,0.2824858757062147,0
2025-04-04,21.0,2.3099999999999996,4.0,6.31,1.06,11m 44s,"McDonald's, Cliff Dr",6,1,34.4085299,-119.7285422,34.40204975113112,-119.7223454302024,4,Friday,False,False,11.733333333333333,5.420454545454546,Evening,5.952830188679244,32.26704545454545,0.6339144215530904,1
2025-04-04,21.5,2.13,4.11,6.24,1.49,14m 5s,Taco Bell (1840 Cliff Dr),1,1,34.4149116,-119.7134866,34.4018453,-119.7217806,4,Friday,False,False,14.083333333333334,6.3479289940828405,Evening,4.1879194630872485,26.584615384615383,0.6586538461538461,1
2025-04-04,21.5,6.1,9.97,16.07,10.9,36m 44s,Kyoto Japanese Restaurant,2,2,34.412941958748334,-119.86265480580153,34.44066623137493,-119.73383312633293,4,Friday,False,False,36.733333333333334,17.80399274047187,Evening,1.4743119266055045,26.2486388384755,0.6204107031736155,0
2025-04-04,22.0,15.68,5.93,21.61,6.63,42m 33s,Teddy Rice,2,2,34.4374179,-119.8168,34.4118246,-119.8568228,4,Friday,False,False,42.55,9.349001175088132,Night,3.2594268476621417,30.47238542890717,0.2744099953725127,0
2025-04-04,22.5,2.67,2.0,4.67,2.52,29m 43s,Taco Bell (1840 Cliff Dr),1,1,34.4161026,-119.6962456,34.4018453,-119.7217806,4,Friday,False,False,29.716666666666665,5.088053841839597,Night,1.853174603174603,9.42905215928211,0.4282655246252677,1
2025-04-04,23.0,8.54,2.5,11.04,10.87,25m 40s,Wendy's (5724 Hollister Ave),1,1,34.4011196,-119.7200647,34.4359505,-119.824232,4,Friday,False,False,25.666666666666668,25.410389610389608,Night,1.015639374425023,25.807792207792204,0.2264492753623188,0
2025-04-04,23.0,3.370000000000001,7.85,11.22,4.29,21m 9s,Eureka! (Santa Barbara),1,1,34.4207029,-119.737645,34.41881513514415,-119.70021517696546,4,Friday,False,False,21.15,12.170212765957448,Night,2.6153846153846154,31.829787234042556,0.6996434937611408,1
2025-08-04,9.5,3.85,4.17,8.02,3.36,19m 50s,Chick-fil-A (3707 State St),1,1,34.4245461,-119.6906223,34.44029719326225,-119.7429107309353,0,Monday,False,False,19.833333333333332,10.16470588235294,Morning,2.386904761904762,24.26218487394958,0.5199501246882793,0
2025-08-04,19.0,2.5,6.91,9.41,1.38,10 min 12 sec,Sushi Teri (1013 Bath Street),6,1,34.4190692,-119.7165843,34.4185869,-119.7058751,0,Monday,False,False,10.2,8.117647058823529,Evening,6.8188405797101455,55.352941176470594,0.7343251859723698,1
2025-08-04,19.5,3.0500000000000007,11.27,14.32,1.12,17 min 18 sec,Sushi Tyme,6,1,34.4403683,-119.7302801,34.4197694,-119.7002056,0,Monday,False,False,17.3,3.8843930635838153,Evening,12.785714285714285,49.664739884393065,0.7870111731843575,1
2025-08-04,20.5,6.640000000000001,20.22,26.86,11.07,41 min 18 sec,Luna Grill - Santa Barbara,12,3,34.4215311,-119.6503813,34.4401289,-119.7523599,0,Monday,False,False,41.3,16.082324455205814,Evening,2.426377597109304,39.02179176755448,0.7527922561429635,1
2025-08-04,21.5,2.78,5.29,8.07,1.33,9 min 3 sec,"Taco Bell, 821 N Milpas St",1,1,34.4217036,-119.7073816,34.4295465,-119.6900785,0,Monday,False,False,9.05,8.817679558011049,Evening,6.067669172932331,53.50276243093922,0.6555142503097893,1
2025-08-04,21.5,4.02,5.23,9.25,5.97,19 min 48 sec,"Taco Bell, 821 N Milpas St",1,1,34.3998014,-119.7277071,34.4295465,-119.6900785,0,Monday,False,False,19.8,18.09090909090909,Evening,1.5494137353433837,28.030303030303028,0.5654054054054054,1
2025-07-04,0.5,3.46,6.54,10.0,3.99,26m 17s,McDonald's (29 N Milpas St),1,1,34.4403683,-119.7302801,34.42374070774889,-119.67975739730134,4,Friday,False,True,26.283333333333335,9.10843373493976,Night,2.506265664160401,22.828154724159795,0.654,1
2025-07-04,1.0,7.520000000000001,14.53,22.05,16.52,44m 38s,"Taco Bell, 821 N Milpas St",2,2,34.4306314,-119.8579762,34.4295465,-119.6900785,4,Friday,False,True,44.63333333333333,22.207617625093352,Night,1.3347457627118644,29.64152352501867,0.6589569160997731,1
2025-07-04,3.0,6.539999999999999,9.68,16.22,8.05,25m 36s,McDonald's (29 N Milpas St),2,2,34.4252023,-119.7147203,34.42374070774889,-119.67975739730134,4,Friday,False,True,25.6,18.8671875,Night,2.0149068322981365,38.01562499999999,0.5967940813810111,1
2025-07-04,8.0,5.68,8.0,13.68,6.74,27m 00s,"Starbucks (1990 Cliff Drive, Santa Barbara)",2,1,34.4179903,-119.8680223,34.4023846,-119.7234177,4,Friday,False,True,27.0,14.977777777777778,Morning,2.029673590504451,30.4,0.5847953216374269,0
2025-06-04,8.5,3.5700000000000003,4.0,7.57,4.87,30m 29s,Starbucks (Five Points Center),1,1,34.4591501,-119.7349545,34.43911270835084,-119.75283467693296,2,Wednesday,False,False,30.483333333333334,9.585565882996171,Morning,1.5544147843942506,14.89994532531438,0.5284015852047556,0
2025-06-04,10.0,3.0599999999999996,4.12,7.18,3.43,24m 39s,McDonald's (6900 Market Place Drive),1,1,34.414563931478845,-119.85694661990028,34.4290307,-119.870121,2,Wednesday,False,False,24.65,8.348884381338744,Morning,2.0932944606413995,17.476673427991887,0.5738161559888579,0
2025-06-04,10.5,8.06,5.0,13.06,13.85,48m 45s,Breakfast Beauties (6553 Pardall Rd),4,2,34.4081276,-119.7065475,34.4129186,-119.8564074,2,Wednesday,False,False,48.75,17.046153846153846,Morning,0.9429602888086644,16.073846153846155,0.3828483920367534,0
2025-06-04,19.0,4.69,0.0,4.69,1.6,11m 34s,"McDonald's, Cliff Dr",6,1,34.4124456,-119.7079964,34.40199183394763,-119.7223161290166,2,Wednesday,False,False,11.566666666666666,8.29971181556196,Evening,2.93125,24.328530259366,0.0,1
2025-06-04,19.0,4.69,0.0,4.69,1.6,11m 34s,"McDonald's, Cliff Dr",6,1,34.4124456,-119.7079964,34.40199183394763,-119.7223161290166,2,Wednesday,False,False,11.566666666666666,8.29971181556196,Evening,2.93125,24.328530259366,0.0,1
2025-06-04,19.0,6.07,2.0,8.07,4.4,28m 34s,Sachi Ramen (Santa Barbara),12,2,34.413398,-119.6968314,34.4179964,-119.7000379,2,Wednesday,False,False,28.566666666666663,9.241540256709454,Evening,1.834090909090909,16.949824970828473,0.2478314745972738,1
2025-06-04,19.0,6.07,2.0,8.07,4.4,28m 34s,Sachi Ramen (Santa Barbara),12,2,34.413398,-119.6968314,34.4179964,-119.7000379,2,Wednesday,False,False,28.566666666666663,9.241540256709454,Evening,1.834090909090909,16.949824970828473,0.2478314745972738,1
2025-06-04,20.0,4.079999999999999,5.95,10.03,3.03,14m 32s,Chick-fil-A (3707 State St),6,1,34.4217036,-119.7073816,34.44029719326225,-119.7429107309353,2,Wednesday,False,False,14.533333333333331,12.509174311926603,Evening,3.31023102310231,41.408256880733944,0.5932203389830509,1
2025-03-04,20.5,6.13,4.38,10.51,4.98,15m 29s,Hana Kitchen - State Street,6,1,34.4377308,-119.7506331,34.4168496,-119.6958222,1,Tuesday,False,False,15.483333333333333,19.29817007534984,Evening,2.1104417670682727,40.727664155005385,0.4167459562321598,0
2025-03-04,20.5,5.0600000000000005,5.99,11.05,12.53,32m 48s,Luna Grill - Santa Barbara,6,1,34.417430743473545,-119.85865276455183,34.4401289,-119.7523599,1,Tuesday,False,False,32.8,22.92073170731707,Evening,0.8818834796488428,20.213414634146343,0.5420814479638009,0
2025-03-04,21.5,3.99,0.02,4.01,6.29,27m 3s,Teddy Rice,1,1,34.43260156363164,-119.80359104442834,34.4118246,-119.8568228,1,Tuesday,False,False,27.05,13.951940850277264,Evening,0.6375198728139905,8.89463955637708,0.0049875311720698,0
2025-05-04,1.0,9.17,4.42,13.59,3.4,37m 35s,Jack in the Box (501 N Milpas St),2,2,34.4011196,-119.7200647,34.4262994,-119.6856795,6,Sunday,True,False,37.583333333333336,5.427937915742794,Night,3.997058823529412,21.69578713968958,0.3252391464311994,1
2025-05-04,7.5,3.450000000000001,15.22,18.67,6.36,16 min 21 sec,Starbucks (Five Points Center),1,1,34.4260668,-119.7401955,34.43911270835084,-119.75283467693296,6,Sunday,True,False,16.35,23.3394495412844,Morning,2.9355345911949686,68.5137614678899,0.8152115693626137,0
2025-05-04,12.5,14.41,7.04,21.45,10.46,48 min 2 sec,KFC (5697 Calle Real),6,2,34.417430743473545,-119.85865276455183,34.4407896,-119.823381,6,Sunday,True,False,48.03333333333333,13.065926439972245,Lunch,2.050669216061185,26.79389312977099,0.3282051282051282,0
2025-09-04,9.5,3.67,2.0,5.67,1.9,15m 0s,McDonald's (3940 State St),1,1,34.4217036,-119.7073816,34.440895,-119.753051,3,Thursday,False,False,15.0,7.6,Morning,2.9842105263157896,22.68,0.3527336860670194,0
2025-09-04,11.5,3.4800000000000004,3.0,6.48,8.35,28m 34s,McDonald's (3940 State St),3,1,34.4275435039178,-119.79918789460768,34.440895,-119.753051,3,Thursday,False,False,28.566666666666663,17.537922987164528,Lunch,0.7760479041916168,13.610268378063012,0.4629629629629629,0
2025-09-04,21.0,3.09,1.0,4.09,1.68,23m 48s,McDonald's (29 N Milpas St),1,1,34.428047,-119.6686846,34.4222641,-119.6802126,3,Thursday,False,False,23.8,4.235294117647059,Evening,2.4345238095238093,10.310924369747898,0.2444987775061124,1
2025-04-05,9.5,14.43,1.0,15.43,11.82,33m 31s,Bruxie (Santa Barbara),1,1,34.4114977,-119.843644,34.4192199,-119.6999292,5,Saturday,True,False,33.516666666666666,21.15962207856788,Morning,1.305414551607445,27.62207856787668,0.0648088139987038,0
2025-04-05,11.0,33.56999999999999,4.09,37.66,19.09,1h 18m,Mandarin Palace,9,3,34.4144573,-119.86453,34.43918971776994,-119.75258583463608,5,Saturday,True,False,18.0,63.63333333333333,Lunch,1.972760607647983,125.53333333333332,0.1086032926181625,0
2025-04-05,12.5,3.0700000000000003,3.0,6.07,1.62,12m 37s,Su’s Bowl (Isla Vista),3,1,34.417430743473545,-119.85865276455183,34.4129772,-119.857419,5,Saturday,True,False,12.616666666666667,7.704095112285337,Lunch,3.746913580246914,28.8665785997358,0.4942339373970346,0
2025-04-05,13.0,5.09,11.0,16.09,8.76,26m 13s,Mandarin Palace,3,1,34.4225563,-119.8786026,34.43908353739146,-119.75253219045725,5,Saturday,True,False,26.216666666666665,20.04831532104259,Lunch,1.83675799086758,36.823903369357915,0.6836544437538844,1
2025-04-05,14.5,8.0,2.0,10.0,2.29,20m 30s,Super Cuca’s (2030 Cliff Dr),2,2,34.4011196,-119.7200647,34.4024978,-119.7244041,5,Saturday,True,False,20.5,6.702439024390244,Lunch,4.366812227074235,29.26829268292683,0.2,1
2025-04-05,17.0,5.090000000000002,11.51,16.6,4.16,22m 59s,El Rincon Bohemio,6,1,34.4413609,-119.7375575,34.43959778785699,-119.7615753444281,5,Saturday,True,False,22.983333333333334,10.8600435097897,Afternoon,3.9903846153846154,43.33575054387237,0.6933734939759035,1
2025-04-05,17.5,3.59,5.48,9.07,2.44,21m 54s,Eureka! (Santa Barbara),6,1,34.4132387,-119.6924564,34.41881513514415,-119.70021517696546,5,Saturday,True,False,21.9,6.684931506849315,Afternoon,3.717213114754099,24.84931506849315,0.6041896361631753,1
2025-04-05,18.0,14.169999999999998,18.16,32.33,7.8,1h 0m,7‑Eleven (Montecito St),18,3,34.4391423,-119.7078226,34.41226742768558,-119.6977621609164,5,Saturday,True,False,60.0,7.8,Evening,4.144871794871794,32.33,0.5617073925146923,1
2025-04-05,18.0,8.01,0.0,8.01,8.69,28m 20s,Secret Bao (1201 Anacapa St),6,1,34.4555956,-119.6994425,34.4244654,-119.7035646,5,Saturday,True,False,28.333333333333332,18.40235294117647,Evening,0.9217491369390104,16.96235294117647,0.0,0
2025-04-05,18.5,36.739999999999995,2.34,39.08,23.15,1h 21m,Apna Indian Kitchen (Santa Barbara),12,2,34.41853802908003,-119.87165361929398,34.41954879131675,-119.6986256769655,5,Saturday,True,False,21.0,66.14285714285714,Evening,1.688120950323974,111.65714285714286,0.0598771750255885,0
2025-04-05,19.5,7.609999999999999,8.0,15.61,6.43,45m 43s,Nick the Greek (Santa Barbara),6,1,34.4249118,-119.6371854,34.4171204,-119.6957341,5,Saturday,True,False,45.71666666666667,8.438935472110828,Evening,2.4276827371695178,20.48705796573095,0.5124919923126201,1
2025-04-05,20.0,15.11,6.0,21.11,4.59,1h 3m,McDonald's (6900 Market Place Drive),18,3,34.41526774013501,-119.85839513278678,34.4290307,-119.870121,5,Saturday,True,False,3.0,91.8,Evening,4.599128540305011,422.2,0.2842254855518711,0
2025-04-05,20.0,11.02,5.0,16.02,6.72,34m 49s,Little Caesars (21 N Milpas St),12,2,34.4164258,-119.7004521,34.421832,-119.679684,5,Saturday,True,False,34.81666666666667,11.580660603159403,Evening,2.3839285714285716,27.607467687888946,0.3121098626716604,1
2025-04-05,21.0,8.42,4.65,13.07,4.75,33m 28s,California Pizza Kitchen (719 Paseo Nuevo),6,1,34.4403683,-119.7302801,34.4188553,-119.7005545,5,Saturday,True,False,33.46666666666667,8.51593625498008,Evening,2.751578947368421,23.43227091633466,0.3557765876052027,1
2025-04-05,21.0,59.27,7.88,67.15,2.96,40m 25s,Wingstop (888 Embarcadero del Norte),13,3,34.428687,-119.8823688,34.4133272,-119.8551152,5,Saturday,True,False,40.416666666666664,4.394226804123711,Evening,22.685810810810818,99.68659793814436,0.1173492181682799,0
2025-04-05,21.0,16.08,5.33,21.409999999999997,5.88,41m 40s,"Wingstop, 3849 State St #163",3,2,34.413398,-119.6968314,34.43951324301522,-119.74909193080344,5,Saturday,True,False,41.666666666666664,8.4672,Evening,3.6411564625850334,30.830399999999997,0.2489490892106492,1
2025-04-05,22.0,11.419999999999998,10.23,21.65,4.62,1h 12m,Chili’s Grill & Bar (6950 Marketplace Dr),3,3,34.410942,-119.853391,34.4297269,-119.8705888,5,Saturday,True,False,12.0,23.1,Night,4.686147186147186,108.25,0.4725173210161663,0
2025-04-05,22.0,3.58,0.5,4.08,2.73,17m 41s,Nick the Greek (Santa Barbara),1,1,34.4011196,-119.7200647,34.4171204,-119.6957341,5,Saturday,True,False,17.683333333333334,9.26295947219604,Night,1.4945054945054943,13.8435438265787,0.1225490196078431,1
2025-08-05,8.0,7.869999999999999,4.0,11.87,6.38,32m 41s,Cajé,2,2,34.4501261,-119.8319129,34.425317675129044,-119.7066449776383,1,Tuesday,False,False,32.68333333333333,11.71239163691994,Morning,1.8605015673981191,21.790922998470165,0.3369839932603201,0
2025-08-05,10.5,7.03,0.0,7.03,1.89,27m 23s,La Tapatia #3,1,1,34.4370279,-119.8137234,34.436168333812326,-119.82558397696468,1,Tuesday,False,False,27.383333333333333,4.141205112598904,Morning,3.71957671957672,15.403530127814973,0.0,0
2025-08-05,11.0,3.68,5.33,9.01,3.36,16 min 47 sec,Chick-fil-A (3707 State St),3,1,34.4390709,-119.7902429,34.44029719326225,-119.7429107309353,1,Tuesday,False,False,16.783333333333335,12.01191658391261,Lunch,2.681547619047619,32.210526315789465,0.5915649278579357,1
2025-08-05,12.0,4.02,2.0,6.02,3.26,22 min 36 sec,McDonald's (3940 State St),3,1,34.4543785,-119.7392384,34.440895,-119.753051,1,Tuesday,False,False,22.6,8.654867256637166,Lunch,1.8466257668711656,15.98230088495575,0.3322259136212624,1
2025-08-05,12.5,17.02,2.0,19.02,16.15,36m 31s,Albertsons (0354),3,1,34.4298895,-119.6838617,34.44249063680539,-119.82547960064971,1,Tuesday,False,False,36.516666666666666,26.535828388863532,Lunch,1.1777089783281736,31.251483340940208,0.1051524710830704,0
2025-08-05,20.0,3.09,27.76,30.85,1.52,12m 19s,Thai Bistro,6,1,34.4342714,-119.7294667,34.440842418961715,-119.7322697886068,1,Tuesday,False,False,12.316666666666666,7.404600811907984,Evening,20.29605263157895,150.28416779431666,0.8998379254457051,0
2025-07-05,8.0,5.729999999999997,18.35,24.08,14.81,24m 00s,Super Cuca’s (2030 Cliff Dr),1,1,34.4389535,-119.9026088,34.4024978,-119.7244041,5,Saturday,True,False,24.0,37.025,Morning,1.62592842673869,60.2,0.7620431893687709,0
2025-07-05,9.5,3.789999999999999,5.25,9.04,3.24,37m 55s,Cajé,1,1,34.4333709,-119.868483,34.425317675129044,-119.7066449776383,5,Saturday,True,False,37.916666666666664,5.127032967032967,Morning,2.790123456790123,14.305054945054945,0.5807522123893806,0
2025-07-05,11.5,3.2200000000000006,6.08,9.3,2.61,26m 07s,Super Cuca's (626 W Micheltorena St),3,1,34.4359554,-119.704894,34.4193402,-119.7158748,5,Saturday,True,False,26.116666666666667,5.99617102744097,Lunch,3.563218390804598,21.36566687938737,0.653763440860215,0
2025-07-05,14.0,5.760000000000001,7.31,13.07,8.49,37m 10s,Taqueria La Unica,6,1,34.424974,-119.7027632,34.4401724,-119.7458228,5,Saturday,True,False,37.166666666666664,13.705829596412558,Lunch,1.5394581861012957,21.09955156950673,0.5592960979342004,1
2025-07-05,16.0,15.079999999999998,4.0,19.08,16.43,48m 38s,BEST BBQ,2,2,34.417430743473545,-119.85865276455183,34.419127,-119.6984324,5,Saturday,True,False,48.63333333333333,20.27004797806717,Afternoon,1.161290322580645,23.539410555174776,0.2096436058700209,1
2025-07-05,18.0,3.42,5.0,8.42,4.49,21m 00s,Broad Street Oyster Company (Santa Barbara),6,1,34.4382279,-119.7326361,34.41652699999999,-119.6945756,5,Saturday,True,False,21.0,12.82857142857143,Evening,1.8752783964365256,24.057142857142857,0.5938242280285035,0
2025-07-05,18.5,4.579999999999998,38.68,43.26,8.67,24m 33s,Presto Pasta,6,1,34.4366449,-119.6368237,34.4372423191789,-119.72606260395004,5,Saturday,True,False,24.55,21.18940936863544,Evening,4.989619377162629,105.72708757637474,0.8941285251964864,0
2025-07-05,19.0,4.859999999999999,9.17,14.03,10.71,29m 36s,China Palace,6,1,34.427729,-119.7906988,34.42186627540789,-119.6496213058011,5,Saturday,True,False,29.6,21.70945945945946,Evening,1.3099906629318392,28.439189189189182,0.6535994297933001,0
2025-07-05,19.5,3.3000000000000007,10.0,13.3,5.63,20m 30s,Broad Street Oyster Company (Santa Barbara),6,1,34.4022653,-119.7330409,34.41652699999999,-119.6945756,5,Saturday,True,False,20.5,16.478048780487804,Evening,2.3623445825932508,38.926829268292686,0.7518796992481203,1
2025-07-05,20.0,3.0,6.67,9.67,4.59,31m 22s,Saigon Vietnamese Restaurant,6,1,34.4335492,-119.7435756,34.41801199900006,-119.70004461545196,5,Saturday,True,False,31.366666666666667,8.780021253985122,Evening,2.106753812636166,18.497343251859725,0.6897621509824199,1
2025-07-05,20.5,6.300000000000001,8.0,14.3,6.03,23m 02s,Mandarin Palace,12,2,34.4063585,-119.7141052,34.43908353739146,-119.75253219045725,5,Saturday,True,False,23.033333333333335,15.70767004341534,Evening,2.371475953565506,37.250361794500726,0.5594405594405594,1
2025-06-05,0.5,2.6500000000000004,5.98,8.63,2.93,9m 49s,McDonald's (29 N Milpas St),1,1,34.4074344,-119.7308215,34.42374070774889,-119.67975739730134,3,Thursday,False,False,9.816666666666666,17.908319185059426,Night,2.945392491467577,52.747028862478786,0.6929316338354576,1
2025-06-05,2.0,15.79,8.26,24.05,11.5,48m 01s,McDonald's (29 N Milpas St),2,3,34.4350604,-119.7506675,34.42374070774889,-119.67975739730134,3,Thursday,False,False,48.016666666666666,14.370010413051023,Night,2.091304347826087,30.052065255119754,0.3434511434511434,1
2025-06-05,10.0,4.06,2.0,6.06,3.78,19m 39s,Chick-fil-A (3707 State St),1,1,34.4119172,-119.6914365,34.44029719326225,-119.7429107309353,3,Thursday,False,False,19.65,11.541984732824428,Morning,1.6031746031746033,18.50381679389313,0.33003300330033,0
2025-06-05,11.5,7.710000000000001,8.34,16.05,5.48,31m 22s,McDonald's (6900 Market Place Drive),6,1,34.43376110083814,-119.89789477511442,34.4290307,-119.870121,3,Thursday,False,False,31.366666666666667,10.482465462274178,Lunch,2.928832116788321,30.701381509032945,0.5196261682242991,0
2025-06-05,19.0,7.07,0.0,7.07,8.96,27m 09s,McDonald's (146 S Fairview Ave),6,1,34.40967543920838,-119.84433283463753,34.4368539,-119.8301947,3,Thursday,False,False,27.15,19.801104972375693,Evening,0.7890625,15.624309392265197,0.0,0
2025-03-05,7.0,2.51,3.5,6.01,2.3,14m 0s,"Starbucks (1990 Cliff Drive, Santa Barbara)",1,1,34.4063585,-119.7141052,34.4023846,-119.7234177,2,Wednesday,False,False,14.0,9.857142857142856,Morning,2.61304347826087,25.757142857142856,0.5823627287853578,0
2025-03-05,7.5,29.92,1.64,31.56,3.04,20m 14s,Santa Barbara Roasting Company,1,1,34.4181263,-119.6715671,34.4151156,-119.6943257,2,Wednesday,False,False,20.233333333333334,9.01482701812191,Morning,10.38157894736842,93.58813838550246,0.0519645120405576,0
2025-03-05,8.5,10.579999999999998,6.16,16.74,10.97,1h 5m,"Hook & Press Donuts, E Mission St, Santa Barbara",2,2,34.4258257,-119.694951,34.4229668,-119.7028071,2,Wednesday,False,False,5.0,131.64,Morning,1.5259799453053782,200.88,0.3679808841099164,0
2025-03-05,10.5,2.55,3.55,6.1,1.4,12m 55s,"Starbucks (State & Victoria, Santa Barbara)",1,1,34.4252023,-119.7147203,34.42418427364032,-119.7058514616222,2,Wednesday,False,False,12.916666666666666,6.503225806451613,Morning,4.357142857142857,28.335483870967742,0.5819672131147541,0
2025-05-05,11.0,6.07,2.0,8.07,4.92,21 min 14 sec,7-Eleven (7390 Calle Real),3,1,34.4106950633126,-119.86198507511556,34.4331991,-119.8847424,0,Monday,False,False,21.233333333333334,13.902668759811617,Lunch,1.6402439024390243,22.803767660910516,0.2478314745972738,0
2025-05-05,11.0,2.6100000000000003,2.0,4.61,1.83,21 min 57 sec,IV Deli Mart (Goleta),3,1,34.41182343943442,-119.86450526162282,34.412926,-119.8563993,0,Monday,False,False,21.95,5.002277904328018,Lunch,2.519125683060109,12.601366742596811,0.4338394793926247,0
2025-09-05,10.5,5.540000000000001,7.92,13.46,19.56,35m 55s,Little Caesars (109 S Fairview Ave),3,1,34.4335058,-119.7471141,34.437549,-119.831125,4,Friday,False,False,35.916666666666664,32.67563805104408,Morning,0.6881390593047035,22.485382830626452,0.588410104011887,0
2025-09-05,17.0,4.02,5.43,9.45,3.34,25m 37s,Chipotle Mexican Grill (3851 State St),6,1,34.4265681,-119.7101531,34.43966324272928,-119.74907407326376,4,Friday,False,False,25.616666666666667,7.823031880286272,Afternoon,2.8293413173652695,22.13402732595966,0.5746031746031747,1
2025-09-05,18.0,3.0600000000000005,8.51,11.57,2.83,10m 27s,China Palace,6,1,34.4158583,-119.6767938,34.42186627540789,-119.6496213058011,4,Friday,False,False,10.45,16.248803827751196,Evening,4.088339222614841,66.43062200956938,0.7355229040622299,1
2025-09-05,18.5,5.72,6.36,12.08,4.06,38m 31s,Hana Kitchen - State Street,12,2,34.4274604,-119.7229746,34.4168496,-119.6958222,4,Friday,False,False,38.516666666666666,6.324534833405452,Evening,2.975369458128079,18.81782778018174,0.5264900662251656,1
2025-04-06,8.0,3.98,4.09,8.07,9.82,31m 22s,Starbucks (Montecito),1,1,34.4503188,-119.659725,34.42171,-119.65018,6,Sunday,True,False,31.366666666666667,18.78427205100957,Morning,0.8217922606924644,15.436769394261423,0.506815365551425,0
2025-04-06,9.0,3.0399999999999996,3.97,7.01,2.47,26m 50s,Starbucks (Montecito),1,1,34.4251883,-119.6471802,34.42171,-119.65018,6,Sunday,True,False,26.833333333333332,5.522981366459629,Morning,2.838056680161943,15.674534161490683,0.5663338088445079,0
2025-04-06,10.0,3.73,11.43,15.16,2.42,29m 40s,Daydream Breakfast Burritos (6553 Pardall Rd),2,1,34.4175241,-119.8718907,34.41303363776908,-119.8564074039511,6,Sunday,True,False,29.666666666666668,4.89438202247191,Morning,6.264462809917355,30.66067415730337,0.753957783641161,0
2025-04-06,11.0,2.0,1.0,3.0,0.94,13m 4s,Super Cuca's (626 W Micheltorena St),3,1,34.41182343943442,-119.86450526162282,34.4193211,-119.7158949,6,Sunday,True,False,13.066666666666666,4.316326530612245,Lunch,3.191489361702128,13.775510204081634,0.3333333333333333,0
2025-04-06,11.0,9.08,4.0,13.08,4.65,38m 59s,IV Deli Mart (Goleta),6,1,34.4146025,-119.84581,34.412926,-119.8563993,6,Sunday,True,False,38.983333333333334,7.1569046601111594,Lunch,2.8129032258064512,20.131680205215904,0.3058103975535168,0
2025-04-06,12.0,17.76,8.93,26.69,8.13,1h 2m,Starbucks (Hollister & Storke-Goleta),9,3,34.410031666777655,-119.86178711574163,34.42963227133667,-119.87246797090242,6,Sunday,True,False,2.0,243.90000000000003,Lunch,3.28290282902829,800.7,0.3345822405395279,0
2025-04-06,12.5,35.0,4.9,39.9,1.97,21m 7s,Subway (888 Embarcadero del Norte Ste C),3,1,34.417430743473545,-119.85865276455183,34.411790213931866,-119.84789459395375,6,Sunday,True,False,21.116666666666667,5.597474348855564,Lunch,20.253807106598984,113.37016574585635,0.1228070175438596,0
2025-04-06,13.0,5.59,7.48,13.07,4.94,25m 0s,"McDonald's, Cliff Dr",6,1,34.4217036,-119.7073816,34.40204975113112,-119.7223454302024,6,Sunday,True,False,25.0,11.856,Lunch,2.645748987854251,31.368,0.5723029839326702,1
2025-04-06,13.5,13.670000000000002,4.5,18.17,9.72,49m 54s,McDonald's (29 N Milpas St),6,1,34.4479024,-119.7686155,34.4222641,-119.6802126,6,Sunday,True,False,49.9,11.687374749498998,Lunch,1.869341563786008,21.847695390781567,0.2476609796367638,1
2025-04-06,19.5,6.029999999999999,4.01,10.04,7.84,48m 28s,Asie Dumpling House (Santa Barbara),6,1,34.4418142,-119.7489223,34.416844,-119.696258,6,Sunday,True,False,48.46666666666667,9.70563961485557,Evening,1.280612244897959,12.429160935350756,0.399402390438247,1
2025-04-06,20.0,2.530000000000001,6.52,9.05,1.19,7m 6s,Mission Street Ice Cream and Yogurt,6,1,34.4342886,-119.7038474,34.428328,-119.716679,6,Sunday,True,False,7.1,10.056338028169014,Evening,7.605042016806723,76.47887323943662,0.7204419889502761,0
2025-04-06,20.5,3.5299999999999994,6.48,10.01,3.15,31m 54s,Chipotle Mexican Grill (3851 State St),6,1,34.4335058,-119.7471141,34.439698635958216,-119.74914917511413,6,Sunday,True,False,31.9,5.924764890282132,Evening,3.1777777777777776,18.82758620689655,0.6473526473526474,1
2025-08-06,8.0,2.26,3.41,5.67,1.03,14m 32s,Cajé,1,1,34.414563931478845,-119.85694661990028,34.425317675129044,-119.7066449776383,2,Wednesday,False,False,14.533333333333331,4.252293577981652,Morning,5.504854368932039,23.408256880733948,0.6014109347442681,0
2025-08-06,9.5,15.45,5.0,20.45,4.63,16m 57s,Albertsons (0354),1,1,34.4387511,-119.9047541,34.44249063680539,-119.82547960064971,2,Wednesday,False,False,16.95,16.38938053097345,Morning,4.416846652267819,72.38938053097345,0.2444987775061124,0
2025-08-06,10.5,4.37,4.71,9.08,0.96,16m 50s,Starbucks (Hollister & Storke-Goleta),1,1,34.428669,-119.8697053,34.42963227133667,-119.87246797090242,2,Wednesday,False,False,16.833333333333332,3.4217821782178217,Morning,9.458333333333334,32.364356435643565,0.5187224669603524,0
2025-08-06,11.5,2.8500000000000005,3.84,6.69,1.7,13m 38s,McDonald's (3940 State St),3,1,34.4306314,-119.8579762,34.440895,-119.753051,2,Wednesday,False,False,13.633333333333333,7.481662591687042,Lunch,3.935294117647059,29.442542787286065,0.5739910313901345,0
2025-08-06,12.0,4.0600000000000005,5.0,9.06,5.01,36m 24s,Habit Burger & Grill (888 Embarcadero del Norte),3,1,34.4294752,-119.8816108,34.4132572,-119.8550767,2,Wednesday,False,False,36.4,8.258241758241757,Lunch,1.8083832335329344,14.934065934065934,0.5518763796909492,0
2025-07-06,9.0,3.42,8.11,11.53,4.65,16m 31s,Brekkie Bagels (3007 De La Vina St),1,1,34.4185728,-119.6799084,34.4386988,-119.7284978,6,Sunday,True,False,16.516666666666666,16.892028254288597,Morning,2.4795698924731178,41.88496468213925,0.7033824804856895,0
2025-06-06,0.0,7.050000000000001,6.0,13.05,9.33,24m 19s,Rocket (5698),1,1,34.4403683,-119.7302801,34.41350259647581,-119.69729251824332,4,Friday,False,False,24.316666666666663,23.021247429746403,Night,1.3987138263665595,32.200137080191915,0.4597701149425287,1
2025-06-06,1.5,2.95,7.47,10.42,3.81,20m 08s,Taco Bell (5980 Hollister Ave),1,1,34.4302899,-119.8601508,34.4362939,-119.8304545,4,Friday,False,False,20.133333333333333,11.35430463576159,Night,2.7349081364829395,31.05298013245033,0.716890595009597,1
2025-06-06,2.0,4.880000000000001,7.17,12.05,4.21,31m 20s,Taco Bell (5980 Hollister Ave),2,2,34.410031666777655,-119.86178711574163,34.4362939,-119.8304545,4,Friday,False,False,31.333333333333332,8.061702127659574,Night,2.862232779097387,23.074468085106385,0.5950207468879668,1
2025-06-06,3.0,6.08,13.92,20.0,5.18,34m 41s,7-Eleven (7390 Calle Real),2,2,34.41435184399194,-119.86250853093648,34.4331991,-119.8847424,4,Friday,False,False,34.68333333333333,8.961076405574243,Night,3.8610038610038617,34.59875060067275,0.696,1
2025-06-06,4.0,10.07,1.0,11.07,6.18,44m 05s,Jack in the Box (6875 Hollister Ave),1,1,34.4146025,-119.84581,34.4299362,-119.8687794,4,Friday,False,False,44.083333333333336,8.41134215500945,Night,1.7912621359223302,15.066918714555763,0.0903342366757,1
2025-06-06,14.5,16.79,3.0,19.79,7.44,39m 40s,Little Caesars (109 S Fairview Ave),2,2,34.4320597,-119.8741797,34.437549,-119.831125,4,Friday,False,False,39.666666666666664,11.253781512605045,Lunch,2.6599462365591395,29.934453781512605,0.1515917129863567,1
2025-06-06,16.5,3.919999999999999,3.35,7.27,3.38,17m 15s,Starbucks (Goleta),1,1,34.4321123,-119.8231598,34.4418617,-119.8322678,4,Friday,False,False,17.25,11.756521739130436,Afternoon,2.150887573964497,25.286956521739132,0.4607977991746905,1
2025-05-06,20.5,3.04,2.0,5.04,3.95,18m 15s,Little Caesars (21 N Milpas St),6,1,34.4315262,-119.7014581,34.421832,-119.679684,1,Tuesday,False,False,18.25,12.986301369863016,Evening,1.2759493670886075,16.569863013698633,0.3968253968253968,1
2025-05-06,21.0,2.67,8.55,11.22,4.75,18 min 7 sec,Presto Pasta,1,1,34.4335639,-119.7069138,34.4372423191789,-119.72606260395004,1,Tuesday,False,False,18.116666666666667,15.731370745170192,Evening,2.3621052631578947,37.15915363385464,0.7620320855614974,0
2025-05-06,21.5,4.24,8.85,13.09,8.84,30 min 51 sec,Edomasa,1,1,34.4158583,-119.6767938,34.43619233892461,-119.72536888860704,1,Tuesday,False,False,30.85,17.19286871961102,Evening,1.4807692307692308,25.45867098865478,0.6760886172650878,0
2025-09-06,8.5,4.88,7.95,12.83,4.49,18m 36s,McDonald's (29 N Milpas St),2,2,34.4190644,-119.7204084,34.42374070774889,-119.67975739730134,5,Saturday,True,False,18.6,14.483870967741936,Morning,2.8574610244988863,41.38709677419355,0.6196414653156664,0
2025-09-06,9.0,10.04,4.02,14.06,6.13,36m 43s,McDonald's (3940 State St),2,1,34.4312523,-119.7256831,34.440895,-119.753051,5,Saturday,True,False,36.71666666666667,10.017249205628689,Morning,2.293637846655791,22.975941897412618,0.2859174964438122,0
2025-09-06,10.0,13.579999999999998,15.5,29.08,20.07,1h 5m,Bruxie (Santa Barbara),5,3,34.3868781,-119.4923912,34.4192199,-119.6999292,5,Saturday,True,False,5.0,240.84,Morning,1.44892874937718,348.96,0.5330123796423659,0
2025-09-06,11.5,30.0,0.0,30.0,19.39,1h 4m,Apple Inc – State Street R317,6,1,34.3965577,-119.5242986,34.42170628022921,-119.7012671461506,5,Saturday,True,False,4.0,290.85,Lunch,1.5471892728210417,450.0,0.0,0
2025-09-06,15.0,2.21,3.16,5.37,1.31,11m 34s,"Starbucks (1990 Cliff Drive, Santa Barbara)",1,1,34.4024873,-119.7063249,34.4023846,-119.7234177,5,Saturday,True,False,11.566666666666666,6.795389048991355,Afternoon,4.099236641221374,27.85590778097983,0.5884543761638734,1
2025-09-06,16.0,19.05,5.95,25.0,3.0,34m 11s,Sephora US (Lower State),2,2,34.4217832,-119.7268474,34.41936833093828,-119.69923438847756,5,Saturday,True,False,34.18333333333333,5.2657240370550955,Afternoon,8.333333333333334,43.8810336421258,0.238,1
2025-09-06,17.5,6.32,6.0,12.32,3.44,26m 01s,Presto Pasta,12,1,34.4217832,-119.7268474,34.4372423191789,-119.72606260395004,5,Saturday,True,False,26.016666666666666,7.93337604099936,Afternoon,3.5813953488372094,28.41255605381166,0.487012987012987,1
2025-09-06,19.0,3.979999999999998,9.05,13.03,2.28,37m 11s,Bruxie (Santa Barbara),6,1,34.4238289,-119.7262149,34.4192199,-119.6999292,5,Saturday,True,False,37.18333333333333,3.6790676826535185,Evening,5.714912280701754,21.02554908112954,0.6945510360706064,1
2025-09-06,21.0,8.52,4.0,12.52,1.77,31m 08s,Little Caesars (21 N Milpas St),2,2,34.4057553,-119.7045293,34.421832,-119.679684,5,Saturday,True,False,31.133333333333333,3.4111349036402574,Evening,7.073446327683616,24.128479657387583,0.3194888178913738,1
2025-09-06,21.5,6.039999999999999,3.0,9.04,4.58,23m 55s,Panda Express (131 N Fairview Ave),0,1,34.4151986,-119.8625524,34.4416296,-119.8327241,5,Saturday,True,False,23.916666666666668,11.489895470383274,Evening,1.9737991266375543,22.6787456445993,0.331858407079646,0
2025-09-06,22.5,19.68,0.0,19.68,16.48,1h 4m,Woodstock’s Pizza - Isla Vista,0,2,34.4248029,-119.6858394,34.4142159,-119.846429,5,Saturday,True,False,4.0,247.2,Night,1.194174757281553,295.2,0.0,0
2025-04-07,8.0,3.0700000000000003,3.0,6.07,2.46,10m 2s,"McDonald's, Cliff Dr",1,1,34.4031769,-119.703819,34.40277756928841,-119.7224755809584,0,Monday,False,False,10.033333333333331,14.710963455149503,Morning,2.467479674796748,36.299003322259146,0.4942339373970346,0
2025-04-07,10.5,5.0,5.66,10.66,7.44,37m 2s,Albertsons (0354),3,1,34.4365362,-119.8247649,34.44249063680539,-119.82547960064971,0,Monday,False,False,37.03333333333333,12.054005400540056,Morning,1.432795698924731,17.27092709270927,0.5309568480300187,0
2025-04-07,11.0,3.21,4.26,7.47,3.56,31m 56s,Carl’s Jr. (5820 Calle Real),3,1,34.4306314,-119.8579762,34.4417602,-119.8261764,0,Monday,False,False,31.933333333333337,6.688935281837161,Lunch,2.0983146067415728,14.035490605427974,0.570281124497992,1
2025-04-07,11.5,4.83,8.19,13.02,5.41,22m 52s,Nothing Bundt Cakes (Santa Barbara-Goleta),3,1,34.410031666777655,-119.86178711574163,34.442132307258994,-119.82547332569555,0,Monday,False,False,22.866666666666667,14.19533527696793,Lunch,2.406654343807763,34.16326530612245,0.6290322580645161,0
2025-04-07,12.0,8.05,2.0,10.05,5.85,30m 41s,Target (Santa Barbara Galleria),3,1,34.4131695,-119.6892116,34.4401136,-119.7506709,0,Monday,False,False,30.683333333333337,11.4394350896252,Lunch,1.7179487179487185,19.652362846279193,0.1990049751243781,1
2025-04-07,12.0,3.0599999999999996,3.99,7.05,1.64,19m 13s,Su’s Bowl (Isla Vista),3,1,34.417430743473545,-119.85865276455183,34.4129772,-119.857419,0,Monday,False,False,19.216666666666665,5.120555073720729,Lunch,4.298780487804878,22.012142237640937,0.5659574468085107,0
2025-04-07,18.0,13.810000000000002,9.45,23.26,15.3,53m 47s,Poke House (Santa Barbara),12,2,34.4321735,-119.8736136,34.4196536,-119.7001077,0,Monday,False,False,53.78333333333333,17.06848466067555,Evening,1.5202614379084969,25.948559033157732,0.4062768701633705,0
2025-04-07,18.5,5.02,0.0,5.02,1.83,11m 06s,Bruxie (Santa Barbara),6,1,34.424974,-119.7027632,34.4192199,-119.6999292,0,Monday,False,False,11.1,9.891891891891891,Evening,2.7431693989071033,27.135135135135133,0.0,1
2025-04-07,20.0,2.500000000000001,5.55,8.05,2.07,16m 31s,Taco Bell (1840 Cliff Dr),6,1,34.413398,-119.6968314,34.4018453,-119.7217806,0,Monday,False,False,16.516666666666666,7.5196770938446,Evening,3.8888888888888897,29.243188698284563,0.6894409937888198,1
2025-04-07,20.5,2.859999999999999,5.42,8.28,2.2,8m 54s,Takashi Ramen,6,1,34.4302899,-119.8601508,34.4311351,-119.8742178,0,Monday,False,False,8.9,14.831460674157304,Evening,3.7636363636363632,55.82022471910111,0.6545893719806763,0
2025-04-07,21.0,5.859999999999999,5.59,11.45,2.56,25m 35s,Subway (1936 Cliff Dr),2,2,34.4092812,-119.6989913,34.40229619999999,-119.7225897,0,Monday,False,False,25.583333333333332,6.003908794788274,Evening,4.47265625,26.85342019543974,0.4882096069868996,1
2025-08-07,9.5,3.34,8.75,12.09,2.2,13m 13s,Jack in the Box (501 N Milpas St),1,1,34.4240478,-119.6991564,34.4262994,-119.6856795,3,Thursday,False,False,13.216666666666669,9.987389659520806,Morning,5.495454545454545,54.88524590163933,0.7237386269644335,0
2025-08-07,11.0,2.67,4.44,7.11,1.36,13m 54s,Super Cuca’s no3,3,1,34.4174573,-119.8670406,34.412309,-119.854985,3,Thursday,False,False,13.9,5.870503597122303,Lunch,5.227941176470588,30.69064748201439,0.6244725738396625,0
2025-08-07,19.0,14.529999999999998,7.8,22.33,8.65,32 min 0 sec,Subway (609 N Milpas St),12,2,34.4464822,-119.8013294,34.4273741,-119.687139,3,Thursday,False,False,32.0,16.21875,Evening,2.58150289017341,41.86875,0.3493058665472459,1
2025-08-07,20.0,9.57,20.83,30.4,5.19,33 min 42 sec,Jersey Mike's Subs (3325 State Street),18,3,34.4215008,-119.6813172,34.44026089331222,-119.7358754039498,3,Thursday,False,False,33.7,9.240356083086052,Evening,5.857418111753371,54.12462908011868,0.6851973684210526,1
2025-08-07,22.0,9.16,5.54,14.7,6.78,20 min 42 sec,Santa Barbara Pizza House (515 State St),1,1,34.439718049351626,-119.79124675977108,34.4170674,-119.6962842,3,Thursday,False,False,20.7,19.65217391304348,Night,2.1681415929203536,42.608695652173914,0.3768707482993197,1
2025-08-07,22.5,11.64,0.0,11.64,6.59,25 min 29 sec,Edomasa,2,2,34.4181263,-119.6715671,34.43619233892461,-119.72536888860704,3,Thursday,False,False,25.483333333333334,15.516023544800523,Night,1.7663125948406675,27.40614780902551,0.0,1
2025-07-07,10.5,2.289999999999999,6.07,8.36,0.87,20m 08s,"Yet’z Bagels, Kellogg Way, Goleta, CA",1,1,34.417430743473545,-119.85865276455183,34.4128726,-119.8572217,0,Monday,False,False,20.133333333333333,2.5927152317880795,Morning,9.60919540229885,24.91390728476821,0.7260765550239235,0
2025-07-07,14.5,7.539999999999999,3.0,10.54,3.61,24m 54s,Chipotle Mexican Grill (3851 State St),1,1,34.408092,-119.7571777,34.439698635958216,-119.74914917511413,0,Monday,False,False,24.9,8.698795180722891,Lunch,2.9196675900277005,25.397590361445783,0.2846299810246679,1
2025-07-07,18.5,4.620000000000001,12.04,16.66,11.66,41m 03s,Sachi Ramen (Santa Barbara),6,1,34.40967543920838,-119.84433283463753,34.4179964,-119.7000379,0,Monday,False,False,41.05,17.042630937880634,Evening,1.4288164665523155,24.350791717417785,0.7226890756302521,1
2025-07-07,20.0,3.59,10.94,14.53,3.97,15m 32s,Los Arroyos - Santa Barbara,6,1,34.4231118,-119.7470126,34.4217114,-119.6413115,0,Monday,False,False,15.533333333333331,15.33476394849786,Evening,3.659949622166246,56.12446351931331,0.7529249827942188,1
2025-07-07,21.0,2.3100000000000005,8.27,10.58,0.87,9m 10s,Flavor of India,1,1,34.4453769,-119.7220427,34.44082532974802,-119.729410919293,0,Monday,False,False,9.166666666666666,5.694545454545455,Evening,12.160919540229886,69.2509090909091,0.7816635160680528,1
2025-06-07,8.0,3.99,4.09,8.08,3.73,23m 18s,"Starbucks (State & Victoria, Santa Barbara)",1,1,34.4352279,-119.688802,34.42407225156649,-119.70583674302095,5,Saturday,True,False,23.3,9.605150214592276,Morning,2.1662198391420913,20.806866952789697,0.5061881188118812,0
2025-06-07,9.0,6.05,0.0,6.05,6.53,49m 04s,McDonald's (6900 Market Place Drive),1,1,34.4146025,-119.84581,34.4290307,-119.870121,5,Saturday,True,False,49.06666666666667,7.985054347826087,Morning,0.9264931087289432,7.398097826086956,0.0,0
2025-06-07,10.5,3.04,3.0,6.04,1.42,22m 43s,Cajé,3,1,34.410031666777655,-119.86178711574163,34.425317675129044,-119.7066449776383,5,Saturday,True,False,22.716666666666665,3.750550256786501,Morning,4.253521126760564,15.953044754218638,0.4966887417218543,0
2025-06-07,13.0,3.3000000000000007,18.0,21.3,2.73,20m 25s,Tamar,3,1,34.4158583,-119.6767938,34.41605769601775,-119.68998629045824,5,Saturday,True,False,20.416666666666668,8.022857142857143,Lunch,7.802197802197803,62.59591836734694,0.8450704225352113,0
2025-06-07,21.0,7.459999999999999,4.57,12.03,4.98,24m 32s,Taco Bell (5980 Hollister Ave),12,1,34.4297055,-119.8696173,34.4362939,-119.8304545,5,Saturday,True,False,24.533333333333335,12.179347826086955,Evening,2.4156626506024095,29.42119565217391,0.3798836242726517,0
2025-03-07,9.5,4.609999999999999,4.74,9.35,6.22,33m 48s,"Hook & Press Donuts, E Mission St, Santa Barbara",1,1,34.4614747,-119.7503708,34.4229668,-119.7028071,4,Friday,False,False,33.8,11.041420118343195,Morning,1.5032154340836013,16.597633136094675,0.506951871657754,0
2025-03-07,10.5,10.05,0.0,10.05,8.8,33m 45s,Apple Inc – State Street R317,3,1,34.4908062,-119.7956362,34.42170628022921,-119.7012671461506,4,Friday,False,False,33.75,15.644444444444446,Morning,1.1420454545454546,17.866666666666667,0.0,0
2025-03-07,11.0,4.140000000000001,3.93,8.07,4.51,31m 57s,KFC (5697 Calle Real),3,1,34.4333709,-119.868483,34.4407896,-119.823381,4,Friday,False,False,31.95,8.469483568075118,Lunch,1.789356984478936,15.15492957746479,0.4869888475836431,0
2025-03-07,15.5,4.1,10.83,14.93,5.49,22m 17s,"Wingstop, 3849 State St #163",1,1,34.4574992,-119.8211647,34.43951324301522,-119.74909193080344,4,Friday,False,False,22.283333333333335,14.782348541510844,Afternoon,2.7194899817850637,40.20044876589379,0.725385130609511,1
2025-03-07,16.5,4.91,4.17,9.08,7.23,38m 36s,Taco Bell (5980 Hollister Ave),6,1,34.4274779,-119.8866189,34.4362939,-119.8304545,4,Friday,False,False,38.6,11.238341968911918,Afternoon,1.255878284923928,14.1139896373057,0.4592511013215858,1
2025-03-07,19.0,3.2200000000000006,8.27,11.49,7.77,27m 29s,Luna Grill - Santa Barbara,6,1,34.4217036,-119.7073816,34.4401289,-119.7523599,4,Friday,False,False,27.483333333333334,16.963007883565798,Evening,1.478764478764479,25.08429351121892,0.7197563098346388,1
2025-03-07,0.0,4.07,3.0,7.07,3.81,24m 06s,McDonald's (29 N Milpas St),1,1,34.4258257,-119.694951,34.4222641,-119.6802126,4,Friday,False,False,24.1,9.485477178423237,Night,1.8556430446194223,17.601659751037346,0.4243281471004243,1
2025-05-07,7.5,3.21,2.0,5.21,3.57,25 min 3 sec,"McDonald's, Cliff Dr",1,1,34.4252023,-119.7147203,34.40277756928841,-119.7224755809584,2,Wednesday,False,False,25.05,8.550898203592814,Morning,1.4593837535014007,12.479041916167663,0.3838771593090211,0
2025-05-07,9.5,2.999999999999999,7.12,10.12,4.53,29 min 13 sec,Subway (5801 Calle Real Ste C),1,1,34.4340336,-119.8253918,34.4406064,-119.8268146,2,Wednesday,False,False,29.216666666666665,9.302909298345694,Morning,2.2339955849889623,20.782658300057044,0.7035573122529645,0
2025-05-07,21.5,3.0599999999999996,1.0,4.06,3.26,14 min 0 sec,Wendy's (5724 Hollister Ave),1,1,34.4092863,-119.8438964,34.4359505,-119.824232,2,Wednesday,False,False,14.0,13.97142857142857,Evening,1.2453987730061349,17.4,0.2463054187192118,0
2025-09-07,9.0,4.750000000000002,14.44,19.19,8.04,28m 33s,Mesa Cafe & Bar,0,1,34.45721049109935,-119.75786629045643,34.402490240763434,-119.72346450518307,6,Sunday,True,False,28.55,16.896672504378284,Morning,2.38681592039801,40.32924693520141,0.7524752475247524,0
2025-09-07,17.5,18.2,16.48,34.68,18.37,1h 16m,Shang Hai,18,3,34.43280034567991,-119.84051354452905,34.43014456354692,-119.68984363463652,6,Sunday,True,False,16.0,68.8875,Afternoon,1.88786064235166,130.05,0.4752018454440599,1
2025-09-07,19.0,21.659999999999997,7.9,29.559999999999995,12.72,1h 06m,Hummus Republic – Isla Vista,18,2,34.4190692,-119.7165843,34.4132955,-119.8559139,6,Sunday,True,False,6.0,127.2,Evening,2.323899371069182,295.5999999999999,0.2672530446549391,1
2025-09-07,21.0,2.0700000000000003,7.26,9.33,0.36,8m 0s,Jack in the Box (6875 Hollister Ave),0,1,34.4302899,-119.8601508,34.4299362,-119.8687794,6,Sunday,True,False,8.0,2.6999999999999997,Evening,25.916666666666668,69.97500000000001,0.7781350482315113,0
2025-09-07,21.5,4.01,1.0,5.01,3.79,14m 29s,Chipotle Mexican Grill (3851 State St),1,1,34.4279799,-119.7211213,34.43966324272928,-119.74907407326376,6,Sunday,True,False,14.483333333333333,15.700805523590336,Evening,1.3218997361477571,20.75489067894131,0.1996007984031936,1
2025-09-07,22.0,2.5699999999999994,7.95,10.52,1.46,20m 02s,"Taco Bell, 821 N Milpas St",1,1,34.4294811,-119.682003,34.4295465,-119.6900785,6,Sunday,True,False,20.033333333333335,4.372712146422629,Night,7.205479452054794,31.507487520798666,0.7557034220532319,1
2025-09-07,23.0,8.940000000000001,4.11,13.05,6.35,35m 57s,McDonald's (146 S Fairview Ave),2,2,34.4124456,-119.7079964,34.43872014995132,-119.83069700725405,6,Sunday,True,False,35.95,10.598052851182196,Night,2.055118110236221,21.780250347705145,0.3149425287356321,1
2025-04-08,10.5,4.710000000000001,5.59,10.3,9.34,46m 13s,Bedhead Breakfast (6553 Pardall Rd),3,1,34.445555,-119.7639691,34.4129282,-119.8563995,1,Tuesday,False,False,46.21666666666667,12.12549585286693,Morning,1.1027837259100643,13.371799495131626,0.5427184466019417,0
2025-04-08,13.5,3.1399999999999997,3.0,6.14,1.82,11m 53s,Kaiju Ramen and Curry (Isla Vista),3,1,34.4146025,-119.84581,34.4129239,-119.8573375,1,Tuesday,False,False,11.883333333333333,9.189340813464236,Lunch,3.373626373626373,31.00140252454418,0.488599348534202,1
2025-04-08,18.0,5.01,0.0,5.01,0.99,16m 51s,Vons:3329,6,1,34.398133,-119.7128815,34.40314595353998,-119.72389330095226,1,Tuesday,False,False,16.85,3.525222551928783,Evening,5.0606060606060606,17.83976261127596,0.0,0
2025-04-08,20.0,3.7,3.39,7.09,2.99,13m 31s,Szechuan Restaurant (Cliff Dr),6,1,34.4011196,-119.7200647,34.4024127,-119.7235134,1,Tuesday,False,False,13.516666666666667,13.272503082614056,Evening,2.37123745819398,31.472256473489516,0.4781382228490832,1
2025-04-08,22.0,2.25,3.0,5.25,1.02,6m 40s,7-Eleven (3430 State St),1,1,34.4393804,-119.7378043,34.440708,-119.737845,1,Tuesday,False,False,6.666666666666667,9.18,Night,5.147058823529411,47.25,0.5714285714285714,1
2025-08-08,0.0,3.130000000000001,6.0,9.13,1.46,6 min 53 sec,"Taco Bell, 821 N Milpas St",2,1,34.4184543,-119.6697483,34.4295465,-119.6900785,4,Friday,False,False,6.883333333333333,12.726392251815982,Night,6.253424657534247,79.58353510895886,0.6571741511500547,1
2025-08-08,0.5,1.9999999999999991,7.78,9.78,0.6,6 min 55 sec,"Taco Bell, 821 N Milpas St",1,1,34.4325168,-119.6989896,34.4295465,-119.6900785,4,Friday,False,False,6.916666666666667,5.204819277108434,Night,16.3,84.83855421686746,0.7955010224948876,1
2025-08-08,9.0,3.0199999999999996,10.0,13.02,2.26,12m 21s,McDonald's (6900 Market Place Drive),1,1,34.4293858,-119.8840475,34.4290307,-119.870121,4,Friday,False,False,12.35,10.97975708502024,Morning,5.761061946902656,63.25506072874494,0.7680491551459294,0
2025-08-08,14.5,5.08,0.0,5.08,2.18,20 min 28 sec,Panda Express (131 N Fairview Ave),1,1,34.4391992,-119.8509255,34.4416296,-119.8327241,4,Friday,False,False,20.466666666666665,6.390879478827363,Lunch,2.330275229357798,14.892508143322477,0.0,1
2025-08-08,15.5,11.53,7.32,18.85,7.05,35 min 11 sec,Target (Santa Barbara Galleria),2,2,34.4158583,-119.6767938,34.4401136,-119.7506709,4,Friday,False,False,35.18333333333333,12.02273803884415,Afternoon,2.673758865248227,32.14590241591663,0.3883289124668435,1
2025-08-08,16.5,3.0799999999999983,8.21,11.29,0.8,12 min 57 sec,BEST BBQ,1,1,34.4270827,-119.6992472,34.419127,-119.6984324,4,Friday,False,False,12.95,3.706563706563707,Afternoon,14.1125,52.308880308880305,0.7271922054915856,1
2025-08-08,19.0,8.780000000000001,19.68,28.46,3.86,30 min 50 sec,Bruxie (Santa Barbara),18,3,34.435229,-119.7302116,34.4192199,-119.6999292,4,Friday,False,False,30.833333333333332,7.511351351351352,Evening,7.373056994818653,55.381621621621626,0.6914968376669008,1
2025-07-08,11.0,9.67,0.0,9.67,6.97,16m 55s,Starbucks (Montecito),3,1,34.4270827,-119.6992472,34.42171,-119.65018,1,Tuesday,False,False,16.916666666666668,24.72118226600985,Lunch,1.387374461979914,34.29753694581281,0.0,1
2025-07-08,11.5,5.6,4.0,9.6,5.04,22m 26s,Backyard Bowls - Motor Way,3,1,34.4247535,-119.6339019,34.415181,-119.6944264,1,Tuesday,False,False,22.433333333333337,13.479940564635957,Lunch,1.9047619047619049,25.676077265973248,0.4166666666666667,1
2025-07-08,12.0,2.6499999999999986,8.21,10.86,2.24,17m 51s,"Wingstop, 3849 State St #163",3,1,34.4382279,-119.7326361,34.43951324301522,-119.74909193080344,1,Tuesday,False,False,17.85,7.529411764705882,Lunch,4.848214285714285,36.50420168067226,0.7559852670349909,0
2025-07-08,12.0,3.72,5.36,9.08,5.02,21m 32s,Starbucks (Montecito),3,1,34.4189219,-119.6491644,34.42171,-119.65018,1,Tuesday,False,False,21.533333333333335,13.987616099071206,Lunch,1.808764940239044,25.300309597523217,0.5903083700440529,1
2025-06-08,0.0,3.63,2.0,5.63,0.83,6m 13s,7‑Eleven (Montecito St),1,1,34.413398,-119.6968314,34.41226742768558,-119.6977621609164,6,Sunday,True,False,6.216666666666667,8.010723860589811,Night,6.783132530120482,54.337801608579085,0.3552397868561279,1
2025-06-08,10.0,4.66,4.0,8.66,11.07,25m 00s,Wendy's (5724 Hollister Ave),1,1,34.4303666,-119.7243836,34.4359505,-119.824232,6,Sunday,True,False,25.0,26.568,Morning,0.7822944896115628,20.784,0.4618937644341801,0
2025-06-08,10.5,4.05,0.0,4.05,2.96,15m 19s,Starbucks (Hollister & Storke-Goleta),3,1,34.41123158360512,-119.86119536347309,34.42963227133667,-119.87246797090242,6,Sunday,True,False,15.316666666666666,11.595212187159955,Morning,1.3682432432432432,15.865070729053318,0.0,0
2025-06-08,11.5,10.11,1.0,11.11,10.27,40m 14s,KFC (5697 Calle Real),6,2,34.417430743473545,-119.85865276455183,34.4407896,-119.823381,6,Sunday,True,False,40.233333333333334,15.315658657829328,Lunch,1.0817916260954237,16.56835128417564,0.09000900090009,0
2025-06-08,18.5,10.66,20.45,31.11,5.92,51m 26s,Apna Indian Kitchen (Santa Barbara),18,3,34.438296,-119.6678469,34.4191948,-119.6985613,6,Sunday,True,False,51.43333333333333,6.90602721970188,Evening,5.2550675675675675,36.29163966299416,0.6573449051751848,1
2025-06-08,20.0,5.039999999999999,10.15,15.19,3.51,27m 34s,7‑Eleven (Montecito St),12,3,34.424078,-119.669489,34.41226742768558,-119.6977621609164,6,Sunday,True,False,27.566666666666663,7.639661426844016,Evening,4.327635327635328,33.06166868198307,0.6682027649769585,1
2025-06-08,21.0,3.810000000000001,9.33,13.14,4.8,22m 10s,Corazon Cocina (Santa Barbara),6,1,34.4059402,-119.7306401,34.4234746,-119.7069745,6,Sunday,True,False,22.166666666666668,12.992481203007518,Evening,2.7375000000000003,35.56691729323308,0.7100456621004566,1
2025-06-08,21.0,3.1900000000000004,2.0,5.19,3.3,19m 44s,Subway (1936 Cliff Dr),1,1,34.4100045,-119.702745,34.40229619999999,-119.7225897,6,Sunday,True,False,19.733333333333334,10.033783783783782,Evening,1.572727272727273,15.780405405405409,0.3853564547206165,1
2025-03-08,0.5,3.08,2.0,5.08,1.83,20m 27s,"Taco Bell, 821 N Milpas St",1,1,34.4279799,-119.7211213,34.4295465,-119.6900785,5,Saturday,True,False,20.45,5.36919315403423,Night,2.7759562841530054,14.904645476772616,0.3937007874015747,1
2025-03-08,2.5,8.9,7.17,16.07,2.81,26m 19s,Breakfast Beauties (6553 Pardall Rd),2,2,34.410031666777655,-119.86178711574163,34.4129186,-119.8564074,5,Saturday,True,False,26.316666666666663,6.40658644711843,Night,5.7188612099644125,36.63837872070931,0.4461729931549471,1
2025-03-08,13.0,4.460000000000001,6.0,10.46,3.54,17m 55s,Super Cuca's (626 W Micheltorena St),6,1,34.4365324,-119.7089258,34.4193402,-119.7158748,5,Saturday,True,False,17.916666666666668,11.854883720930234,Lunch,2.954802259887006,35.02883720930233,0.5736137667304014,0
2025-03-08,13.5,15.54,4.09,19.63,11.93,39m 58s,Ike’s Love & Sandwiches (1936 State St),6,2,34.4114977,-119.843644,34.43096606081714,-119.71425888860736,5,Saturday,True,False,39.96666666666667,17.909924937447872,Lunch,1.6454316848281645,29.469557964970807,0.2083545593479368,0
2025-03-08,17.5,6.510000000000002,10.5,17.01,4.09,19m 12s,Apna Indian Kitchen (Santa Barbara),12,2,34.4383476,-119.7195758,34.41954879131675,-119.6986256769655,5,Saturday,True,False,19.2,12.78125,Afternoon,4.158924205378973,53.15625000000001,0.6172839506172839,0
2025-03-08,20.5,3.1799999999999997,5.0,8.18,5.05,25m 49s,Chipotle Mexican Grill (270 Storke Rd Ste F),6,1,34.4498981,-119.8081121,34.4291769,-119.8694057,5,Saturday,True,False,25.816666666666663,11.73660426081343,Evening,1.61980198019802,19.01097482246611,0.6112469437652812,0
2025-05-08,9.0,3.05,1.0,4.05,2.73,23 min 13 sec,Starbucks (Hollister & Storke-Goleta),1,1,34.417430743473545,-119.85865276455183,34.42963227133667,-119.87246797090242,3,Thursday,False,False,23.216666666666665,7.055276381909548,Morning,1.4835164835164834,10.46661880832735,0.2469135802469136,0
2025-05-08,10.5,3.22,4.05,7.27,4.25,19 min 17 sec,"Crushcakes & Cafe, E Arrellaga St",1,1,34.4464822,-119.8013294,34.4353401,-119.812357,3,Thursday,False,False,19.283333333333335,13.223854796888505,Morning,1.7105882352941175,22.62057044079516,0.5570839064649243,0
2025-05-08,18.0,7.01,3.0,10.01,3.78,23 min 30 sec,Taco Bell (1840 Cliff Dr),6,1,34.4103784,-119.7257406,34.4018453,-119.7217806,3,Thursday,False,False,23.5,9.651063829787232,Evening,2.6481481481481484,25.557446808510637,0.2997002997002997,0
2025-05-08,19.5,10.9,10.13,21.03,10.61,1 hr 1 min,"Uniboil Phresh Teas Co. (Goleta), El Colegio Rd, Goleta",18,3,34.430694,-119.8869159,34.435421,-119.820377,3,Thursday,False,False,1.0,636.6,Evening,1.982092365692743,1261.8000000000002,0.4816928197812649,0
2025-09-08,11.0,4.699999999999999,5.33,10.03,6.01,20m 37s,Wendy's (5724 Hollister Ave),0,1,34.4424488,-119.8882922,34.4359505,-119.824232,0,Monday,False,False,20.616666666666667,17.49070331447049,Lunch,1.6688851913477536,29.189975747776874,0.5314057826520439,0
2025-09-08,21.0,20.0,5.0,25.0,14.3,1h 04m,Indian Tandoori Kingdom Inc (W Gutierrez St),2,2,34.41438724793922,-119.86268019230872,34.4223121,-119.7025417,0,Monday,False,False,4.0,214.5,Evening,1.748251748251748,375.0,0.2,1
2025-09-08,23.5,4.639999999999999,3.4,8.04,4.44,37m 01s,7-Eleven (7390 Calle Real),1,1,34.410031666777655,-119.86178711574163,34.4331991,-119.8847424,0,Monday,False,False,37.016666666666666,7.196758217019362,Night,1.8108108108108103,13.031967582170193,0.4228855721393035,1
2025-04-09,8.0,7.03,0.0,7.03,7.09,26m 38s,Taco Bell (140 N. Fairview),1,1,34.4297055,-119.8696173,34.4422877,-119.8303351,2,Wednesday,False,False,26.633333333333333,15.972465581977472,Morning,0.991537376586742,15.837296620775971,0.0,0
2025-04-09,17.5,4.779999999999999,6.25,11.03,5.68,36m 15s,"Wingstop, 3849 State St #163",6,1,34.4011196,-119.7200647,34.43951324301522,-119.74909193080344,2,Wednesday,False,False,36.25,9.401379310344828,Afternoon,1.941901408450704,18.256551724137932,0.5666364460562103,1
2025-04-09,18.0,4.66,20.0,24.66,6.62,30m 35s,Secret Bao (1201 Anacapa St),6,1,34.445383,-119.761667,34.4244654,-119.7035646,2,Wednesday,False,False,30.583333333333332,12.987465940054497,Evening,3.7250755287009065,48.37929155313352,0.8110300081103001,0
2025-04-09,18.5,3.0599999999999996,3.0,6.06,1.39,14m 16s,BEST BBQ,6,1,34.4172537,-119.7018411,34.419127,-119.6984324,2,Wednesday,False,False,14.266666666666667,5.845794392523364,Evening,4.359712230215828,25.485981308411212,0.4950495049504951,1
2025-04-09,19.0,3.63,5.45,9.08,3.96,25m 29s,Sushiya Express,6,1,34.4221319,-119.702667,34.4119508,-119.8574282,2,Wednesday,False,False,25.483333333333334,9.323741007194243,Evening,2.292929292929293,21.378678875081754,0.6002202643171807,0
2025-04-09,19.5,3.0700000000000003,10.44,13.51,1.22,23m 14s,Corazon Cocina (Santa Barbara),6,1,34.4192317,-119.7065765,34.4234746,-119.7069745,2,Wednesday,False,False,23.233333333333334,3.1506456241032996,Evening,11.07377049180328,34.88952654232424,0.772760917838638,1
2025-04-09,20.0,3.42,4.0,7.42,7.24,24m 17s,"Jersey Mike’s (199 South Turnpike Road, Suite 102)",6,1,34.4237685,-119.7242945,34.436867,-119.7899229,2,Wednesday,False,False,24.283333333333335,17.888812628689085,Evening,1.0248618784530386,18.333562113932736,0.5390835579514824,0
2025-04-09,20.5,2.6699999999999995,3.47,6.14,3.0,12m 33s,Hana Kitchen - State Street,6,1,34.4274007,-119.7160809,34.4168496,-119.6958222,2,Wednesday,False,False,12.55,14.342629482071713,Evening,2.0466666666666664,29.35458167330677,0.5651465798045603,1
2025-04-09,20.5,3.42,3.0,6.42,4.21,35m 12s,Taco Bell (1840 Cliff Dr),6,1,34.4279799,-119.7211213,34.4018453,-119.7217806,2,Wednesday,False,False,35.2,7.176136363636363,Evening,1.5249406175771971,10.943181818181818,0.4672897196261682,1
2025-04-09,20.5,4.98,3.07,8.05,6.66,25m 7s,Dave’s Dogs,6,1,34.4164258,-119.7004521,34.4377222,-119.7896712,2,Wednesday,False,False,25.116666666666667,15.909754479097543,Evening,1.2087087087087087,19.23025879230259,0.3813664596273291,0
2025-04-09,21.5,2.67,5.42,8.09,1.89,13m 01s,Taco Bell (1840 Cliff Dr),1,1,34.4125149,-119.7034698,34.4018453,-119.7217806,2,Wednesday,False,False,13.016666666666667,8.711907810499358,Evening,4.280423280423281,37.29065300896286,0.6699629171817059,1
2025-08-09,19.0,3.5199999999999996,3.0,6.52,4.67,33 min 51 sec,Su’s Bowl (Isla Vista),6,1,34.4370279,-119.8137234,34.4129772,-119.857419,5,Saturday,True,False,33.85,8.277695716395863,Evening,1.3961456102783725,11.556868537666173,0.4601226993865031,1
2025-07-09,9.0,3.0299999999999994,5.0,8.03,4.2,24m 53s,IHOP (Hollister Ave),1,1,34.4263627,-119.8856178,34.4293695,-119.8768978,2,Wednesday,False,False,24.883333333333333,10.12726054922974,Morning,1.9119047619047616,19.36235766912257,0.6226650062266501,0
2025-07-09,23.0,6.870000000000001,8.95,15.82,2.77,41m 15s,Taco Bell (1840 Cliff Dr),2,1,34.4270827,-119.6992472,34.4018453,-119.7217806,2,Wednesday,False,False,41.25,4.029090909090909,Night,5.7111913357400725,23.01090909090909,0.5657395701643488,1
2025-03-09,8.0,3.359999999999999,3.66,7.02,4.62,16m 26s,McDonald's (29 N Milpas St),1,1,34.4260186,-119.6810988,34.4222641,-119.6802126,6,Sunday,True,False,16.433333333333334,16.86815415821501,Morning,1.5194805194805194,25.630831643002026,0.5213675213675214,0
2025-03-09,12.5,8.940000000000001,3.12,12.060000000000002,3.82,23m 17s,"McDonald's, Cliff Dr",6,2,34.4085594,-119.7008271,34.402055150618835,-119.72232508382828,6,Sunday,True,False,23.283333333333335,9.843951324266284,Lunch,3.157068062827226,31.07802433786686,0.2587064676616915,0
2025-03-09,13.5,13.48,3.0,16.48,19.49,1h 6m,Szechuan Restaurant (Cliff Dr),6,2,34.41526774013501,-119.85839513278678,34.4024127,-119.7235134,6,Sunday,True,False,6.0,194.9,Lunch,0.8455618265777323,164.79999999999998,0.1820388349514563,0
2025-03-09,16.0,2.13,3.0,5.13,0.94,24m 14s,Pasta Glory (6553 Pardall Rd),1,1,34.410031666777655,-119.86178711574163,34.4130697911331,-119.85637804627962,6,Sunday,True,False,24.233333333333334,2.327372764786795,Afternoon,5.457446808510639,12.701513067400274,0.5847953216374269,0
2025-05-09,8.5,3.5199999999999996,2.0,5.52,4.19,23 min 42 sec,Santa Barbara Roasting Company,1,1,34.4217036,-119.7073816,34.4151156,-119.6943257,4,Friday,False,False,23.7,10.607594936708862,Morning,1.3174224343675416,13.974683544303796,0.3623188405797102,0
2025-05-09,9.0,2.460000000000001,8.0,10.46,1.24,23 min 28 sec,"Crushcakes & Cafe, E Arrellaga St",1,1,34.4329882,-119.698974,34.4257107,-119.7052518,4,Friday,False,False,23.466666666666665,3.170454545454546,Morning,8.435483870967742,26.744318181818187,0.7648183556405354,0
2025-05-09,20.0,3.4399999999999995,5.0,8.44,5.6,20m 57s,"Jersey Mike’s (199 South Turnpike Road, Suite 102)",6,1,34.4335058,-119.7471141,34.436867,-119.7899229,4,Friday,False,False,20.95,16.0381861575179,Evening,1.5071428571428571,24.171837708830548,0.5924170616113744,1
2025-05-09,20.5,4.98,12.05,17.03,10.34,40 min 6 sec,Corazon Cocina (Santa Barbara),12,2,34.4428583,-119.7433588,34.4234746,-119.7069745,4,Friday,False,False,40.1,15.4713216957606,Evening,1.647001934235977,25.48129675810474,0.7075748678802114,0
2025-09-09,10.0,4.11,5.29,9.4,4.71,29m 9s,Chick-fil-A (3707 State St),0,1,34.4149116,-119.7134866,34.44029719326225,-119.7429107309353,1,Tuesday,False,False,29.15,9.694682675814752,Morning,1.9957537154989384,19.34819897084048,0.5627659574468085,0
2025-09-09,20.5,5.640000000000001,8.78,14.42,3.68,32m 24s,KFC (515 N Milpas St),12,2,34.4267969,-119.714442,34.4265852,-119.6860595,1,Tuesday,False,False,32.4,6.814814814814816,Evening,3.918478260869565,26.703703703703702,0.608876560332871,1
2025-09-09,22.5,6.25,0.0,6.25,2.12,22m 02s,Eureka! (Santa Barbara),2,1,34.4248029,-119.6858394,34.41881513514415,-119.70021517696546,1,Tuesday,False,False,22.033333333333335,5.773071104387292,Night,2.94811320754717,17.019667170953102,0.0,1
2025-09-09,23.0,33.5,9.0,42.5,16.99,49m 10s,Jack in the Box (501 N Milpas St),2,2,34.43259835990878,-119.87276185977151,34.4262994,-119.6856795,1,Tuesday,False,False,49.166666666666664,20.733559322033894,Night,2.501471453796351,51.86440677966102,0.2117647058823529,1
